X1,X2,X3,X4,X5,X6,X7,X8,U,time
0.030471707975443137,-0.10399841062404956,0.07504511958064573,0.0940564716391214,-0.19510351886538366,-0.13021795068623182,0.012784040316728537,-0.03162425923435822,-0.0016801157504288797,0
-0.08530439275735802,0.08793979748628286,0.07777919354289484,0.006603069756121605,0.11272412069680329,0.046750934225204564,-0.08592924628832382,0.036875078408249884,-0.0958882600828999,1
0.08784503013072725,-0.00499259109862529,-0.018486236354526057,-0.06809295444039414,0.12225413386740303,-0.015452948206880215,-0.042832782216310726,-0.03521335504882296,0.05323091855533488,2
0.4031726460179709,0.25966442811815676,0.16318646726698316,0.07975802768877976,0.18207258365654197,0.1273880647904092,0.49797899543131474,0.35084049870897854,0.036544406436407835,3
0.34880639546367204,0.3333908538467509,0.1649551989146919,0.14045770478427033,0.26317762221200564,-0.009055005044420278,0.43406182559374906,0.3134776478580936,-0.011394745765487508,4
0.37929136849222306,0.09322275691001294,0.12431606224638043,-0.08782679078208974,0.14706177624590597,0.10581942228618253,0.7638305021869956,0.7130551305492384,0.021868859672901295,5
0.272444647359956,-0.09205424061115511,-0.39118736842667423,-0.10009767474835421,0.20961643983993447,0.5062708264200765,1.0276617625867663,0.6899792581653288,-0.04703726542927955,6
-0.36252392269640304,-0.7781953648038851,-0.3891152768675014,0.06183304040958573,0.648830551804848,0.7227951671953203,1.218891384979902,0.7425314187003879,0.05862223313592782,7
-0.7618305643087502,-0.8475393331636736,-0.0094251758333051,0.46801281236127734,1.1134021848233946,1.033492905123578,0.9083797757333972,0.2728304831196902,-0.09194522860016113,8
-0.7184141817858842,-0.3966967672196297,0.6014815206807288,0.873939095257717,1.3203885579314203,0.680746121331007,0.25842101754757335,-0.22980287848375058,-0.06619259410666513,9
-0.4324839646106872,0.17868535907228558,0.8180997067147449,0.871095501119264,0.7179690564867037,0.35673294018499047,0.009418025638720628,-0.311004439353696,0.06653851089727862,10
-0.02685388566749021,0.6737257619299477,1.0550736833822283,0.7813138789437839,0.5541923330011417,-0.07651737622966961,0.16187708590121255,-0.17717569676170558,-0.09054790553600608,11
0.6632618021365866,0.8962589298532443,0.9258465129138658,0.4666671347388237,0.12530315499113545,-0.14655652565668303,0.3109172849116315,0.1599020471951363,0.08403081374573956,12
0.7982490439175234,0.9297364369775529,0.8012520651789412,0.41970535237119744,0.26518529689626236,-0.1306079011310906,0.5553245245843927,0.7930146482464187,0.002185214552344288,13
0.41131085705598464,0.6447579165894266,0.4070180517558261,0.0743732595591283,0.31918175794122544,0.08586094928718022,0.7351912513816756,0.6864535795872899,0.1463302891219562,14
0.3110097122997823,0.29257243805324396,0.17908779277792186,0.24257214896155557,0.8136597222392761,0.4728963938725419,0.9556342406391451,0.7725828121993922,-0.10155790812075416,15
0.194778937152653,0.3338333555035536,0.2428906934747888,0.2938350614571302,0.5698979448802874,0.27180662753147017,0.7900804881012746,0.811492792218437,-0.08129410953103261,16
0.37366909378649893,0.2972630289917028,0.02889868067831247,0.09256787768336919,0.5064183748918496,0.4109555181262822,1.3068804704731152,1.0758591199695056,-0.04863079090733309,17
0.38094554820888676,0.012760558048972455,-0.06244141143390439,0.1065547162943529,0.6889362070445479,0.6264839774879344,1.4934228208280982,1.2426878586027028,0.21284697324351645,18
-0.004504907766522893,-0.398909172740108,-0.12612858802121596,0.37517546150024084,1.0116689310981672,0.9898739169882019,1.385729168182026,1.1010051581413234,0.04460722014820806,19
-0.6702509126667451,-0.7059398927755295,0.2685343737986593,0.8248415655495247,1.4334149287920293,1.4350732407227902,1.1309804980181732,0.8029435498204941,0.13060017417068248,20
-0.6028588452613347,-0.13317289530133686,0.8410316672546837,1.0896192584721094,1.5298164156281606,1.1220113537763126,0.49604337546762856,0.5398189638165131,0.16509279322312498,21
-0.4982576251165084,0.4411188687791584,1.3938444949480635,1.3526173175142049,1.0609475502202599,0.8654529474070032,0.27058176021785346,0.13903207509554488,-0.0005121866720071296,22
0.24390365053490629,0.812522392787974,1.5035723868173085,1.1567674023445336,0.35696089809526965,0.41069927511207527,0.19549025764366093,0.24185863177213252,-0.1218813060423628,23
0.6719343890563534,0.872829602149412,1.3311266675866178,0.858286230002949,0.2301067276481047,0.12007565294301896,0.6042080642477189,0.935797155742774,0.05381154370039261,24
0.9860511684269706,0.9601446449360407,0.7647713020835782,0.47345930072353476,0.3095695037412539,0.2464175130752146,1.1899708518751486,1.371807329329261,0.022822833013890514,25
0.40968825305329626,0.7718080049656091,0.44878386130791864,0.3961460287647096,0.5301311128667893,0.5222519513732421,0.9858838842187255,1.1431817054990854,-0.07290838377436086,26
0.43409618344062834,0.6043500764133891,0.4796239042757821,0.6592072766971013,0.9337155466995182,0.5235447468578992,1.0549452140569577,1.4183548229107825,-0.14670452453909907,27
0.5742687654851062,0.5418596031478979,0.466578675743206,0.48089758204223887,0.6395090346340498,0.7236194737792839,1.227133011517893,1.3233001662836388,0.17286976444055924,28
0.5966338681686968,0.6080958344578391,0.3721064046472629,0.3713826059740205,0.7424726807874424,0.8050819182335076,1.323193458207009,1.5921515786812168,-0.026638749000895513,29
0.4852740081065559,0.1775177387498514,0.014398812347801382,0.2632534623245375,0.9911807012923254,1.2860935261896937,1.645766684644341,1.7367249808832415,-0.07215580335428474,30
0.04496267993745354,-0.2045112520142491,-0.07120340412791615,0.28607962724634917,1.311727239796641,1.5704115225759818,1.4080133218917612,1.6681015423428396,0.02627492251471385,31
-0.4127157421679872,-0.4202770279033906,0.24371001030870604,0.6288570723073255,1.8654497886307313,1.699700620927048,1.2880165687651455,1.194720420414651,-0.0292171185803555,32
-0.7092220892362914,-0.0944015098680896,1.4695546546408054,1.5260896210129258,1.6418228446674257,1.6930651073063279,0.876022022699576,0.6009807255159851,-0.037191458132128985,33
-0.258521443111133,0.5412250699237756,2.2908103663048385,1.6476320552915569,1.2315605907535219,1.2579359218166235,0.4716562679815755,0.7538541237206393,-0.033445617235587664,34
0.2508320036906003,0.7056911092425131,2.035327795791324,1.4361617527591222,0.5418933150913017,0.7780674143359576,0.36777898721881497,0.8486069237920418,-0.029657095353470837,35
0.7806702379993349,0.9374441784598656,1.7931088615774795,1.0746173436295874,0.2796925096502297,0.5429745968202692,0.7223533793069454,1.400023389334865,0.18206461576468017,36
0.6521127539833751,0.6549172426227141,1.2965997801390794,0.9743039224613022,0.534424760187582,0.6246278203914374,1.187067555673217,1.5598700354832176,-0.1013717366440399,37
0.9846446620453075,1.037101938721951,0.7106791096851832,0.7094131400711752,0.5990178936469741,0.6921947157472581,1.6527469997700344,1.758024487427299,0.007203357323257793,38
0.6413203095619684,0.7499910788477118,0.8319998059360674,0.7565799015646852,0.9245945293081214,1.100070460302267,1.6090844741908494,1.7093127686489757,0.0846583985843404,39
0.7265742465444618,0.801503749893747,0.7731032096474956,0.7126935406334605,0.8287320887541894,0.9000321079752687,1.478685750665696,1.874482554371784,-0.01525225324523588,40
0.6136677473505185,0.7827025433327284,0.7417223896823031,0.5906721384160223,0.9086362808532593,1.203607464235645,1.8391370377317702,2.0889542390919558,0.08443851904853202,41
0.6181240779766255,0.43945740321028537,0.07556466281518404,0.2886083888440648,0.8796042817862739,1.5677317637826895,1.870747605857437,2.2207090454473293,0.16042543615171412,42
0.13003285328852993,-0.011946859804622581,0.2223483425904953,0.5845019530912946,1.5650302021694498,1.6066573307568994,1.7408732490813783,2.136864971554831,0.0524187842812771,43
-0.2522160510017505,-0.22115659736988114,0.7702494278877186,1.1055118922612144,1.8829731902290543,1.973977043429813,1.7742210662994173,1.7448210341240336,0.07601330853758538,44
-0.4624176847805709,0.13251820527940683,1.4118635399655879,1.5269146322236764,1.679360783213383,1.6810240487844939,1.3082442727185104,1.2486113396602376,-0.0265838791915379,45
-0.33480786350752945,0.5509325142552703,2.7803357201627747,2.010438416244255,1.4065546377165936,1.5774733745024019,0.9454372302032201,1.1253636961539946,-0.028488406638257475,46
0.1210020160631603,0.45451880394297467,2.407982453306224,1.536348075069729,1.072130751780086,1.1194675228143325,0.6839785797991192,1.1917001622666952,-0.14805365125650163,47
0.7313470911972904,0.8737542630148941,1.8936503133211784,1.246017701302229,0.5980879044603695,0.8491698428292161,1.2075338212694557,1.555544689344539,-0.01310866506877266,48
1.1642396706872398,1.0696007326638652,1.569090707979929,1.2201480833428735,0.5515555122290894,1.0174632330446574,1.7127094146606754,2.1197672894937765,0.032866200228248106,49
0.8259511444824902,0.8448223683182174,1.3412893818755318,0.9243010015188071,0.8133427043415921,1.4662165963331089,1.902007897167486,2.224402059674402,-0.013113753020334493,50
1.0042265220742603,0.915370318247578,0.9145730150591179,0.6677012038096948,0.8651527363651258,1.1942665553724663,1.4676513487691065,2.2472623167640067,-0.0025862847953856405,51
1.1032907295583363,0.9774915071746086,1.0604523514843551,0.8845516551443244,1.1629877176300814,1.3251778925380773,1.7831107417405274,2.2639821128848596,0.11059933699072982,52
0.8928666147458497,0.9350420679113376,0.8323672606312655,0.6492341268036906,1.1654628519340953,1.500236040241521,2.160170964314446,2.498924220190147,-0.11419382261424041,53
0.5863493753933267,0.6982794492754161,0.41220122452707875,0.5459386102017919,1.4179382759441739,1.863335218927978,2.057267163502776,2.7060783379002773,-0.07794823967254197,54
0.047079087695683385,0.11133880643878936,0.5602301486076801,0.907368132631604,1.6122082760019256,1.9985864749077653,2.1989921441355844,2.420494520093295,0.09355471254651493,55
-0.4162710589882783,0.037046383543100886,0.9066897677477495,1.3824617897853018,1.9600526334198387,2.447932796863167,2.3185487149202575,2.0171871786066506,-0.2964528837841651,56
-0.5525837353656109,0.23943825211699443,2.522403853421261,2.009428332253408,1.880051786416771,2.307162687700712,1.7625857385742343,1.8257370034653628,-0.00861006518210485,57
-0.2003881414351255,0.4523025659466078,3.0969418362871566,2.0960258221617525,1.7535611258763055,1.7604511900864113,1.3938309713305952,1.6231736833849002,0.1335784336320233,58
0.07497978973842497,0.42493642437759926,3.027978290265926,1.835379688590481,1.2682888300367479,1.2425331136584232,1.135201338874044,1.7345366314196267,-0.09411220959249583,59
0.6918188630855212,0.7297661516518656,2.500763940191701,1.5985751918131705,0.8379611292967313,1.2517472515651136,1.4946291649886867,2.081573972773771,-0.1686468151234102,60
0.7723378863837894,0.7405189550086664,1.8879105741105509,1.3474866958289369,1.0304275475415137,1.44138364821196,1.8393208173097386,2.6137690367501074,0.0662665970385484,61
0.9255625757362639,0.987971131460658,1.6231354482585,1.0856829217806956,1.0394501547680743,1.6519480562775037,1.905754314083763,2.5416780399377634,-0.12444717876010754,62
0.7787222774570501,0.9931619587852845,1.4388300251637702,1.1969361849966478,1.264528196331434,1.5684105787618583,1.9248151033604137,2.728767422316354,-0.0652916144664712,63
1.118396143885584,0.9584059998064468,1.293647255288157,0.9520487236830227,0.9292205611637049,1.762231149957017,1.9756384795700392,2.9730429685786355,0.13361861000121708,64
1.3483315224380505,1.2128495386310072,1.0368841839024505,0.844660822833967,1.4412118099573952,1.8614729028099863,2.0818886841008513,2.9705020585021518,0.1997296530747994,65
0.7958010939825646,0.7249660430084371,0.6557929162909584,0.5659472042616885,1.5208028085144298,2.238036824072003,2.4161945604015473,3.0831320030042213,-0.1281069206845832,66
0.21056806008624185,0.27610930161668257,0.5796841994625741,0.6704837539625728,2.09688924203144,2.633960322653857,2.7228146704158176,2.965263887038012,-0.06275875364369198,67
-0.31786971294845884,0.33762877844250383,1.2433090223928733,1.5276899736118996,2.527314103801306,2.636180904690749,2.5755119849223287,2.650096748239708,-0.14237344353990602,68
-0.6297732575343963,0.3339664578708692,2.8067713391594777,2.1056152408039224,2.1267811049900365,2.6474437152299055,2.1637246142746913,2.257685027466935,0.0032107673970934664,69
-0.06413965686034971,0.23766958943544925,3.5552122213389863,2.3153005341572914,1.8824562548991846,1.9710209572136115,1.7588954095868192,2.386871220369315,0.16109369950118946,70
0.4255198919547013,0.949456460765987,3.3743940923728264,2.071265275595191,1.565260420842174,1.9643775190710595,1.555763172812922,2.161249521732919,0.05245073752860862,71
0.9718144629382797,1.0326707111425883,2.8900059045352204,1.7551348696289897,1.3192924024743788,1.6122526407295934,1.855330289667494,2.669930584361287,0.016439070297730226,72
0.8192734453384148,0.8445660986831205,2.203322968163111,1.4538885288697319,1.0774692742925747,1.6025455832141178,2.0190517541453965,3.159532681716459,0.017739611463694044,73
0.8533725247067887,0.7556053361302937,1.7016836086692149,1.324187510585305,1.3588394897132348,1.7220441092456755,2.22025818929151,3.1457729255032216,-0.1615658339320678,74
1.2600561758838817,1.187438962178055,1.9386380659701143,1.4749226108987745,1.4133042805374685,2.111993618829565,2.3498525307551557,3.427264195354661,0.03493506225604296,75
1.1135860521922913,0.9584095107048414,1.7715116173331817,1.2931139042832407,1.2746186590224782,2.2357231602027827,2.427975690082437,3.2183318779280294,-0.043540747294396234,76
1.1534839186494978,1.0987443304680193,1.2966035783924725,0.9309190184072541,1.2759055874306782,1.965892464740379,2.506984720498015,3.336775442005546,-0.2251777290619047,77
0.9151013470842881,0.9359965470526642,0.9692098056667187,1.0411559544513824,1.6522622413755288,2.4191808136851427,2.9854195596957327,3.608556151559066,-0.10308137202711538,78
0.254949620744903,0.5068862779647998,0.9622787073864519,0.9930704356145215,1.9525698671801262,2.8965986729838473,3.136480526777334,3.451941395402599,0.0701663648089567,79
-0.23995817021436755,0.45176088014510374,1.921054754036187,1.8440635374711474,2.470077945438632,2.9747805007264687,2.9818343392186555,3.244730861666983,-0.009617893692333226,80
-0.2957075286618278,0.39455344989560187,3.2809605636389003,2.4083635421351746,2.3681725792529806,3.015203967776325,2.8269659154054563,2.715267530147895,-0.11195358752705263,81
0.0276427085759499,0.5771239856438151,3.8806653417374326,2.4109109970372726,2.1854602318749508,2.6434772706018306,2.512026212101628,2.274133254945401,-0.161987199439177,82
1.3567474685401126,1.32350143694152,4.1506971920897815,2.3296727145603073,1.8505436719350827,2.120254150043536,1.9802454227717325,2.753231070944818,0.0516297572101451,83
2.0198802064547308,1.5043737476571175,3.6450383856210697,2.1700781729967376,1.627412080972912,2.0339244765304945,2.160188312685468,3.2364954732097706,-0.09208503978091276,84
1.4307997082229773,1.1350411420804953,2.6783011419202762,1.62795107638371,1.5323716582514497,2.003757752367094,2.3533712757649123,3.4580076522220677,-0.17836111297141835,85
1.1479165298027176,0.8310031083499597,1.6805146895514373,1.1457423911715745,1.514411475871629,2.378217673877616,2.517165311133814,3.654815872837735,0.0012053180601825544,86
1.161368936147937,1.1164803837075565,1.7375727754123655,1.2984249542517219,1.8139337451924684,2.4376445425137825,2.7798508881403783,3.689218705703755,0.08942133285134096,87
1.377161513178294,1.1981988333582883,2.2062675930457116,1.5668754580180022,1.8108435588520397,2.4336172524235966,2.664319659162075,3.8185006860747532,0.051122181454753474,88
1.0551870885516699,0.8746517367115454,1.6252155825400765,1.2858259639219056,1.6490570382182703,2.6866611771394995,3.097531527221228,3.9747891833864055,-0.10836988273580606,89
1.022857950461597,0.9142203342237702,1.2453604477152473,1.1612176696584648,1.7635766781276287,2.826380921155577,3.509893054002954,4.065467761493515,-0.02020832453894041,90
0.3678136808513396,0.6434172205533177,1.196398317704136,1.2412797195464462,2.0881177347763202,3.1614597231467347,3.884023509343969,3.922886851698782,-0.11394290010915747,91
-0.04584265956688857,0.39195789160745165,2.0852617607557558,1.8577497424968623,2.5972374955590096,3.6405881898971586,3.8139182813301655,3.39050843942658,0.12141898289285016,92
-0.15636744669479896,0.3727170445486014,4.107991265574734,2.775121167833727,2.6885018089504142,3.5108361072963596,3.517093997872365,3.423370566587802,0.14274852836845048,93
0.4195451602888614,0.9290497739964579,4.827082076323432,2.8048214607878705,2.7334540542383476,2.981604548303216,3.004431076427207,3.2319440665455414,0.31788536793675354,94
2.009974205170409,1.6040512062459527,4.444958690875003,2.591962335069288,2.445935129619862,2.2854123276059295,2.7078655164306635,3.286480121005665,0.0013985221865292462,95
2.353167093021346,1.5825626486879465,3.9696378924667624,2.289766145407389,1.8523316241595447,2.3089755392328333,2.4103713859708398,3.722053774710129,-0.06935061645722808,96
2.0473311479134395,1.3965117531781406,2.551049445065656,1.5676167375973764,1.6686276196155463,2.4905099188381623,2.673053384523502,3.8050823915815295,0.0063002368334699735,97
0.8818376178282357,0.8226395131229117,1.889068604562899,1.5102442053985359,1.955248326667762,2.727410210144603,3.0360249354958158,3.9580284530046987,-0.11111049009175583,98
1.3764844854088742,1.2666752979743998,2.0134384302730686,1.4863122015017525,2.0425766830771064,2.7620486716211183,3.3235316158141166,4.076417321508833,-0.05577288874952148,99
1.3110040564481737,1.0600803985464498,2.7422929505303344,2.010684646185388,1.8530700752327383,2.964713326888036,3.3909536941338705,4.265375984631095,0.03896917053200022,100
1.2671879720141888,0.9899483795462882,2.322213470157388,1.561105472180829,1.6878395651752947,2.973486274844005,3.7718197512870932,4.345413985076395,-0.10762452003187682,101
1.0894034644223802,0.8860015138693843,1.5559946741578234,1.3351942225065208,2.003275006423124,3.150076169664291,4.023636876985242,4.469970248015502,0.1363428712085699,102
0.6103859160258092,0.7059720534182117,2.057363179493497,1.703768630282925,2.5438206785973447,3.63826934246377,4.343836977808838,4.482146777232762,0.04137923171902139,103
-0.03933484776563845,0.408591058555643,2.8371891617860205,2.1983507866044683,2.821702312330511,3.9310412335585165,4.495539152248415,4.046227306661312,-0.1150864509185567,104
-0.35050962349928055,0.27718013945695813,4.024732455171364,2.6016110420911205,2.629417174750858,3.718618659528413,3.7298892486770914,3.6908045987584033,-0.035569831557103464,105
0.26069331725795203,1.0200499137060286,5.7466923192777895,3.134770934499562,2.973526293132902,3.4689967925159286,3.511456008774767,3.627686157678849,-0.07121020418789388,106
1.8233120649621444,1.5288549360997545,5.553832523276368,2.9931588559914366,2.8098287869368845,2.813525813742393,3.194152931665293,3.7249307911515226,-0.010972745169429012,107
3.372630317829364,1.8481689299992632,4.39090160465142,2.524873398964936,2.556169586716277,2.6055111508479616,3.0789689579361417,4.212713995316555,0.022312201840616615,108
2.594797860721454,1.6508451866608753,2.8744821325742036,1.6870681170433215,2.1416194432781666,2.88918049330172,3.4687860494830765,4.441445071563382,-0.15307152572567065,109
1.390230086164359,1.0594113744281306,3.2747267917175975,2.17927558796026,2.0783733736214076,3.189999330578324,3.9353243829030946,4.772511181224006,0.08705556094197266,110
1.3143929565136843,1.0812877915379462,2.761446046025683,1.894928524321461,2.2041468261997603,3.1117759981197777,3.914985068429759,4.639679790309712,0.0823753131876182,111
1.2357279325171509,0.9328266895109885,2.3700050090742515,1.6891837818773587,2.0473484968964297,3.310116195291734,3.89114915667362,4.785834402645149,0.07562481636298062,112
1.15015971639879,0.8665677815501938,2.6108353846876917,1.7642204445930871,2.1283388009644106,3.311915602098263,4.397308436206477,4.894990187410725,-0.02738505055462372,113
0.8380279030379684,0.7660683522341692,2.1217223372260383,1.6794781686109796,2.3458848380899475,3.701329922775601,4.654242139124995,5.01762872631256,-0.2180210064489474,114
0.5532468987847893,0.615177516384761,2.296910940302758,1.7752075125255433,2.717375538218282,4.0782355383444155,4.930925462152029,5.069455868019084,-0.0001392651443348899,115
0.003640264769565183,0.2802502450924973,3.363368807699784,2.491378268610099,2.987128542606118,4.258703816045997,4.820100486032961,4.462693315835848,-0.07623234580276522,116
0.12322936032214024,0.3718572006263722,5.113451659906374,3.043555223023636,3.4294700001276484,4.055314327288643,4.563697922937568,4.097517903635117,0.2445130145058917,117
1.093693843170737,1.402808423773055,6.493089757078911,3.3799426546584685,3.428161655826306,3.5986795766355058,3.947736615116832,4.092802597453257,-0.04564711442247224,118
1.4213073511198293,1.2924154928598026,6.719199506308868,3.3049000176128143,3.347482154183087,3.1078212222045933,3.638930163250576,4.150391466517226,-0.11146169630679269,119
1.8158379299948404,1.3046802785143738,4.513274150021216,2.4992825745905463,2.9453735720908303,3.0758615624780874,3.8022542712340655,4.616629876842777,0.02437524804016479,120
4.228528214436126,2.002685466148571,3.562785710836451,2.0886904701864477,2.384875117785155,3.2912350734226554,4.060952648476606,4.882778540902387,-0.02767000900857134,121
1.7964460403949596,1.3413398827997358,3.1478136211798593,2.0582394739959815,2.4056974438271186,3.4799284611389933,4.50410447794288,5.232388506405317,0.09736635113440902,122
1.4027457875860025,1.1250300493756318,3.748318050601518,2.402063100580277,2.3995051987542553,3.661963133671952,4.628584831099804,5.199322221148066,-0.0794599455125055,123
1.834966937332269,1.2949944525304802,2.9536279308141893,2.001500247511851,2.5141758629289535,3.4270230012296525,4.71050477531603,5.205033230828406,0.11336804787567017,124
1.5178407856515121,0.9942821879203696,2.7207839665940226,1.8445038320044993,2.140256014935428,3.61353845496126,4.79921696933963,5.585936846568877,-0.02701551293370962,125
0.74950496614789,0.57965702414172,2.592771550917457,1.7484028416729194,2.502993039259843,3.9604994789387926,5.203637031910195,5.693401688682872,-0.016493777539621862,126
0.6291224574653257,0.5000508007365643,2.7969945022230953,2.089352722649132,2.892408790382637,4.404976394222911,5.512855985209562,5.433332788230319,-0.05431708310561139,127
-0.022230579808664046,0.12891109940451123,4.088801086111744,2.867850549214257,3.362080124163355,4.5755056819746684,5.297827217472795,5.008689520266214,0.027264526343212882,128
0.016211810651543312,0.7602059288179247,6.509714427306152,3.493616096804259,3.8064788995223444,4.3018142826588335,4.5807319206842,4.591494974468581,-0.03632606475688056,129
0.5143958087327409,1.0348137316438804,6.561756138358257,3.4142713770049737,4.079519894487359,3.864919562951232,4.383203813465206,4.244520449059083,-0.11492039971882942,130
1.7269051031908522,1.4175906089402333,6.7582136450758785,3.4165227499792024,3.7055946416479957,3.479087851216287,4.363100188058086,4.5748949457201045,0.041747195874201455,131
3.027518092967082,1.7677565851235992,6.03390014534723,3.0645232868691137,3.267767414352369,3.5304209912087425,4.5124035671529015,5.110578303275536,0.06129653804745991,132
2.779996610328027,1.6672342714015864,4.143997184415769,2.3626027476545173,2.9418523900493296,3.439487734801922,4.5916921406943265,5.548135153803886,-0.09265331111571506,133
2.247191753353901,1.5774059937046505,3.999986567048712,2.4477809343718864,2.793811120278797,3.8082696505462863,5.107550961310383,5.441231523706548,-0.07123370644127087,134
2.4760168156100084,1.5678686228575631,4.040902540965748,2.434093955446585,2.9524295188719303,3.753687407273555,4.834268218744696,5.3474845026089195,-0.13780092768478663,135
2.0722228190856016,1.4610990505392807,3.635795570925858,2.3037476629785454,2.83738393276729,3.828220986949744,5.190493278382968,5.702345157155874,-0.09008969953045752,136
2.176979025989773,1.4473526376350232,3.5305388909326956,2.2002515731608066,2.7517262865172785,4.000586600111605,5.269589461948547,5.9339868327150915,0.008650554192146179,137
1.3627376568602112,0.8455691260648579,2.531816275314709,1.8005072907470034,2.778411331060875,4.323575357901739,5.784487132664861,6.056157952768174,0.16835862095380227,138
0.7977162992446621,0.7938326739792925,3.064933074796487,2.246156797535322,3.1566305451258407,4.645128522219362,5.850471671289742,5.904287623193736,0.15167926571392482,139
0.29183044278855974,0.4433229283930071,4.006820291753222,2.7182916998726414,3.6825876578454975,4.879728603983806,5.631236843790545,5.580013351656756,0.09993363324744892,140
0.3695874305694504,0.8229088944879788,6.131042279442493,3.3660766809885825,4.1410229274428145,4.722835616905007,5.145664499138044,5.284140893823556,0.05935546949055667,141
0.9554781084611093,1.3190228042553531,7.903284944714459,3.868217967523769,4.124147068616556,4.107643220296087,4.770466193846133,4.946482152734761,0.03636981503429628,142
2.9340594882184408,1.7812542350424305,7.213888382471544,3.577251135972065,4.047555141285073,3.936079675390758,4.782909579927829,5.371870086740205,-0.0023233710850366204,143
3.0560834613984564,1.7624888080869863,5.650842400153131,2.8658059374220497,3.6703486346482124,3.6931347946292106,4.772490786220723,5.461934939021708,-0.15756193271706154,144
4.015090661312781,1.957157714904425,4.822786499165806,2.6440794874718976,3.131554064534991,3.653942420058235,5.291904510259819,5.725605273571306,-0.24807085099845416,145
3.9569618241894498,1.9338577301755553,4.835869160366704,2.8669225199440707,2.9813196140882616,4.17612298038999,5.355762978622495,6.237527982470807,0.05654604191690931,146
2.9396858998835698,1.7490625505735709,5.244582890692561,3.000772141501288,3.183102818388523,4.262516687053095,5.57843785123872,6.024952746102633,-0.15628843453398497,147
3.891540518171071,1.9308645380054106,5.479278131191231,3.0337362708948294,3.4393277266530524,4.4318351969354435,5.575352915602828,6.219170026134847,0.087654360408152,148
3.928969814008906,1.9125882760461366,4.059455390025273,2.570776320299168,3.602171646667736,4.254688364023508,5.651353480281807,6.437130128746444,0.04277963982471328,149
1.8261155336764834,1.3004897579358345,4.199033436288684,2.7626683009539983,3.441579279654012,4.712039415688352,5.9431744592412254,6.577706522460239,-0.025288144631783128,150
1.0844229371111478,0.9419053366668423,4.316384922708342,2.859585888540857,3.8405102830037356,4.904346764099257,6.179121224952715,6.3642216321160365,-0.025396267804778105,151
0.6906659711521674,0.9750400138331379,4.170961992166672,2.703445287248579,4.310987004983841,5.367356476823406,5.687421341719084,6.1548515149054,0.1245634960171873,152
0.32884468199662736,0.904059142290661,6.537877600688718,3.5255305045780045,4.108629750127147,5.242933476880984,5.31141952904348,5.624997203638041,0.017726136694885573,153
0.9603278210113756,1.2971458318536717,8.535157422742143,4.06893499481221,4.634776663127916,4.593122413545991,4.826792013382944,5.370605366358509,0.12487577724105066,154
4.52682474188156,2.124001731862725,8.50330610797513,3.983303055281415,4.256675312995682,4.336663671876462,4.966002751759637,5.777778684859309,0.18623175613948803,155
7.2952996919472035,2.526534087691469,6.788128593683459,3.363665823230158,4.048982962592323,4.214844728250391,5.287779958410007,6.112367566770101,-0.058065140274558474,156
3.1089267368981552,1.6829968104034474,6.282459274976956,3.2942152599091408,3.8658209266554198,4.514669209186687,5.5235353007376204,6.5729954854178025,0.12609373235629845,157
3.298216750513572,1.7672499059156181,5.789525340197054,3.169850711437275,3.9027802466823953,4.407374181114002,5.756357263860192,6.66790148220146,0.03905305963195172,158
3.215780416384436,1.7394317653913243,5.1077956562584745,3.001791554964539,3.8221138625332514,4.61691816585796,5.68220770059711,6.4174427313829865,-0.09289891671305796,159
5.548738725224316,2.241467914966866,5.787730338866919,3.10039580912295,3.6787101977995413,4.749756264409036,5.692553322490164,6.654278714335742,-0.0664626000063131,160
4.606559394509856,2.050217337135612,5.216965555270624,3.031583540043002,3.6732949917740276,4.707405652553904,6.036559167750546,6.804940944246487,-0.05932201848703592,161
3.0916931125743004,1.7299943550584378,4.149650418820567,2.565861063649523,3.73446046172312,4.9643155901448575,6.421554356655509,7.108548171958843,0.17853183942247275,162
1.187674843156128,1.1331296935783837,4.602533251398018,3.032622071024167,4.0603830653129,5.448616210364867,6.197365098784115,6.700568296084781,-0.13602583662893272,163
1.1219391430250452,1.191954837491277,5.939919476595794,3.436919501904458,4.723498618722177,5.815029637771257,5.940710810495668,6.42294140369032,0.20959987502254396,164
0.43924114624785465,1.0856861699687737,7.071762486628289,3.696063906256735,5.14634935847571,5.513166883173075,5.3023695151701435,6.129143750839672,-0.08094863188927665,165
1.1398045904311782,1.2347388939808648,8.123875964140323,3.878703341319803,5.1344834356599725,4.929696211860391,5.123220662807091,5.792780250789558,-0.03536147416136444,166
4.515919359893626,2.105689790101285,9.52050966324552,4.280237219094984,4.688448064122327,4.428389786143499,5.283925903405636,6.122719093421983,0.03302899456165919,167
5.39662793191272,2.222065999615812,7.531774744433164,3.613518302816413,4.240379677628609,4.530699043218702,5.485470623195081,6.374822818930377,0.08956052433143456,168
3.087003543760197,1.6935043894722033,7.098344823822681,3.5600814481502927,4.286413901881756,4.609295577152902,5.914925219762764,6.7524207196056425,-0.27496760196305753,169
2.379820099481797,1.4763191702770513,5.536164605068993,2.964069990975525,4.451100751730377,4.742035733781628,6.216222891138029,7.044491048840381,0.05553602285085755,170
3.8808566414746664,1.9084485766973982,6.431974737972828,3.4136682928936017,3.991940677076185,4.976918843575291,6.206966159486667,7.043759615631936,0.15163686467253362,171
2.962298153143351,1.6629790319414137,5.288192702592047,2.9551617393299034,4.175822414370713,4.893451464232292,5.909474572690925,7.180324077713076,0.055119172870169424,172
4.501452814508073,2.017831682210816,5.724568183385878,3.2057189632336978,3.935843007784861,5.03872408639192,6.31523032912891,7.446173947059598,0.07715332597619194,173
2.8393592861228787,1.6877121171985956,4.915918856739362,2.9128795068130424,4.229532095856293,5.2380668652168,6.641695015164602,7.4658144588034725,-0.11634737997922712,174
2.119830390099942,1.5547398313480063,5.891941375183867,3.424444038937861,4.480003933442771,5.576248937315854,6.749542306929375,7.329649711222033,-0.12623892988571656,175
0.6364515532946434,0.9452359228809543,6.0656200938117495,3.476735833481558,5.106876367036382,6.098720949839327,6.11678652936133,6.809026069918872,-0.011936619927687683,176
0.9087228392431423,1.2033084147783006,7.922995218302489,3.982522621761918,5.471180260498389,5.872415050522367,5.894453616606394,6.561931812114805,-0.07295771941356465,177
2.1907254518765025,1.6407159206333848,9.858662619579588,4.439101831747443,5.458669884028144,5.540516870862361,5.389263338432468,6.297638158675574,0.12645398093380364,178
5.2946505574533225,2.259350106904597,10.119882267739364,4.454813912350964,4.961777648792466,4.931301868027123,5.360614108532811,6.599241369100937,-0.02523741249844834,179
6.978753382983218,2.43321541958383,7.568510039302195,3.651117593030868,4.571431454690487,4.987220571760965,5.913880989526306,7.048088142249326,0.057740257751925,180
4.020257058064118,1.8636158760592592,6.9757629425166225,3.4246130410145605,4.489718651879977,5.026335677545567,6.042442046673288,7.26780887698793,0.10778433557451819,181
3.413511027453641,1.7670446372227295,6.723991828931908,3.5023831390989737,4.248023110139103,5.2688234102654175,6.174920161829314,7.45402596456296,0.0008281909957927018,182
3.0699623442433333,1.7108883435109272,7.569738523788864,3.7867264505375324,4.736187805912434,5.262563035106246,6.192145917986873,7.5198450135505315,0.11695381472938837,183
4.694355148106269,2.02627410995468,6.758746561792833,3.479710342993109,4.90844537781559,5.338747875422239,6.408379453915769,7.439096482832522,0.0388474200851541,184
3.2645542266765806,1.6968693136520423,6.023958091913494,3.3002286875063973,4.453818100430017,5.466123652718406,6.5141346627453185,7.816287472900952,-0.06962120515798997,185
2.661016183597754,1.569394971837582,5.7189393061246125,3.2770781260445636,4.509122705884653,5.79322919909591,6.874879415833003,7.8008653173889,-0.0227419412643884,186
1.8048141440619754,1.397037070670249,6.2230810794524,3.455895238425475,4.993443542108532,6.103836054134009,6.926839740377098,7.829935368464581,0.12284208122801513,187
0.6941519474915225,1.0729326797315568,7.422133388393894,3.9352487071823576,5.474020536581502,6.405465571284755,6.576245625727392,7.353739273232368,-0.13819490313636326,188
0.8905617292811677,1.2257330868490404,8.379867344247248,4.026644731016421,6.063223500029032,6.224012697568714,6.101083537369329,7.02654281453075,-0.04934013403826786,189
3.394202197164086,1.9510259323915966,10.717816221570697,4.65264306684348,5.606394025710064,5.75338792030274,5.919038276781466,6.627648383312423,-0.05809601885314833,190
3.5229003743177874,1.9158295995293193,10.662084452588637,4.523168103119651,5.299876278941971,5.29283888004095,5.571646288070755,7.1502204697908756,-0.13383824113238446,191
5.836955655269643,2.283071249516871,8.908514745895376,4.017677103110874,4.800926877997542,5.226586662701668,6.055534131428236,7.5095402639478195,0.007327531458569641,192
9.234247937252892,2.712288624012919,8.329533665502165,3.981606325814205,4.997585173718378,5.332878530024411,6.42766970225246,7.743462098240045,-0.018955551153927854,193
6.058748896650546,2.273364256326287,6.68321959205554,3.3821453497736216,4.864369345764851,5.667804125060024,6.532548195624787,7.965301312839385,-0.05769963713775336,194
3.4841032597150594,1.8001488900626619,6.9926792983761805,3.515676069634432,4.8579888591564915,5.570151601510132,6.748343337840184,8.1697789609742,0.06287962936103031,195
3.6853765489066417,1.8613358829927995,7.592861702282397,3.7105391938531533,4.789932902589848,5.770098412086876,6.498619060115449,8.030236964168795,-0.10518872728984137,196
4.578404145335053,1.9839455669138695,7.193405154702357,3.581906578040874,4.9304266342263725,5.663247811101032,6.813773406430596,8.469921431483659,0.17060917581276394,197
2.6482797086693477,1.6185128506609643,6.5743195157192424,3.4905546171773025,5.127711792449018,6.23806506446895,7.1966113952069515,8.266715339810354,-0.24363756632473224,198
1.4345884051761182,1.1505887635920289,6.995175186031373,3.7300999420855288,5.346045451921324,6.332451488880043,7.258630722118573,8.357998560916311,-0.0007904515373236348,199
0.8152948168517011,0.9755079362612147,7.280620682575197,3.741412998237543,5.931835253114581,6.6834794768800005,7.132712664557121,7.978150979339191,-0.00397062823469779,200
1.2249438290814607,1.2747818308764303,9.609342403090093,4.409634959959629,6.141741853291142,6.587710470422268,6.670681661299973,7.348014061871076,0.09607343075944641,201
4.794950152582823,2.1954296941546856,11.766615307065575,4.900420421194216,6.050197092551918,6.201628382079349,6.181572401845184,7.346412164731046,0.0483982293951527,202
6.176003856134606,2.35122416287867,10.548737434834983,4.409426345158501,5.268053873335492,5.793836225990818,6.100243444027953,7.53927990183001,0.15588162477990858,203
5.367802367712001,2.1928578295591925,10.147614494238196,4.337013057084201,5.111358071470318,5.4996006957388195,6.456020867807743,7.965038186986081,0.021958492717994417,204
6.685997455406389,2.369384323995277,7.872244741175657,3.683267289339856,5.1613861809478125,5.693286837129298,6.599330973022817,8.244020958775613,-0.2037728507734718,205
5.38601856310845,2.133220412812548,7.680724625834365,3.6496559308618632,5.232832027809184,6.04289288319978,6.8494817667644075,8.381550396566606,0.04751280673480088,206
5.479931000242185,2.1897433573658933,8.01237030956154,3.807776256499078,5.333795454715716,6.012320079100624,6.911517400415171,8.521608702282908,0.1024098839841025,207
5.186583836179761,2.117334839181855,8.541854472188735,3.9569406700309453,5.346874212564307,5.863046185028963,6.857111912148063,8.420478162600146,-0.06161927399906946,208
6.2338891324040455,2.2715619271705574,6.991865559531282,3.484268851947706,5.275759000974983,5.957138760898529,7.199718808430163,8.782350876042367,0.14221063499235564,209
3.1643642188403875,1.6685496698659503,6.688000979840325,3.5392837112253113,5.249126557147682,6.261174391041641,7.387100687091613,8.887870043358332,0.10245126754266898,210
1.7715348380360054,1.300881750380066,6.936701193581587,3.6777027230651482,5.686744003472988,6.937961368795681,7.820692354745829,8.717782980006904,-0.10757359586452325,211
0.6158141867913149,0.792274087224013,8.46760679417906,4.076819752875083,6.263023596688422,7.135426440494411,7.774409444698901,8.442396794522658,-0.04698365084987269,212
2.561323084483313,1.7952278985875822,9.80029719856844,4.364106255283801,6.574781944332523,6.810956379718245,7.382275697405645,7.993828422783866,0.1025348034257755,213
5.196983652573046,2.2972181268693155,12.623941454928197,5.105962481188576,6.072438290313081,6.557947542251927,7.007704724552042,7.713424168642442,-0.058311507230269115,214
8.232982513361645,2.6472628292766984,11.229861108064854,4.561250519342594,5.353566914649547,6.01138160247555,6.535320825793749,8.105150870292116,0.1604229104685014,215
6.902828450569792,2.4342108488376906,11.02885175499722,4.620746162279329,5.3172420860700305,5.858759625249751,6.634839846830415,8.269649008581887,-0.03796764708481731,216
6.261850751586352,2.3049982535757727,10.111506448554433,4.432735894739092,5.154175780017711,6.182548132482886,6.934619298097527,8.790713487337856,-0.0653963133636922,217
7.235112231687756,2.4488579482905632,9.093410123852943,4.119013142783501,5.476920618636924,6.347027930277441,7.1873583176394495,8.881019997701605,-0.027089362707093737,218
10.358971713666262,2.8210613895275882,8.165007085099308,3.7847571438058725,5.6950163052538105,6.259187683901245,7.535384113395736,8.936511293211538,-0.03066972878259372,219
6.8260912847675685,2.394282616168631,9.341136276706367,4.219774791561702,5.490743916270863,6.380679434632777,7.415207147746137,8.991408387440854,0.01706250785397928,220
8.517979900878924,2.610405303330056,8.037334212541404,3.7992305352465716,5.622917265612805,6.541094110402645,7.716770600862646,9.249722134162067,-0.13602434375921743,221
5.4287616165076695,2.1730743806578783,7.868937987628168,3.8674077995206404,5.723673910895968,6.77018892418459,7.9937972965245745,9.613166583484567,-0.05308218281296473,222
3.206390632041198,1.780028039057493,9.08373417847186,4.326702955942158,6.269073876881442,7.11121347522537,8.393467581414509,9.370886802226366,-0.11109310952157206,223
2.78338087563228,1.8059844955701547,9.292546849872863,4.309775290023794,6.507955046556514,7.492104666449198,8.4255236789021,8.828282319493539,-0.0028083075104031983,224
3.730493367989597,2.0544964499075604,12.746063455160334,5.240791829694299,6.6807639909863985,7.300871138586044,7.85921025924911,8.474671819694725,-0.14718123513241857,225
7.306722779372602,2.5377476553376086,13.189932095722373,5.190469538341151,5.960930623549943,6.9443602497254755,7.556561336262985,8.39322046874722,0.011374815348614346,226
11.696135148868018,3.0043250203014114,13.678979256009997,5.325823820026563,5.731894217638187,6.505153277531326,7.165496814294619,8.367697024339098,-0.07634393173106606,227
10.52384702286624,2.8459879940745894,11.29880309749148,4.6715988993755095,5.204814067689426,6.367980727675861,7.271169175892272,9.269530382400532,0.11589495823768999,228
7.78990889495448,2.4937699980785615,11.533988545931674,4.786441632609593,5.530023092042435,6.420839611611465,7.543321803906133,9.359640783793425,0.17223599419956492,229
6.392284044435698,2.346347091873072,9.385702972574052,4.107240323162824,5.57931714605381,6.632362353321094,7.542460349072523,9.24144751609108,-0.03421528907320472,230
9.39615015237872,2.723851775221704,11.498339192011414,4.781973775773763,5.935182949803721,6.63785581306339,7.932634729981974,9.425473721588396,-0.09151246594795012,231
6.915446221242287,2.3798984354138515,9.713749897930137,4.27637457085824,5.639502355570894,6.828826116783333,7.984470416042177,9.546236377911525,-0.06293444843345045,232
8.038268809930436,2.5444968189071613,8.853758937992417,4.024639362275762,5.6414462503442095,6.903593939050221,8.432877724206726,9.529285315123966,-0.08045266302248136,233
7.604825701804184,2.4752005707461753,9.09208514736012,4.166197562148327,6.038745939661141,7.217915342801455,8.55738500850198,9.834632236362486,0.14008818603129666,234
4.332388235994597,2.0182867816148122,10.230911260451979,4.634172035896734,6.4637004925255495,7.619177488002061,9.002751765623003,9.768088485371168,-0.025920925931508323,235
2.7742757480352793,1.7628960981815807,12.037443907790442,5.094913276914416,6.717655072670479,7.752067091862677,9.236382667247337,9.39363277423434,-0.0028017784895743936,236
2.9416466981459033,1.847808237091459,14.19460051607195,5.518931251019073,6.700215317373746,7.6652234769295875,8.583638555489124,8.881132462402004,0.03240892223200471,237
5.243069002569464,2.237749606109041,14.354202850216888,5.491305263197179,6.122617353654388,7.135278385050843,8.094256889768946,8.92961887398218,0.2703985107279387,238
8.647604393745988,2.6702046285652385,13.940411616819055,5.338037692351734,5.8811424448365095,6.8215387515946375,7.681738449278868,8.953260150569365,0.07314924079409346,239
10.013314100154311,2.7874468545955,12.966192461472025,5.00834721147674,5.607944992424831,6.733012068212821,7.933281614605499,9.31057409966362,-0.05215386447863834,240
14.413709160963878,3.1759381004612663,11.961123050702314,4.872858140442143,5.523095071096144,6.781776541725555,7.968216162635349,9.645423843836626,-0.06161750841745239,241
8.93698762642436,2.6449059735355926,9.848979391557023,4.2957028126668515,5.635094418958939,7.0419616550759425,8.530981842346586,9.857878630014438,0.06030068534266765,242
9.081816228344248,2.6945785899201784,10.310763443211439,4.38426560182857,6.089512907745284,7.185833140848,8.582951211287103,10.081474407110209,-0.04684256978994578,243
8.290085030378586,2.553896651640594,11.243513397051167,4.645537140952875,6.067352123011621,7.044546674938444,8.652701078614347,9.99657791905988,-0.018030702284953407,244
7.382508889803713,2.4129213646936187,10.628912711184396,4.5287404087482805,5.917965113277487,7.2990125576200695,8.859742751034029,10.162340361933914,-0.029434772352724983,245
4.438356647371035,1.955927200252368,10.086528272925518,4.465605915561106,6.104863548319775,7.546969338443374,9.269540548635677,10.341395341970081,-0.08664161386594389,246
3.83901583870881,1.9301904446379654,11.457621513414761,4.929030020457928,6.655631683052049,7.972759827100817,9.583005859227933,10.113133620579628,-0.07940435416988534,247
2.088650829825254,1.499285338070469,12.499642785634364,5.208724545540977,6.798602258611441,8.06004996256994,9.403838018135021,9.968536422982933,-0.12869074405363745,248
4.637227783221492,2.1662124417721706,14.414146734822896,5.5941627717731155,6.784139615112137,8.049559777083731,9.1577034636272,9.26209288936437,-0.08059936088317976,249
5.478827838851325,2.2782786523272165,14.101087440800933,5.3586193019426025,6.5899538777401485,7.326578027263445,8.699948087503616,9.230823273011612,-0.1036581974869657,250
10.834304768670314,2.89429974660277,15.925289207977116,5.750303348213876,6.166904266713734,7.172929533811797,8.228776878504837,9.273885629738125,0.05509243808935404,251
9.240538808061851,2.708826225031031,13.334868883496421,5.136815087513445,5.743502762768011,6.920625188855048,8.455544910652435,9.79305338442867,-0.18463370111204805,252
15.547021722041444,3.2535591257232515,12.587320151309338,4.994085911875983,5.866032292020632,7.295266586962125,8.396553721316796,10.243434775267634,0.1886189158556082,253
12.293157792576132,2.9779659924623862,12.361005133424973,4.907805956919993,6.090369327348487,7.220484611643181,9.110180595951686,10.606269419599737,0.0697488311921,254
8.653302578734813,2.6116569053497676,12.621485455476643,5.063540930556975,6.152113055471503,7.422483247063313,8.968808742165331,10.666499422977903,0.09277423995512052,255
12.876729837685565,3.0305553965269953,13.172672682678042,5.128619167037455,6.181232513598291,7.487223297444685,9.402626349848541,10.44508680411117,0.036935805969990444,256
12.730137109404518,3.013050759014601,12.617927496876948,5.074697555436016,6.010233080477608,7.5690995201662545,9.490610538312367,10.749828099932419,0.005593935013240073,257
9.83249231277161,2.7507646097070277,11.41981381796394,4.824769785474304,5.931226334765464,7.9684469771614745,9.564501963592162,10.891410592494896,0.11402532809442803,258
3.964713179359469,1.9101819184448818,12.751376845333407,5.188682124898198,6.717181518192649,8.268513591804437,10.060728904459864,10.702628655972148,-0.15525074733000543,259
4.585441312070284,2.0837901611739937,11.914007726055845,4.92632895553643,7.022361834207067,8.505585756416203,9.680356784923633,10.368069246469119,0.1479462143852193,260
4.092542087851077,2.0542782379464866,15.726958170730718,5.8814276875952505,7.340941265898476,8.35660516063471,9.442466530880102,10.00105497171372,0.07494570154065637,261
7.78218617961233,2.5785458345001535,17.749943312631785,6.164010584506572,6.679704197270071,7.824902401946241,9.157004137741106,9.955013471786325,0.12092645684253776,262
12.616787496101628,3.0802509579464954,17.33912726445871,6.043553162844372,6.289357464188308,7.409042894453047,8.971216499529755,9.870439784020094,-0.03877879555492906,263
17.069149798668427,3.3770603806889534,15.76528857757874,5.771320368346569,5.923565307148968,7.380999444025885,8.95398915289814,10.33097668206117,0.05044446476624684,264
10.426081485995526,2.7941529555267413,13.362311117536805,5.133405958348283,5.87103042495822,7.644051311175254,9.32253258149318,10.529698295956958,-0.061408477534436824,265
15.381084473712983,3.2522136907684196,13.314521004292539,5.157654347594234,6.19435716280147,7.720188787785003,9.529017591514373,10.687069121384223,-0.08874638247421598,266
12.733884348731628,3.0207993923696685,11.893389004035457,4.729937730650859,6.291493476619519,7.862296622490038,9.496984016806636,10.74576820468254,-0.0697557206596308,267
8.337618054177003,2.59139954712635,13.43469273202162,5.196182831871754,6.482130405530194,7.981562031919495,9.866334691912881,10.757749125182595,-0.17027786118933097,268
13.04992080929797,3.033128375250348,13.572956864981695,5.273916768237492,6.342055349326447,7.968021745152495,9.937786559872066,11.323421539452035,-0.02807334008507119,269
9.827905174214521,2.7373480749595074,12.17161250831171,4.989528904668156,6.308892537863037,8.287023932006948,10.197726982043987,11.379811218313593,-0.15221992751914284,270
5.4637740116260565,2.204616511440687,12.700568016120044,5.111459559053004,6.980548137428952,8.58050579711886,10.506662493108399,11.213361527885255,-0.012973620318850321,271
5.630858200712488,2.271938278085424,12.977901460152093,5.18102535919834,7.342450914897831,8.844128102023799,10.147295313172219,10.924119461120656,0.07689658715737456,272
6.24135441807915,2.4292136946558087,15.704178323136215,5.808432252524058,7.331468259474436,8.594388779219305,9.448181658459143,10.184270516340739,-0.06045986161795408,273
7.723698691966049,2.5992722985047494,16.818664373419708,5.951984424905733,6.979883669785335,8.286317702803222,9.397900983442398,10.352388288305834,-0.04405078608479934,274
17.39740660189847,3.4305468956843637,17.092073798888062,5.997072576094165,6.573130314484229,7.955323945072347,9.311847348574993,10.250447195160033,0.003648075561423148,275
19.10301135010532,3.5170212165997765,16.845513077305966,5.9233730456062945,6.387777852652116,7.834465788456466,9.519849015078865,10.848280669542365,-0.010029766744340834,276
19.413094646283284,3.534775965654945,13.939485623593857,5.226999599765695,5.9336397172708635,7.879533459333964,10.0377923816861,11.274468224295882,-0.07619915238269903,277
12.697455447812786,3.019242552434339,14.784737630331474,5.442041494155905,6.654532475350225,8.190460911092428,10.16203125292387,11.397863020210155,0.10086683559548391,278
9.781108233420944,2.7392880437701406,15.275602305068961,5.555396701565345,6.410391807706926,8.205597306144494,10.179941014541056,11.418134030343571,0.17067676404189736,279
9.54515293821178,2.684648508001824,15.05493706781022,5.541144842673101,6.574938576154667,8.025837846999682,10.144019958197868,11.612177279862575,-0.021524445657615472,280
8.119663411252276,2.536653980406565,12.68108894709744,4.9488777891990585,6.364031839369427,8.342396258527716,10.455437655060413,11.754114375312584,-0.05419834002261925,281
10.993955412685857,2.857650781857947,12.39426376572087,4.999558374447212,6.800032483569147,8.677549532258421,10.718611074936616,11.894959322997861,0.061444012289247465,282
7.568424599211778,2.4953776482118344,13.846105755786713,5.491342818423557,7.1894541476638905,8.869756631657792,10.774290970687373,11.588115760376137,0.2020639698775832,283
6.09880474723846,2.3556106914321924,15.352809598714204,5.746936906911183,7.41493795114224,9.39345680394646,10.621113535703072,11.305779825812134,-0.2099206342561244,284
4.97498325810664,2.211913445790464,19.783458688513043,6.652349461668198,7.553125039585489,8.89936838899819,9.816147875813144,10.856850583353534,-0.09415376022298011,285
9.565463044744579,2.7920087472919715,18.559826660290835,6.334683527723865,7.626903828343686,8.548327242552205,9.517005991122899,10.751120127951861,-0.007321832398382149,286
11.567963533143114,2.926462823309749,18.864498367455134,6.32843048178995,7.095030992875548,8.247380841062794,9.722921330051971,10.990247489630514,0.033980857449043056,287
15.025173466868734,3.220928941660198,16.09808237254841,5.7714771191725935,6.725848219227919,8.027399711802188,9.743087565078339,11.430966919550047,0.046982492320496644,288
17.998132538384475,3.4370130246999655,16.09293797116554,5.763249971413183,6.385746037604173,8.36963730599026,10.268640199953843,11.71268446066632,0.14113169858767122,289
15.688765353283733,3.2781598311035895,15.132290543907672,5.547870806074274,6.383648796389071,8.419295942135703,10.348850524631422,11.818105165535153,-0.16680345998890966,290
11.980938034139918,2.92853799812688,14.390576040626854,5.3380219074072395,6.74285416792892,8.706959059893137,10.393482146627575,11.806329257086796,0.16573761202324966,291
13.179284452267131,3.062133192701411,16.441670076421403,5.819764948377771,6.783873000099618,8.46726170512144,10.417987641052726,11.888650314289894,-0.0816793179270256,292
17.240411062230624,3.37861073959757,15.122636788811787,5.594689929821509,6.557133106613575,8.736792081152723,10.67286918234951,12.197199022039339,-0.02139531438608117,293
7.233968098483714,2.3860915779943768,13.085553598817832,5.090410569275017,6.672626857936769,9.236044367598469,10.959739104080677,12.296378853104859,0.1640354093898311,294
8.747849490130793,2.664889125680469,13.690836926502248,5.336096925256446,7.4883656569153825,9.379673665631836,10.752646318665825,12.177200119853246,-0.05859182104515849,295
7.249405944436496,2.5191837154552847,16.792294709648186,6.00895507301699,7.754520643602536,9.57730672042363,10.589970688302262,11.772385258316707,-0.04225609827987464,296
9.968807694693332,2.8471303217081227,18.62479315972206,6.389439162036736,7.825905527472765,9.596908039010234,10.15590448857941,11.342690136668336,0.04851982314777071,297
6.91768996002273,2.474932229712604,20.939578713701298,6.7559225575919,7.504902646706431,9.018821663158901,9.53278629362715,11.161391294382128,0.09956348061178324,298
21.474740353964737,3.698863797814638,19.025003352500285,6.327494994291875,7.5458060236308775,8.739022659046096,9.768563026233235,11.36987921102808,-0.10320322451615777,299
12.033766356915965,2.944409600035555,18.13117763843786,6.126922291838632,6.922856723296899,8.58828416432198,10.223032426181122,11.74202124164193,0.08572103535566122,300
17.314005625869616,3.3783720400582973,16.0594956611236,5.724162500174837,6.643902622637736,8.604264955974623,10.600047581489209,12.143041732790916,-0.011335399783980703,301
15.541272767198546,3.252406293951192,17.76419846613524,6.113498810564329,6.7054894988846065,8.947511513289552,10.757899663940178,12.201888745095628,0.10393690449185533,302
16.259072496875852,3.312808222077145,16.820585329994746,5.937594836321405,6.801146725022351,8.796262304455473,10.507381333696861,12.474967981689815,-0.01695507157004441,303
16.84885795794618,3.344642458055346,17.541016559052487,6.0911338794101235,6.808613789488329,9.065092808270524,11.029426413561225,12.344911591166714,-0.09444228784030916,304
15.054470539104447,3.1981987239949614,16.789215900819055,5.950474517758524,6.929068103668935,9.021250492578789,10.808795508589315,12.763466626606219,0.11600928466435508,305
12.6372143313565,3.0052330702364,15.629165946595013,5.735664798263853,7.076224611159036,9.389930864809998,11.262195039175618,12.688336594359757,0.10790096392361133,306
7.4239396530999935,2.4540696559123574,16.20796091135888,5.873044825683401,7.609253194670103,9.575532640227705,11.123893980522398,12.627810044884368,0.08891273175270074,307
6.316239755473484,2.350734375623966,18.211097913402867,6.313203765752249,7.921531305713129,10.227918445158306,10.928707792984964,12.230367318380862,-0.024432885517952908,308
6.276619340343275,2.4043354993397843,21.12999511129794,6.865856563355453,8.131887155435571,9.838806940310423,10.593789588354248,11.856641039019093,-0.06610690958071401,309
15.541407164274752,3.3033104291818023,21.07333265333891,6.772220809736365,8.334387281115287,9.31307500158948,9.966073631307202,11.716487630092466,0.1479590373650935,310
25.886611947524663,3.951516083100862,19.740004997010494,6.455346201230875,7.661725231613319,9.04653678876839,10.167193809192149,11.843846283071983,-0.0643561124950648,311
18.50139828212017,3.4776623231555694,20.04151116498557,6.5512898460607,7.205979051099233,8.793227072303672,10.331004744532303,12.175360624431006,0.027833293957050427,312
20.147565199421386,3.5687232933254776,17.372255251151643,5.969480855700933,7.220729387690775,8.817668398504692,10.934502205435175,12.734654587174195,0.07798696125227765,313
19.64520269933824,3.5320695895393497,17.671756965260023,6.007565051639817,7.050924274414708,9.427911244000526,10.888947907815828,13.011039160578042,0.18421506585682637,314
19.528510991416468,3.5327341433761177,19.082742479123606,6.349749806787736,7.2325681958583825,9.392857253240381,10.830129686852151,12.828446014710565,-0.010753374426606397,315
15.095592840369768,3.199736512542873,19.130400363639843,6.388286614015173,7.329469048258438,9.223803577605041,10.834186431572281,12.75369464490337,-0.06645866722585968,316
11.212305167873946,2.841479465147677,17.503346278648408,6.072295081739588,7.234738795529143,9.391826330876148,11.348520371309942,13.024587936788624,0.024339891640053925,317
15.621551555633726,3.2714616214059875,17.109100115696663,6.019999574890086,7.35359031422171,9.591038447798494,11.319320146796956,13.52886417190321,-0.07834010538966205,318
10.782369228295845,2.8548091528957613,16.570726160909697,5.958724677837787,7.475914605302782,10.129365697822546,11.344782420076527,12.999816502110564,-0.06775115456917667,319
9.103142532261977,2.724064224944191,20.057005602404054,6.702163454792076,8.15866128610151,10.438525648652943,11.398946193460981,12.835370420034492,0.030558019190248,320
9.668324583027786,2.8043814208902114,20.962095498599385,6.800297097931397,8.52829865099637,10.150928568481403,11.006966096839923,12.216278585575202,-0.03324425343397702,321
17.675739564536116,3.4588816415986705,22.707130349360526,7.070407659836207,8.586705682269026,9.584054698574429,10.407238833452585,12.206212404558336,-0.08628000195732702,322
16.96482973038558,3.367816864398623,21.326895660264018,6.790724554710755,8.432940705959753,9.270610048450306,10.431953727323966,12.253121918145636,0.00200372908663117,323
26.856479333782186,3.967195662067427,19.782522317998417,6.460939872221455,7.648664369019226,9.280885153707775,10.593688345074515,13.021475943678103,0.15759202885453896,324
22.175705322390073,3.6855744001547155,19.32183238760689,6.327120725865844,7.419182486135531,9.196699706325555,11.036712690295428,13.22359328099296,0.08985552801426162,325
17.150858572584784,3.3655225261137276,18.62899129981446,6.19492901901375,7.45351642015541,9.68068124123595,11.093381285331898,12.933728291918351,-0.07552194194170206,326
13.625414642017729,3.0793281732489706,18.65521806659286,6.19528772998086,7.585851627675062,9.793228032835318,11.16082868532861,13.233297465828086,-0.02934030910639739,327
17.696988836379404,3.4121403886027712,18.845864723889928,6.2712093672824665,7.563782504855882,9.544073955021231,10.968976221073163,13.09956203058183,-0.029456875466161138,328
16.57340989757716,3.3139620410289767,17.760155673231246,6.094774647634371,7.325757110094301,9.760760740487274,11.393864361763681,13.607741536753853,-0.0027433354183723597,329
15.258433771899112,3.221088017886274,16.49441535571021,5.879257477444529,7.6163367672355475,10.018373761974416,11.721350115074625,13.760981673779767,0.10280535653991832,330
12.535135682705322,2.9936487946753143,18.160725309688893,6.272235994575997,8.033101552104338,10.458105441339391,12.039188029843238,13.682406144568885,0.22996640696148388,331
6.831214434373199,2.4439714731596975,21.91827013185587,7.042449234293241,8.488127560413183,10.847184503663273,11.887352736663077,13.361436672062325,0.022198277767627117,332
9.875139075115642,2.811542486753076,24.878713916173858,7.553698831167586,9.170421099284724,10.645232355577264,11.538377721908498,12.953200534876407,0.23310246715580704,333
19.491788853003893,3.5817336667131654,24.102356977732867,7.303611862233095,9.449656485171559,10.158667881774273,11.011349747683159,12.672509457086866,-0.19736826764086016,334
23.552496343737044,3.809110847828891,22.23800035078883,6.879921525429845,8.479142490272102,9.716972953260296,10.842014377014335,12.769401209980757,-0.05667130253101499,335
24.411609628659797,3.8379553216986806,23.107987179764088,7.098554252461205,7.990904127204625,9.413843574624218,11.017596029370813,13.258582633980305,-0.017040965723498214,336
21.018086178917606,3.6185343386828692,21.299596402959885,6.735179640600306,8.102088058992567,9.705653022107255,11.415342439143616,13.713729799628249,0.03571286762713211,337
28.25733327158579,4.0312256520696135,21.651882838494743,6.817711092804204,8.028883427738927,9.861167143709645,11.503340448258411,13.633746435323161,-0.08898039893484101,338
21.406971751599333,3.6555842870269393,20.255933849670907,6.551952654803098,7.998190550502039,9.948105768979415,11.515712583648597,13.613724883393834,-0.09342390641479599,339
23.45323466254235,3.7550230929345476,21.38797006933462,6.788784375875178,7.904135655765503,10.022936534775063,11.831836742205976,13.902651040458334,0.11784508503183311,340
23.250059344307623,3.767172253622943,19.25618084927885,6.37935181977937,8.096780528375508,9.960818291721912,11.822508546949193,14.114576541412452,-0.08453204649775686,341
13.031094102048934,3.0411197183221588,19.183486811418323,6.420754488011853,7.9918850621292,10.325896397802818,12.074021034857774,14.271074817562683,-0.12588064596843365,342
10.000577882586754,2.7773278895343747,20.213450365883546,6.678539105753098,8.317722598893441,10.96148370456915,12.44632753461036,14.074611195894546,-0.09053652126818323,343
11.17538872453183,2.919532147029609,21.526749829331298,6.880275142345584,8.862905719423699,11.103576442602051,12.6866684731133,13.676143386420211,0.13284788107917309,344
15.225819970623316,3.2843020984347198,23.47282717187188,7.20384218320312,9.218919893603363,10.750979599956072,12.144873075444796,13.347068257208209,0.0044658280963466405,345
14.274728213583051,3.192856062595982,25.771288768304064,7.587577128944849,9.251500122118479,10.429381665249817,11.443377088598393,13.20049219551772,0.028729076103636376,346
27.424747537834172,4.013206872115147,25.563672187448752,7.5018845257782285,9.160246647944216,10.034840711253723,11.277779550494092,13.37571066679347,0.05461118308924472,347
35.987835791504544,4.397440348197499,23.089910099530044,7.016264756334219,8.86025623726208,9.797176978599882,11.277873344997083,13.68267717720516,0.005183209899284673,348
24.05281765627841,3.7889170730030353,23.174033491398326,7.106185176302201,8.397450892084686,10.011964056737074,11.691626080528668,14.155430677013559,0.3031762415110635,349
18.014733216064126,3.426273864116237,22.793937332695414,6.978192639705778,8.447572512100756,10.24511582134679,11.908418063164596,14.112681502889378,0.027048538611019912,350
16.476534778609828,3.314749569117429,22.748189822774393,7.027877352377996,8.578962166089047,10.408702956875887,12.015290805159804,14.187182160258379,-0.06982214597325725,351
15.98148544742163,3.2611490424958527,20.540710445847726,6.552516796163626,8.607164094856953,10.434746886270988,12.179597396992747,14.17052275700493,-0.09177089745002595,352
26.409058268724845,3.9363356566689682,21.223515515173613,6.75370740839164,8.041621297781338,10.379222550525297,12.337997335325166,14.607168305933998,0.017711983000503022,353
19.50728383743096,3.5268626312341995,20.70664847532175,6.717380667282182,8.306876149777356,10.660571612211381,12.564551260310976,14.583668039434437,-0.09810993674682146,354
15.423581329016212,3.2404218340233695,19.530149309770533,6.47159906037627,8.786373748106763,11.30014334779523,12.875980550250924,14.47776235394715,0.10585528161418155,355
8.570131942034894,2.6275523546890747,23.772382942887532,7.308657865516267,9.264925667213928,11.436489321101407,13.133442294723935,14.156024562122836,0.04289653911271988,356
12.649690386259186,3.0773771213205428,28.272473337649938,8.048074988822227,9.98225252393179,11.10863757852663,12.763240723983417,13.815486347128335,-0.10251791944441757,357
18.17381603510416,3.494535127756057,28.565091710026227,8.034439925203692,9.815415082233582,10.745506880502633,12.14843902454167,13.352990912975597,-0.166150491973851,358
33.09008269547282,4.284482945265627,28.220077134365347,7.968128719148656,9.55399419766345,10.350635944721585,11.866239032337772,13.757648961466908,0.15098706831203154,359
29.700824364484774,4.096998919793266,23.83164171146326,7.16973276592576,9.198011093954328,10.295494532809819,11.8277129484821,14.176932082975835,0.11136597067412989,360
25.810346369543158,3.8850967749869003,23.1309576599432,7.035633546865634,8.852000221768439,10.271225412063394,12.101051352306415,14.673513828329943,0.018583457751891557,361
20.575724794410785,3.6073207428269174,22.667370243261203,6.984178350605033,8.797416779773647,10.509300310719032,12.328537904648597,14.609691539569864,-0.08765648241831969,362
17.057086623173916,3.3551218693551834,21.915288977790972,6.8264873425915304,8.782435619653333,10.821368351666209,12.37930466340579,14.664109944687048,-0.003892920048484066,363
27.78595541052467,4.004367085425696,24.06569307436154,7.269928785350095,8.858673038791146,10.685913710544122,12.599937871915097,14.624124663898478,0.09610934861202164,364
23.290091289774914,3.7434993122154685,21.813033185558073,6.837639653813181,8.811714537137195,10.797314701431889,12.933074658472666,14.917688920407297,0.10090998037340056,365
23.68458752447292,3.7762481539385533,22.501524836264533,7.040826083293517,8.754950044380458,11.150684389825837,13.244663160739242,15.211962539354804,-0.058299388366406746,366
11.17195544240119,2.859075873366026,22.054576063613492,6.978229408210171,9.396035713180906,11.606132025551343,13.628186597363364,15.393901846853096,0.09759899498158414,367
11.99122772292831,3.007257874588507,25.448247481310652,7.5776441133357535,9.728164401302148,11.850759443587217,13.740376170270169,14.663021471594076,-0.01741745622211987,368
15.703426582850938,3.320942019823203,28.328785422055947,8.035563473217543,10.31854318899461,11.691340235383896,13.333309671159439,14.235261072449976,-0.03131539389082808,369
23.697152772745515,3.832234539340396,30.32906972869845,8.346283636709959,10.213009295141468,11.12495642778271,12.604598429509771,14.072752396813744,0.0018991186640108272,370
26.47399266448483,3.958297765962677,28.841769542216703,8.044200596731624,9.82048313691504,10.927864324825144,12.480150505470073,14.200533869007877,-0.16280422139512113,371
33.23257648184131,4.270729520253903,27.209817464648285,7.758446675205457,9.531603373833274,10.671702197087711,12.48692046016453,14.630394069410283,0.05393045529428741,372
26.050776662917624,3.9129735891568718,23.983416672646143,7.185629945663865,9.095628816676012,10.766147304926575,12.682457841962844,14.911758961950282,-0.05244148929710431,373
26.186250161466255,3.915278937506004,23.05641514247191,7.042944034631013,9.13145985703881,10.99098827119287,12.961121229888043,15.126848179786826,0.0030006538530940124,374
24.25127530743277,3.8157917757332767,23.466300958542085,7.096604069983298,9.124152444740801,10.976722032225405,13.09212361686223,15.218009210202617,-0.0608247947199117,375
20.12757725732222,3.558394889641888,22.788804372901247,6.988057989973368,8.997527030166685,11.035823901574233,13.178356473497798,15.321522098098548,-0.007347866159040039,376
21.55497739609469,3.638327520385864,23.56382403018429,7.166695349257307,9.016474190790815,11.107540137020893,13.491300360588747,15.519988596171368,-0.10470917207664546,377
17.736542485622778,3.409353799972534,24.794054520630773,7.4417789000372725,9.374511212224867,11.392013915382257,13.637273304600335,15.730558924083468,-0.07130470816913138,378
19.542949227173146,3.540431293218942,22.57736248061783,7.029257066031728,9.862383072324143,11.807084156204949,14.080869477336975,15.473046285851591,-0.20224470560434793,379
11.203004805688302,2.8917825394131405,24.98791485664027,7.473334466409988,10.357833733803918,12.026600281712662,14.206990250624225,15.124041530277829,0.0007994029548813363,380
18.5683569220159,3.5144784318816,29.482978906894644,8.210696345206447,10.556466419208418,11.926240427945432,13.825041555447328,14.576902075618255,0.07925074116726066,381
25.763273257870804,3.940130497918132,31.185426308534105,8.40547568886809,10.492702667716895,11.52935607829712,13.449373135077897,14.738113445269159,-0.028409900536078298,382
28.517883717698417,4.0597066513024345,30.225473861525984,8.244940664243785,10.091991625459178,10.960977942725394,13.010337938426185,14.752753166276435,0.09785928636649645,383
30.37150160056094,4.128169104415379,25.86934525475997,7.482598356847298,9.730938694107447,11.066891061845348,12.89578338048604,15.097178662137411,0.02363242820282007,384
37.444727208675474,4.438948680199105,26.40365498934431,7.605139719419298,9.618646711146447,11.273849441938081,13.105602780879464,15.720554067169019,0.20638945356566685,385
28.114454746328676,4.0126899909351055,24.721937451921875,7.319097624557015,9.781277388285,11.31623632585201,13.40871251239909,15.649370172572933,-0.13090950523879857,386
31.734649316557782,4.197375461710768,25.202291730025458,7.411392255576782,9.643757293463448,11.506514160447109,13.819935086052663,15.79006232739162,0.13100396928669503,387
36.71627631020462,4.418564688260933,27.608927024162146,7.872420645170532,9.733201990564801,11.441705993385547,14.007581676506867,15.775756165664772,-0.028201448193520967,388
25.71458962507026,3.883744808021515,25.931678449120618,7.5722148165419005,9.906805934752898,11.574080531194367,13.936278248867271,16.088117241988243,0.1322135894078477,389
23.30954410827225,3.7493480858206083,24.477493285231624,7.346988246962779,9.848715995111455,11.98434899204604,14.361985273895689,16.00882134890892,0.051070794921351394,390
20.47552419625868,3.605306096461968,23.33235609235723,7.1317694718778055,9.948823270350665,12.2464408549595,14.688446928739793,15.961142853492815,0.06568185267201376,391
10.21784263646122,2.801946007428593,28.376062719480885,8.05672204291529,10.570915952704723,12.46576855623637,14.666726596160725,15.550166445558622,-0.15403543758484106,392
18.87985913026252,3.540117439701828,31.75613146926287,8.55836758729691,11.00861362706946,12.3380350206409,13.934013823046174,15.264256538166597,-0.03349320372736072,393
20.1348990398622,3.5927549752389907,30.467254708187937,8.250470087309163,10.589503869522632,11.94154919183513,13.549215367468154,15.196642835317132,0.16054833827939646,394
27.311867174769986,3.9943404721897346,31.649014718117996,8.472540568238461,10.286804363456145,11.537228902075915,13.56498187819439,15.222332384331718,-0.02527223125730585,395
36.68106679869332,4.411680249720696,31.513333104904383,8.426271111614431,9.993836454724821,11.230635565293259,13.693263733691252,15.8792275500725,0.13812790155589258,396
33.162361902917596,4.245116790945703,28.605575100902982,8.001315610126348,9.882236983471255,11.525706024802432,13.612743093924502,15.928700752571537,-0.00724123388305437,397
36.627257637353196,4.4110209884603755,28.001748632369154,7.906277547193863,9.939621667807726,11.901752245898766,14.184682788287594,16.110693506483464,0.007845013077791134,398
27.8624879074598,3.990106413393329,26.824980399727,7.697397437278219,10.369947029950902,11.755563832401007,14.35565452478522,16.364032068821988,0.1347323241613559,399
29.0502242609122,4.052188402429751,28.260052123828036,7.977283093767937,10.054658100805522,11.95170279692101,14.219057367525412,16.51715060591691,0.0968245592371294,400
35.46974697039833,4.36039820483097,26.584410107255017,7.660659514552055,10.003400901327884,11.859984057420805,14.523950089808377,16.521407569417487,-0.0038910034786217526,401
24.354441590294975,3.807119641934938,25.913927058224058,7.5951748344263965,10.056165049638249,12.174018971175522,14.944396350777886,16.595963143985056,0.03482030159448188,402
18.94743893982328,3.5056247988590012,26.832475527261565,7.792009013513363,10.640875575075233,12.710354960789795,15.15460440306059,16.581172335354864,-0.09260780403504923,403
11.807151888892035,2.9611417476871345,31.180336332456577,8.523425881340849,10.881269900304035,12.709838236932304,14.784043596869635,16.219707529256514,-0.026359015015824352,404
15.870477376786704,3.3169493330157334,33.10476703714448,8.752666045177273,11.152410919054097,12.817070238663769,14.289753275806177,15.76027365766015,-0.1477307754317332,405
33.96674606220993,4.331486096019719,35.57910050783005,9.083492127904934,10.768843424324528,12.43624823043292,13.819401189718802,15.572164265320291,0.06232910662519708,406
33.902784510753726,4.3054724533684885,33.608480673085225,8.759072747607592,10.137634071439006,11.840064249502152,13.708275417888942,15.726464187755191,0.03147463055895878,407
46.25405109901769,4.791384210953124,29.884433336042342,8.148201784903632,9.9930704856311,11.907022057791465,13.98291119635284,15.969815377354978,0.05671707070196942,408
47.516587049131445,4.825067535052074,27.31690657552396,7.699565406252296,10.265987594621826,11.746724636163027,14.39993847692123,16.505403286164366,0.056154115461964485,409
29.08331407561187,4.061325238815147,27.02391122786614,7.696553694160736,10.426545142210939,11.92628990383771,14.445295540238948,16.610695730094072,0.07183478868941628,410
27.3152350517849,3.9691310829406796,30.182947938727317,8.276781395511417,10.30229522865836,12.079121446725466,14.643503653964396,16.56879238230919,-0.12267687345516363,411
30.883070145064227,4.143015525762414,28.376981928379216,7.973955270741093,10.340067197085176,12.232705500528862,14.847839036587542,16.688684693438397,-0.014203960823294016,412
36.66156050637663,4.3994409641966845,28.97238071351525,8.054048047515877,10.419306494355626,12.282548393560482,15.026468473721918,16.999360967899626,0.044494206254462175,413
32.5159657735049,4.225461512223393,27.347357302319438,7.774144497344906,10.424984116433409,12.62147736604503,15.334299182560525,17.161563829007118,0.02284606817323212,414
14.793890619290888,3.175051803365575,27.522117324512237,7.897092239819935,10.827682100572453,12.930370572647409,15.525020878744144,16.90647180471519,-0.04462052643472624,415
14.358929192637637,3.1677384039444467,32.3191464858866,8.686927646033727,11.280105616492326,13.294444336159776,14.898035057432299,16.636616762123616,0.27996972218373095,416
22.36473242134595,3.7394312826416174,33.55612630588707,8.830500864346153,11.236690257089203,13.020446925592033,14.389158348409984,16.153450037667294,0.07577767609361873,417
35.18263020115882,4.382967764472759,34.717766627606565,8.917751469585191,11.205728260433624,12.721679379374176,14.145749729899672,16.06519437748448,0.03030482829327168,418
33.13639035107827,4.282775946215155,33.08105621875053,8.626944199957888,10.557902503332366,12.308156219990337,14.218276689663517,16.2073320762549,-0.13438989116913336,419
53.518017232363384,5.032163956701642,32.39267954430256,8.525950102680683,10.653699256217093,12.204838051396107,14.415265344287622,16.451109798935878,0.03751081637541908,420
42.2011545756402,4.635831594748027,29.682833444662325,8.10706219603107,10.49330180049868,12.174262932859264,15.005404440086135,16.887133118543815,-0.04928689478244016,421
35.12789610456686,4.342321392387418,29.573506378232025,8.094288768681853,10.614278584386934,12.343643581029639,15.041564877989185,17.098495792148547,0.08392013551522634,422
44.039553257452475,4.707931350814229,28.67068750743657,7.992914355526166,10.69013400504196,12.539977333316012,15.145572712108262,17.092458752177027,0.015909624218900572,423
43.230317448628476,4.673792207083932,31.192678313491474,8.411604000483583,10.787843188120243,12.495854890349467,15.26099724238731,17.21761744266207,-0.006280672314395549,424
29.138077013220034,4.057925109314119,30.277121333091493,8.23451047674522,10.456745380241218,12.661457036895968,15.363700885372769,17.494728328228096,-0.025582313424258235,425
27.094288020321628,3.947925511900592,28.584308833525135,8.061196590936488,10.741299166842975,12.942971987768482,15.645290025603305,17.64859941155389,0.14310991655892974,426
28.008981156790096,4.019728543338475,29.317624579675236,8.201947050262921,11.47210374133138,13.348269131141715,15.392412221115833,17.524257098808565,0.1850463233843754,427
24.370399787076153,3.858466200555227,32.37625398472823,8.662629916381258,11.523139559295736,13.377228819473464,15.273596540127201,16.973075039216834,-0.13538075195468577,428
26.29535168164839,3.958336301302973,37.74019431936509,9.402042288670998,11.56793709406882,13.228754257452083,14.983806194886636,16.53628798560343,0.07141137485533007,429
35.21924651685132,4.386310961472975,39.082156895875784,9.573484866398925,10.943990678871227,12.84351378927752,14.411404524826548,16.373529576430233,0.0017536901673058482,430
33.48070086883901,4.285276951279003,34.84299093723841,8.8685286069477,10.710041775128122,12.591480910434383,14.66131152941321,16.653837474387636,0.029638302011675468,431
36.323414470349775,4.399557977553383,34.318904286668015,8.795548070533412,10.39804518404738,12.288318181744831,14.707945143302858,17.02146383483859,-0.026210422274462908,432
37.94143653617147,4.442362011125196,30.526724244541207,8.22435933575209,10.642516690291362,12.635973562781153,15.285313584239862,17.431103779029343,0.1790898571232915,433
32.41913391880666,4.2285916510240105,34.69048750075149,8.94655806443833,11.052662359780983,12.628852495755437,15.241850926353164,17.393509627699363,-0.15948752640156003,434
31.09720412877568,4.151377403861888,30.805067943864394,8.306588684056406,10.698056448603618,12.895360830100978,15.352555349856994,17.536596347832223,-0.02441087185221015,435
35.30366238797815,4.343593556778248,32.444791790197435,8.60071149716446,10.803069206936609,12.743709509268388,15.42977090649055,17.770755190635484,0.0012513759421530456,436
43.75825573582635,4.686551664855612,31.17364022523168,8.366575768421868,10.831725019627697,13.117901044013399,15.669499044459508,17.97637827339248,0.10991839937853108,437
26.241574746073766,3.910303968049083,29.492131667637473,8.147445610848285,11.166290892133793,13.311717955153298,15.889255469981487,18.091308817737232,-0.08378232587776496,438
27.594636199282697,3.994175411391115,31.882983240707873,8.565313323034754,11.289038135175364,13.720263885763515,15.809136425649317,18.00770685218401,0.23838610379818734,439
19.03610560505672,3.5162811173760296,31.72684774412451,8.552074003259808,11.786454013716583,13.878932636312936,15.601454185469155,17.715154076097534,0.13095256365144003,440
23.087294847131055,3.786134525201747,38.32717214240147,9.484505246406783,12.203866206960253,13.783789643979274,15.11325017033252,16.91708416758182,-0.1034720990684745,441
30.075645954276382,4.145615883713719,38.41782622609041,9.44184001798247,11.296384209263286,13.299140790770862,14.706226579362882,17.05913022457451,0.07443335887496762,442
42.99336338410626,4.678018906793353,38.371197336227056,9.411348737391803,10.840729552605918,12.947453164450952,14.606199062768265,17.307392451312595,0.04399239666876643,443
53.53968308139533,5.02903510995752,35.08757596957727,8.898061364276348,10.634475218269785,12.664339387875582,15.003895968712184,17.59405934181688,0.10116604137066468,444
42.7103575976922,4.639787623645953,34.3484336052594,8.821481972401093,10.930405408832998,12.847939930088527,15.581570218593198,17.869505718875207,-0.030752776471701562,445
40.87851899119597,4.581543028502238,32.35976420308871,8.538958919536652,10.920591276763304,13.235273585026846,15.810185050160326,18.028793684066315,0.01709553521875052,446
43.494574024234566,4.685000562848838,32.82154630798169,8.636471722424231,11.253486126676336,13.168840903306107,15.422102098716357,17.914050731823338,-0.15424846078015603,447
50.95551585938796,4.945028595944108,33.60817802274659,8.76417524109607,11.32807127571233,13.262051954811055,15.549295512507802,18.24153072055101,0.058725766174484044,448
45.69268344742036,4.757573895951867,33.20043454792315,8.720478657939502,10.979873989719367,13.261665018470389,15.647125295031971,18.369831788477086,-0.01511683806905494,449
43.599984093869125,4.679822960144934,31.658329555464817,8.489788274793803,11.227249114449355,13.622616665153235,16.15006893019509,18.551538383345658,0.08894134565245254,450
22.81780722854346,3.7265322198501707,31.140411401284894,8.445819618879854,11.624502303232942,14.012460217479887,16.25058558647309,18.431940292524942,-0.009841740865778027,451
17.44180613793312,3.4203606967678573,37.5125094480003,9.448546765767425,12.147845071320504,14.268712586431954,15.914613989114832,17.790477270066013,-0.00939987742287848,452
33.51889810291149,4.3102118802301606,38.625254552899825,9.527541488924467,11.901977531260453,14.231097819838283,15.48472052120011,17.53327347538138,-0.04809166661741407,453
29.44200929674619,4.107291210593345,39.979428074604755,9.650703548026964,11.840855957707756,13.760169122992922,15.052170618138538,17.235291311172595,-0.08182700389184579,454
47.4131014177818,4.833385990548548,39.349693420088606,9.522216068856848,11.13674700370702,13.322736966199773,15.031796120908146,17.64560527388687,-0.17646160523842686,455
49.2292187385149,4.890314097797257,36.81015964407258,9.139796898605319,11.004337530623655,13.277317002388191,15.048207746886916,18.128489756461978,-0.03516793796105163,456
59.34386072571293,5.210458507846437,36.232142131701295,9.108367742066738,11.060333016000657,13.404436162452328,15.569931193772257,18.330358167724135,0.05471223054393403,457
47.741968513215284,4.83074297387884,34.33045937632352,8.847373049603402,11.175232558981673,13.489693998398419,15.863498086608953,18.51478608040212,-0.09999847808103972,458
39.402752305851145,4.51703606147422,37.01644636046563,9.270073508369016,11.259071988086543,13.487944998392189,15.814419755274061,18.544925661423882,-0.07665204469788704,459
61.91960881633415,5.293457030438896,35.18722949110394,9.00415949432366,11.169342252859092,13.567823231466463,15.919249158277752,18.981772105690887,-0.014611403159454512,460
38.47872879901422,4.471072643784402,34.30055888217727,8.881036912679905,11.06350092028147,13.755535025611055,16.22455736128786,18.758000818865156,-0.1733301044648079,461
35.134365321098905,4.337206590178935,30.814316332915617,8.327113429185244,11.427637657424592,13.903983443897287,16.212325403221694,19.09276610954879,0.1052423012799171,462
22.150969356166552,3.687912231640859,32.70806434094411,8.713891161519937,12.109052980939577,14.54381955146153,16.558857338431764,18.84562969096419,-0.10242623343588636,463
36.32330897148058,4.420143482514664,37.458404180949614,9.40500052502402,12.452240273873867,14.565876666890054,16.26663632025279,18.543305354861417,0.04099355849805672,464
35.633244996042144,4.402828761108918,40.077466027309946,9.687647339066409,12.349518807996557,14.40757271770778,16.01764095222691,18.123074078290575,0.0384333959313408,465
36.73107484668955,4.432793466328424,44.645491281698845,10.294721198291896,11.651114680575409,13.88076577072917,15.591133493080887,17.875955921192933,0.12775301917402737,466
61.86263318532025,5.298984250165983,44.26023928513521,10.209529222858094,11.530874504007201,13.639993551546192,15.32586998125412,18.345491178424602,0.21200807710507893,467
62.025695206693186,5.290933354875997,40.69655748978983,9.687011500441548,11.192422216070764,13.647653147085535,15.572478601207857,18.549301331711987,0.05538763202788319,468
62.657888835293974,5.307982252633694,36.35319255815941,9.063448797546226,11.039256068289376,13.582807322909357,15.781497578733989,19.218162586766205,0.05425154435355505,469
56.46215274433554,5.122122611552553,35.46460588614103,9.016047776246282,11.525119702401115,13.999294423953149,16.042909189727922,19.105265272212826,0.11624630046819957,470
43.81256712475761,4.684718990106683,36.19668564637374,9.137463275805928,11.439714327265131,13.848364140220596,16.050147717428594,19.042317660289978,0.06407851342526419,471
55.63074625920458,5.103440002514849,36.51024722997868,9.201835159199405,11.45452479913381,13.922543017694949,16.186604169181116,19.246091240999707,-0.0627320925916879,472
52.46294250830536,4.990476004480111,36.77248050343444,9.23430566378487,11.43720579628682,14.107109342721621,16.387148214522593,19.528486905397486,0.1117574196933156,473
53.48472621819057,5.028679204184615,35.41362639281596,9.050511822675029,11.32895771629325,14.378365402084897,16.860738962864804,19.496618029558014,-0.07993364643249738,474
28.623550322917485,4.0432427912755236,37.48952022387833,9.45671551300453,11.872449864992825,14.759839152683739,16.960586817194052,19.433967996535763,-0.03868965506512527,475
29.15771725615891,4.093764903710914,37.91202332243691,9.453604499537038,12.182000052797928,14.936437454313964,16.92616743186466,19.130164828735357,-0.041034073145161276,476
32.22667426547279,4.236659127728688,44.81920669291663,10.377452573340655,12.347553036628787,14.81418796517261,16.705221425221033,18.6019942779999,0.12813338564645194,477
45.117558433168405,4.765473427262659,45.96123368837763,10.43230747306212,12.202244589942643,14.404731771684466,16.163807084146654,18.31080028334544,-0.07223603588673853,478
55.14860915030237,5.084379251644904,46.00389796471468,10.423291552599128,11.783475170716889,13.996241192108997,15.858456617961718,18.618003127822117,0.003787999448959883,479
64.80996134721494,5.375694181608349,40.83160029211844,9.686626232625086,11.341887238639602,13.881316755615238,15.800440075572146,19.008182585416993,-0.07158574437812334,480
70.39880427031034,5.532982439361142,39.83208698281898,9.623491448008876,11.399645011851597,14.164597929560479,16.155370065836266,19.47376928166018,-0.1771204838391863,481
53.20572004488199,5.019114533744223,38.57551198039248,9.470930265294678,11.401816268697349,14.33069695852619,16.29427867935274,19.450143442921007,0.0029039571505291815,482
43.17196500890523,4.668309266818348,37.19100054932713,9.289586965528612,11.440572678106918,14.293260122235603,16.653079298261293,19.458558531070874,-0.22551755584740435,483
60.799932057173145,5.2610760280670155,37.921139288734736,9.393030576238623,11.651490970517804,14.521354967714238,16.615189997342572,19.59475822900978,0.08439390708915562,484
49.6689043224104,4.885508914144823,36.57232977853093,9.192983095553512,11.592057043529044,14.424205395795356,16.934541839168507,19.896995041061857,0.09687405319235583,485
51.265379244535495,4.949291291784204,36.28778293739755,9.134511316676548,11.73334967095504,14.743542127960891,17.083492670499503,19.78070876539124,0.08756555318533008,486
38.16805515370552,4.471613970755204,35.01785316304518,8.989264889067076,12.27721168770416,15.129333357049397,17.5192633803965,19.89889787061823,-0.06920149492322139,487
22.564956707404214,3.729013962801924,40.94934458816509,9.879485671802229,12.771355781557293,15.389474136983287,17.50093295217498,19.325339034839924,-0.10754197566188184,488
41.80219761197136,4.653173121585293,42.48513304547685,10.015665108335531,12.709150075833092,15.192097518070657,17.47072418432821,18.944813677588677,-0.04655867795886001,489
42.46015185109771,4.659315440843104,45.07446687588647,10.279907751052962,12.391649355508234,14.689501889029486,16.86215121684535,18.912032110299194,0.1428338306263913,490
72.35131022295317,5.595906134699176,43.47447108923838,10.029249467180051,11.968476591960489,14.216936286172714,16.447997796007552,19.25550290041842,0.1358184147104979,491
62.70431240817079,5.3146515515035375,42.250218990727625,9.867084631034828,11.703304862865137,14.064132663711357,16.384809339444434,19.347206023676076,-0.018874421301122754,492
60.43927878001198,5.2434884929198295,42.31183659616026,9.957102739605748,11.342861477081584,14.40505610133859,16.594020860253735,19.720937999191094,0.08180700932744861,493
55.32629999999782,5.080951945449585,39.063626660525024,9.549210998673402,11.566030764007847,14.579191996837896,17.115029796049974,19.970895711004566,0.042424813745518875,494
50.91773750928275,4.936906376371389,42.004929276038034,9.954201077962717,11.842371177462981,14.615647452259553,17.08335224174776,20.001014957520447,0.24691960366928178,495
55.354511827218175,5.076769533404508,40.425138102471166,9.719418150624346,11.93568872275458,14.65439205209741,17.193586935562642,20.169847333612545,0.09861740478907122,496
62.095066865634884,5.289421093673891,39.275590826879025,9.565343689080178,11.636562513226464,14.823697638106658,17.481954521712204,20.26146208549276,0.08868263287992037,497
39.36012721721383,4.498872959136524,38.33316081468059,9.456759967485795,12.05904203377002,15.052675103697847,17.84021624674061,20.488355759280143,0.04310544925996512,498
34.443880429048434,4.316444872199639,36.959144214351944,9.314038451929889,12.199700662678927,15.550014179515202,18.046463864611667,20.22574276414467,-0.09034825372238407,499
37.60092079546643,4.474133269081155,44.57772303132218,10.358860776139625,12.798497977696996,15.804138738719617,18.10188681183599,19.991774192984163,-0.14880567439318532,500
45.92236694700821,4.796969004915855,45.37412513584818,10.367806057553176,12.862016941031571,15.687553972067116,17.851631625103593,19.50462548322191,0.060552520522431,501
54.54577548129801,5.086232620850584,47.37602569992529,10.569470500091619,12.759146700206115,15.156540683933079,17.30655557881094,19.171562378201262,-0.028890588085265824,502
57.10254348685851,5.150946325668964,47.0659729875922,10.538947394618845,12.47865671172565,14.80996770103779,17.183826735128413,19.508521215541776,0.018871096341121774,503
58.22499853712835,5.17526017312841,43.78523219264173,10.120390120756618,12.190762990433587,14.658725645937501,16.926410664636357,19.981285332247356,-0.09145550467939222,504
62.49156555230941,5.300114817585956,43.02882991991278,10.047328796472828,11.775223638006844,14.745407498756453,17.40400950245539,20.043413624774683,0.00211986435123658,505
50.840990983219434,4.928381679538104,39.66643981119521,9.565639315822873,12.022242085361462,14.98475710931276,17.576209138882547,20.658809347697662,0.17810384592422948,506
55.575683119808936,5.08642552938156,41.54162469590098,9.848335408810687,12.132437419743606,14.725920277621245,17.748430930348096,20.498936161041804,-0.022746762760733733,507
71.1369362922636,5.548027450596338,39.79063851810302,9.61288933751132,11.913483042900765,15.082145016142785,17.771871557435098,20.616146846110844,0.03113731291216611,508
50.97536432948623,4.934517698702827,42.652912097739076,10.008825552710126,12.068461091294491,15.128406395266929,18.20534932371197,20.821172212490787,0.08011783722817295,509
44.4829894310956,4.699747643745868,40.76892248758039,9.80990122469253,12.175750273614021,15.44750627885448,18.444124556720016,21.114617797556374,0.08485161053885039,510
45.17191288458758,4.73699802406722,40.68822530224163,9.827869745839667,12.573440703237099,15.872260156816337,18.76519550557428,20.951317539811686,0.1890458993274452,511
46.62839776804557,4.826182673589939,45.177330281029086,10.419539708518037,12.930276783712644,16.28354305770566,18.739243480984058,20.332177597228885,-0.11401847271486786,512
53.99672124074915,5.072056677744166,48.16987313282543,10.730383014915558,13.254569020815314,15.809731590955998,18.329943400941758,20.227702954600847,-0.1002738012148587,513
53.12300283667757,5.036620509550636,48.31471843098353,10.710150375196386,13.067635435124208,15.381371011676725,17.78815251458461,19.895371483887562,-0.05397883030129608,514
78.48440185824815,5.7513234561557764,48.811136766254855,10.749623457994838,12.763564236987497,15.031923056104311,17.46844190975814,19.695986631473538,-0.11994018258240353,515
92.61389491933915,6.076414481102624,46.16225143802734,10.425148604670785,12.513710506161638,14.873160301420333,17.57166499738986,20.37820461042001,-0.0042304725672598735,516
64.16581521670653,5.3503472883931495,42.759002545222366,9.984772392650015,12.24298066457093,15.004982754404757,17.800838077853395,20.790939043029564,-0.04480627341422483,517
54.615635754671516,5.064021687835011,45.571861579945555,10.387907262238098,12.372534734124233,15.387087108792993,18.351316604503175,20.864492321574435,0.056697065958372345,518
67.81123564638874,5.4597077853438085,46.12895830107822,10.482996842389158,12.52907680505274,15.420770565800154,18.380091211036294,20.976984156559045,-0.044612560835288306,519
58.68571428742444,5.18371682598399,42.15444469967771,9.945687630141167,12.336779743745378,15.343746266818414,18.386022784066995,21.10806559739283,0.16141139230244878,520
63.2236095652559,5.32162297849534,44.23393207580993,10.228729489375208,12.177142761029259,15.544459833986805,18.660748216314754,21.348221674952025,-0.05929258703203995,521
59.47666869990883,5.208531785572755,41.00819792081115,9.818038647885079,12.244282122552903,15.7877914744377,19.113438615664876,21.44889834905705,0.10791237793242091,522
50.38938765261582,4.923955114455637,44.08139565272399,10.28606822456023,12.760138254864053,16.280312416039976,19.34042646291531,21.198015810170546,-0.03485869659549873,523
39.0228760456101,4.518146861621294,46.79766459146903,10.624238168467759,13.02316031374092,16.45992359416918,19.151860720424093,20.889894675955944,0.08685819377339127,524
42.15607058183578,4.658878742412742,48.68147490613641,10.810048130581917,13.619711730706225,16.31281525174104,18.53180117213173,20.47704821659789,0.11294823129479199,525
66.69826821009828,5.447325688254447,52.639519763290984,11.248650376832355,13.671751244465588,15.934687344488477,18.173970102636513,20.301595041108712,-0.03883339031326462,526
88.10036597334339,5.980707763816444,48.88923456653937,10.74007636109019,13.329263571188726,15.514430227359254,18.16888556631676,20.51078935944376,-0.007837302812576266,527
91.56255214992899,6.051168219111899,48.55569532234121,10.708112008256467,12.808005458629838,15.24878482329554,18.411527913183075,20.81795784392468,0.05052675159327707,528
80.89651950585767,5.788302781372293,47.572358419225104,10.615908050811216,12.709760816758266,15.57230916265027,18.592451497961115,21.40219596594747,0.28574730754647065,529
59.99228433829096,5.224179061404546,47.55056726321037,10.670651901850215,12.691329755258982,15.723913325520025,18.756398348739488,21.13609211488471,0.02000053082182553,530
57.87075967544311,5.160242608804838,46.12752120528311,10.49047828632318,12.858488990420925,15.66820256718947,19.025328642475454,21.383043058545557,0.0031565667289914787,531
64.91755595585288,5.366350595981919,47.486599258466775,10.63887883436845,12.778251352391935,15.454836909661191,18.784460378028136,21.64875043771619,0.1981199998686964,532
58.52457875540362,5.179328361697503,42.775016124942354,9.995442423048361,12.789342463267978,15.880454349088838,19.058220124931655,21.72312785925423,0.08461734630278628,533
49.458828106516314,4.877787050834373,43.46863851933811,10.143286830796578,12.706728361249795,16.19019636318942,19.47700304807311,21.899060850119625,0.197697536811318,534
44.62215304933166,4.726984088138102,42.98912155141651,10.112187372160326,12.972278866197906,16.65572993636487,19.694286017245346,21.87646654875974,-0.23574874589873163,535
30.452193795872223,4.140868911723605,45.46642783548895,10.430737011194665,13.692592103180793,16.779889353196726,19.361425599073815,21.336785992999964,0.07580799869400913,536
54.27721118065751,5.08143542161534,54.66438942133393,11.530192871008236,13.761318709806694,16.43885863779657,18.840200730593512,20.75981578690932,-0.08116000511921073,537
53.79807359554469,5.05848082516632,53.697093226784126,11.357964742729184,14.394183426655344,16.29152243924834,18.62925184912065,20.627877049163203,-0.15360849590447243,538
82.429638888907,5.845403342360565,50.864934250321895,10.95440763442779,13.93442479726413,15.775641339284252,18.35322144541167,21.209003473553487,-0.02011897634947503,539
73.47493308457341,5.603796961263625,48.91560478668876,10.747898504010365,13.1343405856607,15.72050744661187,18.79511756821221,21.426893410150953,-0.15959571596062172,540
99.36792658421888,6.219322780912785,46.187505032226994,10.40861951753517,12.875806525286272,15.676562255524757,19.053335336196145,21.636668614638168,0.009569537759625598,541
71.06154890444886,5.539516516008296,46.222436905317366,10.448368182949856,12.85876139451359,16.045718654116044,19.18816727223076,21.782526663756492,0.05229953282473283,542
66.67402471775128,5.418592100534575,48.042455373488,10.709584041359435,12.873448534690377,16.169160311434112,19.47203163249976,21.935336311358622,0.15927284560195687,543
76.27566186621934,5.672398956357952,47.78578474469856,10.669710062971566,12.907552839814636,16.081317760567806,19.442027775813067,22.14850983992561,0.06146440480818223,544
69.55639902135961,5.498710440734346,44.858377584617784,10.281711809453911,13.042173851451249,16.186628591059318,19.54244723855848,22.340185122810652,0.12405965461930722,545
75.53428559720862,5.658624429081165,47.709519408323544,10.713876005395138,13.06664908432669,16.551642409462126,19.77216075921113,22.422449704089157,0.11968167090961244,546
48.32740261786232,4.8585101057569835,46.27292320599673,10.526955840952823,13.658505529018004,17.077266092258334,20.13339448356148,22.063347390458954,-0.13150546090375795,547
39.62484750461414,4.53549006324138,50.36898286060382,11.043635074721308,14.01307446419988,17.097617369186263,19.565547433977418,21.969525388231308,0.17314287510323434,548
46.09232206587261,4.79283446775488,57.38333673710375,11.866497481072516,14.69133321847346,16.984207142771844,19.085851122822177,21.384971331030094,-0.05216203373581595,549
67.77742339186402,5.470031174307758,60.34110073197999,12.138780922388055,14.81155983787465,16.38250893831883,18.784431448510833,21.232122755856206,0.11299703941075566,550
88.57626782723979,5.993103093644679,53.39929363750047,11.255331326926685,14.24172220238859,16.18456443342777,18.986839225274114,21.39435426059815,-0.09040891661490803,551
99.78634307177106,6.231210842732789,52.52920201614307,11.177771072477208,13.805069216671647,15.888319054285258,19.137583702307666,21.925542855677126,-0.03325631814783601,552
90.73883532554642,6.026016713068861,50.38851310082784,10.931156319778564,13.579832731251209,16.230400081864428,19.411881336190557,22.364406578120207,0.05616618078027355,553
71.220164402821,5.54182382174963,51.330009633871114,11.115355108500282,13.342779047839016,16.461243808541784,19.63437625978479,22.39532656010672,0.03899599441977478,554
65.98575079978406,5.396523499054876,48.914874054372866,10.797721538806643,13.607810558084486,16.478197371247834,19.765154264643865,22.38016286810814,0.10774785427196831,555
86.13116483909003,5.924341017662465,50.48448410806875,10.99346788022443,13.38549112011023,16.528354161493702,19.584157463700983,22.33062910331499,0.023464618770475926,556
66.2511453554234,5.397497420414085,45.58921571168841,10.35274723445491,13.494851735225328,16.504534020714377,19.905805130040903,22.79202033904899,0.16744316823952954,557
65.94745645828307,5.395014295919318,45.45880515643901,10.367945463325636,13.34777215418823,16.654360017546466,20.233088342077522,22.731973055336226,-0.04006289197700113,558
55.74012796886914,5.1025974227765944,47.15479066816869,10.649616391344635,13.61784565875278,17.419057357830418,20.390073323339763,22.88481631081832,0.08205992949976561,559
38.194881618947186,4.479450239469454,51.44164260546023,11.152794528875988,14.136098049082317,17.343620614216395,19.89000596391735,22.25305890775463,0.0005531138629270573,560
46.9074188497064,4.821733909557725,58.55344605082974,11.982906540517053,14.797013332777405,17.469845494021158,19.46994736614727,21.987272722046182,0.1019507060201324,561
63.70663103729686,5.361932510300372,56.78114602363648,11.704243468367423,14.910230001590211,17.0048843522657,18.86315933930526,21.761546768205747,0.007286823782849074,562
107.95145979070588,6.407222676548148,59.300850194634,11.96281775954362,14.552720776669315,16.471292528424858,19.174791990075054,21.93581513434115,0.08909098149294582,563
84.52761177616257,5.881128377317643,56.25809247586427,11.616840794801291,14.150913095834447,16.32111675282477,19.583177266855127,22.404758822704743,0.04154188302934896,564
91.95549202356834,6.05255617771177,54.659407778455986,11.46766867140202,14.282749731528877,16.388117906299787,19.79150985533635,22.660153709791253,0.130473169982152,565
81.47494042725303,5.804020938355481,52.121438986787226,11.192622599874625,14.015400793960108,16.969701655992015,20.171023040361586,22.826662194227907,0.05092479844130853,566
84.57541847939767,5.884857547108072,53.74852548604564,11.386604921729964,14.006199927792757,16.92222602047769,19.77999673441112,22.85568918811395,-0.013552781779364849,567
91.96173399652066,6.054959584395621,50.02032552203663,10.928850130437848,14.200572289586093,16.904434339397735,20.120795154158426,23.041387130145097,0.0010575205529075075,568
81.96472867977448,5.818837910748486,51.89031957157014,11.16437014950267,13.953561785769022,16.90688227927615,20.175559511871874,23.0956591868201,-0.14226286487497494,569
70.19794626178341,5.517927944410591,50.916307027433554,11.086890167291356,14.048180423326617,17.14006530689321,20.5023171820603,23.298742115593207,-0.09365978176102492,570
53.3841006691571,5.023447157102143,47.28617345071704,10.631312048309184,14.562324219946797,17.629197471224977,20.271171876618826,23.20909352227766,0.04688696025418849,571
42.13939138553965,4.63779604916418,53.490625599668526,11.402122693852196,14.64375575132375,17.876111107017135,20.356939357141748,22.684968830816562,0.0002149080427685861,572
62.44644169192553,5.324385033882671,58.952278324797284,12.01010846928261,15.16317053436649,17.71500600602601,19.49988217008391,22.34458040426211,0.049493130452329864,573
61.31900646605695,5.2804881362046,59.016933898036555,11.951208900125732,15.380601929894532,17.50788337582486,19.40961524899383,22.05948052602956,-0.18893975878739205,574
81.69068119512731,5.814965679199145,58.02371445345471,11.78975714227667,14.832230570430156,16.705029377741855,19.364299897883072,22.65728910402082,-0.018874870186437492,575
104.57765377505542,6.330297396869602,55.11706892586004,11.47219943356917,14.539402746564935,16.749512713663158,19.878078843294603,22.848417322663177,-0.10772278744747588,576
86.16962257945136,5.918550866216004,52.2526278546064,11.146861084066895,14.203049690954925,16.89887130948083,20.206376972321596,23.353289755721562,0.057020090391209144,577
89.75510278810032,6.003837857750252,54.11652835767707,11.419786886447483,14.086480026242072,17.075023473050265,20.086753441700022,23.162543752943407,-0.09357331991843516,578
89.66760904397778,6.000588897998038,51.62846652475538,11.083771491970397,14.398657493722805,17.246966281717285,20.180146364624754,23.307741800545298,0.07402230636056872,579
81.38720965841895,5.801273013471627,52.107012430321106,11.165505421878013,14.345548848942896,17.2450919278315,20.336480431764695,23.27615114578433,0.09256446213940929,580
84.78326842995465,5.884005112829616,50.02954263693358,10.922442652751318,14.457305001022801,17.26377047979958,20.26141839463218,23.734134585063764,-0.031174790890455214,581
75.33813206205159,5.643360760615957,50.863940854958294,11.049039410078882,14.330250845707685,17.56690035341514,20.813984900266938,23.765999721254225,-0.07362648901421949,582
54.77507661699902,5.067677029391954,54.691625491557836,11.543538222386196,14.87341460459831,18.02796176183274,20.694844690680586,23.76028742094318,0.1054533696542082,583
49.44051691010257,4.903226972638106,58.22506762259753,11.9616708915911,15.51184261551672,18.26836023817452,20.40809678078036,23.188205664543005,0.04871618178256701,584
56.988496335805245,5.153873168331518,61.07615766707259,12.231078900223016,15.698962797660943,18.154394356874242,19.955302016079393,22.715284051582692,-0.010497668468466637,585
94.4428778872851,6.131438275714565,63.61688729865055,12.482466330033848,15.537941257815811,17.597617373304065,19.716067206818526,22.507827257319036,-0.06611567286136416,586
94.41294968614841,6.119085584678589,63.34698214932766,12.3849099576817,15.013965671958367,17.144620059116235,19.651031365515664,22.993964598521707,0.09082614092673244,587
98.16340272330835,6.193530684058604,57.579186651828664,11.740662125921782,14.70505543386592,17.25585400004944,20.011415340389856,23.59783335742332,0.03389385224620683,588
119.79439889266877,6.627532063332736,54.96868545820066,11.482166478638366,14.897659923858546,17.40295620394327,20.380741815389246,23.7425672633317,-0.08095174571305996,589
88.33301754718903,5.974831638466447,54.81987269183642,11.471329030633116,14.714153857822641,17.440791077279332,20.458661894174842,23.656364783221637,-0.09824552586675915,590
89.57790443833298,6.0009642732105615,58.25452488677011,11.882468359013737,14.710773534423925,17.48773374057238,20.30890808059493,23.8951144746391,0.025339791722120083,591
85.16374767639762,5.89132679007252,59.11068122798734,11.983843884280535,14.915564107126324,17.605783679647047,20.549583031949325,23.99579074555377,0.05265572504935742,592
78.90835297256626,5.7385546588468195,52.627523545157175,11.2568325954125,14.869917970776509,17.696735469408903,20.799635544397535,24.200987948691985,0.08923733745114522,593
86.59776984127278,5.93062632259837,53.12483800865251,11.315690013667652,14.700550403206874,17.99379358720219,21.029387373232712,24.392206235127123,-0.11864479781925573,594
84.55170776714293,5.888945514753993,53.92258341112609,11.443080642255588,15.176941008539856,18.354738537365385,21.118778709026817,24.007673193674915,0.08680664988511726,595
62.07046158888407,5.302658326118379,58.89324473253703,12.015240451949122,15.71500303178912,18.78591190460969,20.97445017523691,23.984979765883576,0.029171100909410663,596
60.562266530296114,5.266394214315914,64.48410277047914,12.607103303396483,16.043223103638347,18.43901894279028,20.869241029558985,23.335407618710782,-0.06240414398792106,597
93.14228559391678,6.0953132209057195,63.04555052283011,12.409566490217767,15.614316267305037,18.11930379210692,20.346223737123143,23.210090947239248,-0.06685878574474897,598
84.45886272552569,5.88535001526572,66.37978920888838,12.730081700459356,15.48211281508303,17.627840081134075,19.88875347753936,23.200654773544407,-0.14226006487830173,599
106.26585767689619,6.364862493000601,61.67015409656419,12.236940407343122,14.938186033249433,17.470165583810985,20.075778515467704,23.885449399482233,-0.03120953200462915,600
120.50087169313254,6.638067163252345,61.23569632903432,12.23184103901803,15.115336627270544,17.558238902700253,20.71158896963139,24.247485949213917,0.05054960442082751,601
111.99973870085965,6.478491444719032,56.14281071970556,11.613357914442002,15.097919317740482,17.698567660671948,20.86174048537613,24.143981502550822,-0.025872638638743742,602
97.59838346187709,6.179657192667219,58.968951712038844,11.95110427982804,15.185002699724844,17.7624751847255,21.02225100936369,24.40087778481532,0.009891547876311092,603
86.79106257894523,5.929175131533764,59.0187467105067,11.955529420125265,15.190231315062238,17.97425585553398,20.87989315425989,24.37323708263304,-0.058927085906399626,604
91.3127371855378,6.037978642493772,54.59055412720934,11.459894405007125,15.165118687932052,18.16752333480742,21.038389888683717,24.433259821851998,-0.07077387794799367,605
74.4066426884871,5.627048860802298,55.54167276414663,11.59900855596778,15.226894286075325,18.48423576183476,21.18644609591437,24.801944706481326,-0.072539425762824,606
62.23140610843008,5.294816267649622,58.11460864655132,11.924217105346326,15.770921112079275,18.83834565747497,21.689595326423838,24.548464707505378,-0.014007544122496064,607
58.92220860839629,5.203273219167152,59.680500270251365,12.087535708543935,16.067019198577558,18.85832515078325,21.685502816213074,24.23322646763129,0.047367189081680146,608
62.313785376428974,5.3167629454801,65.06129505361491,12.6675438651547,16.450811860300888,18.881078809292216,21.379445951660905,23.812674683173892,-0.053273567303527475,609
107.06068769052872,6.392901862313446,67.97469070469046,12.92921366548584,16.085911170304215,18.31024768808614,20.797750060007232,23.43119303198478,-0.025450105340661507,610
108.49519304299115,6.417622197475307,64.82562365482585,12.554842370352107,15.370137819630669,17.85004302343956,20.203690401035445,23.81613079739888,-0.07685457897914108,611
134.66206458192565,6.898816760719137,63.17402216061343,12.378577250381593,15.153350853057098,17.830906027300603,20.61990154171011,24.35178375061044,0.017111389853127063,612
100.71557388719839,6.24335917932763,61.81596424705088,12.245427758667358,15.345364108665356,18.039582135660748,20.80201567754591,24.763175503322454,0.1425541372371019,613
112.45953807307932,6.483648268921194,59.65163585312458,12.02033693532063,15.340720404837302,18.174773234929404,21.08441488327655,24.791742561550645,0.045520272463714186,614
99.91148127708858,6.230920207764624,61.7051269582888,12.244495220719239,15.403574916034344,18.329697530552416,20.967112402004418,24.64693789660351,-0.1154585614426325,615
111.89501916616159,6.472352225953254,60.89391581236865,12.165655583408276,15.496598201309958,18.384618025575822,21.460821730868194,25.04622884201612,-0.006516161814069105,616
126.17162139809928,6.740394901128689,60.0993429526274,12.111409555749168,15.485906537773289,18.42255587512837,21.539877558691536,25.05881531966507,-0.06328434548521167,617
92.88353330407247,6.0694410114524056,58.59320034276616,11.954989400596162,15.728002056877589,18.76768845220171,21.77698969645366,25.133590601308978,0.04474207112023787,618
63.17934645014581,5.316947174413525,57.246182225852095,11.808662470957362,15.990741501974941,19.23014727093727,22.25173463212285,24.962483471687325,-0.034360109440037936,619
81.87477343297437,5.831716635099442,63.61280576940834,12.52597976192429,16.38487932756844,19.218960136284938,22.440509797317734,24.797894453338053,0.0387495847814461,620
68.40077948582423,5.489429505698093,68.89984855323414,13.065946006961166,16.585382016326964,19.25379829217953,21.870054094475165,24.281508433366437,-0.09925328074971897,621
103.7820015682907,6.325478195030478,68.4525653004569,12.957112116778442,16.129935579854124,18.858922990752973,21.608341980947053,24.13235249600291,0.0288838351659376,622
132.86507715152877,6.873741199728488,70.3906049308622,13.141434287684346,15.657711466034465,18.411242040664238,21.12550670223907,24.39882697419349,0.01014000334052567,623
109.60303161025625,6.428947690123981,68.13222604755687,12.911237633385236,15.51536271428114,18.236938223333937,21.06367830964117,24.769199519122523,-0.010721116895223676,624
111.13581204740021,6.452925608329983,62.013110454432045,12.240925628263696,15.497406956111057,18.399144168362692,20.893544522560713,25.195311998251746,0.12288150027166052,625
103.96270123417527,6.309164761641245,61.27834020568172,12.181416762638213,15.750072102469742,18.653602518342932,21.637687878036346,24.998814460392,-0.0008648626012240202,626
126.78056816072463,6.757898495975132,61.83380295895909,12.25685540374647,15.724271397298866,18.48173386398228,21.56502956719241,25.430976167900006,0.17497539194462958,627
116.88034330303155,6.5684209707252,64.22874206883259,12.53486337011146,15.564889237219209,18.628633517574727,21.704192201155895,25.44879134704891,0.07771284592755283,628
110.5640783503366,6.442883770635901,60.342986440833656,12.109026816587333,15.60738724027192,18.858131265310025,22.06734039094556,25.560372243155406,0.024424174323057227,629
104.15112932685406,6.31543489975494,59.66348032376581,12.06557070986531,15.861334116142212,19.046383227644622,22.475473085376464,25.74951186794317,-0.055522594417020524,630
79.82197081312684,5.764296637054452,58.846301267636385,11.991621819603193,16.210369183751478,19.439694079635174,22.94953537158571,25.587483747728566,0.08496702524484938,631
70.09533541488672,5.524366781305333,68.91070129727674,13.091419237321027,16.73107547996493,19.64927245356463,22.990601898290134,25.146712438647768,0.0600745162884758,632
88.69822491179087,5.997229951658849,73.01885565691848,13.490501695243328,16.632216145019047,19.49247050860929,22.26851525100881,24.71459334777885,-0.03970307995787248,633
130.07954625802117,6.832195859025338,67.56772700387594,12.844051880173044,16.216139480183507,19.005008995947495,21.984710191222792,24.714076035612035,0.10128137051953733,634
114.94687157820927,6.534158512593341,72.73811182554057,13.377015993431309,16.14425316994895,18.78274644513238,21.53197647669471,24.843093295652803,-0.024136945470136603,635
150.92491213999506,7.168533435492114,64.44465240142753,12.515180065548108,15.541457580049682,18.495324881379734,21.471816692577793,25.288048657230323,0.015134693365674114,636
144.29848754189808,7.057739047453108,63.900130246312095,12.428915542678075,15.89214613232449,18.736967260401286,21.64334670866851,25.559942816762725,0.004238122869612564,637
116.57034934215145,6.561629722348994,63.09393947931744,12.386361160339044,15.772709261733864,18.985365775577847,22.208048057097294,25.79990593292219,0.05835250918333419,638
103.24474336231445,6.302215993923567,66.43919348354189,12.741460795621164,16.077426808320013,18.905984793873994,22.471804653325126,25.859851134305252,0.03246816532288501,639
116.97150379582774,6.568379266772762,66.23637243743016,12.727974058172764,15.815260563379981,19.198622691696148,22.322423433346074,25.98251586569941,0.24112440396396845,640
109.69087706431672,6.424901766396018,66.19422447659203,12.74935064636666,15.926804163977739,19.112493259465605,22.817455838108735,26.18386831069734,0.014948410073950924,641
105.03447771620618,6.330018762639645,61.63210643792797,12.269076610542585,15.83506345068753,19.28303240038396,23.00369329391214,26.19627534491572,0.13104295008315178,642
87.2088979097721,5.946875906163441,61.2795854775151,12.22375401104079,16.567614671620984,19.950328709283077,23.442523458611973,25.986170182730465,-0.09120785101897938,643
93.48649555209245,6.0988702998807724,66.37671194921182,12.791760427001819,16.98655861283037,20.08548123998395,23.27788060223559,25.795373871630815,0.22726589908933315,644
80.97616404668199,5.809568181096006,75.24054550041339,13.700116746227362,16.90241673111869,19.82409324759761,22.906856031779807,25.160310126404546,-0.03772356740962734,645
88.41548781254924,5.983527153524752,73.75961465691822,13.505626170882273,16.395423158751115,19.41780171284957,22.507472585823734,25.101230902590117,0.07710362167598055,646
131.15721733906153,6.840555058499705,73.49338774105529,13.457906094234945,16.267504371028515,19.135643232100737,22.259808356998935,25.136145668735715,-0.020426948780729894,647
145.51925633097758,7.0819846081744044,71.54956256313443,13.2583285811253,15.779101233683727,18.71180334742114,22.23651780394086,25.669174807544216,0.020231818055835512,648
127.73092355229319,6.770237823521821,69.27625465324525,13.025257983840373,15.765376295146645,19.195649356479702,22.39337915001871,26.06115715895181,-0.027959115351752724,649
141.60192723190568,7.011541708904577,65.3457705429753,12.596358187076321,15.84197538673119,19.11305578372411,22.887241551162266,26.336734129141984,0.10091119062550553,650
135.95749541772884,6.914857362608413,68.87109589407679,13.01047022721183,16.310225001453013,19.249523914237503,22.967383530412842,26.382727024170407,0.13152366287442813,651
147.8601992407007,7.119041690750683,65.09690688966602,12.598068402977864,16.00316107945393,19.610665991532414,23.004914009569045,26.539388364087003,0.04607420101184635,652
141.95645300769792,7.01685477392788,67.69406961035368,12.886087255520135,16.14987577388251,19.59113320270007,23.473891399198553,26.643734540865857,-0.0647047639408727,653
105.6329518854501,6.343231200809269,68.30837500066963,12.964260188401736,16.25406330844979,19.77329675588521,23.759982696898998,26.900704323857585,0.03681465551984069,654
95.10293686771523,6.1258206076846795,63.73474559284437,12.48483345737946,16.567897379218266,20.241044586641586,24.069958188535715,26.620913665587715,-0.02166932540559205,655
78.2949571665728,5.734479364688111,69.7128701815076,13.111786658579645,17.319175939452602,20.317906603676146,23.75697747981948,26.211457360739736,0.17180999962398225,656
95.56841132970096,6.146186029356604,75.88137450947369,13.755769616452039,17.11889812683913,20.246156524615053,23.333656646654667,25.79709752080358,-0.015355032217003803,657
111.60441923967545,6.47692033794338,76.37504549719041,13.750378742897391,16.626759955530446,19.708989478494843,22.761707100453517,25.569988072339417,0.2710546768846383,658
149.53666182579755,7.15211537020763,77.18091366909418,13.81022799328427,16.114226164299787,19.240687386989286,22.72753633395725,25.763697032922575,-0.06920861566283695,659
161.0598949465888,7.329439311050715,73.11414727110842,13.39771440925791,15.990103632375293,18.991802949943473,22.795516434806306,26.01047871145509,-0.18396549898024644,660
155.23475540691152,7.2322800428538025,68.24688128181022,12.900592568663972,15.958726116390968,19.230925576771718,22.983524924720054,26.437039802995987,0.3208160913916495,661
146.45258491268706,7.097062937031329,69.49423369526703,13.015665444172425,16.463687001431946,19.47824947568742,23.219773396985982,26.747585485787805,-0.1448357837970381,662
149.8500483206259,7.151280636433701,70.59258452696713,13.153348464600413,16.33278736655088,19.75697507604009,23.596519342048936,26.70590584623021,-0.00849898009367489,663
121.73251779859537,6.663920762577425,69.11738244615147,12.998919894907054,16.121527151448927,19.585676116568848,23.5429230270809,26.73120583551547,-0.039499727129817475,664
145.73250610972488,7.081288507376701,63.92524960970781,12.426257447008664,16.20109612433823,19.856024061721108,23.721818228013294,27.022013777245792,0.056831130896587916,665
110.59074116779313,6.44274460242405,63.57661566646827,12.423137837825122,16.733953675530184,20.318120791319167,24.173476642731636,26.98952784625666,-0.09661853720724374,666
80.27589108218056,5.773129189975384,65.94314931952967,12.722007636578299,16.9726769124424,20.45731973346972,24.356246997630482,26.773544386921966,0.060673317741172655,667
87.74112506020224,5.96579037348002,69.96652902479195,13.123710290916856,17.529775405930973,20.666506569297866,24.02325501102239,26.686709718017887,0.07633388475316,668
100.45757991962107,6.260902782578592,79.85652548559747,14.146120381949029,17.447622395015387,20.46668907710472,23.651434771999398,26.155215181407765,-0.1708087705413325,669
118.91429288674432,6.622636079486863,81.77499501260543,14.290477876059978,16.88833482717848,20.20368543332953,23.387580407507713,26.249632972296556,0.0346680748743709,670
157.06373049856148,7.272411390838229,81.41600794616704,14.233479127055238,16.40644669167808,19.624669540548155,23.161530708258706,26.532158211011918,0.0757423818050381,671
175.9490649756872,7.5529763379128,76.8686729804911,13.782157125829356,16.056895231910303,19.58957006622984,23.237662983808836,26.716465211522276,0.08306235475398316,672
179.7420392182442,7.606182362159179,72.52003230936162,13.338489362566747,15.986137543977296,19.719668668991254,23.728360548657527,26.971866409159926,-0.10519278219798232,673
154.84042689973177,7.2291874762060795,73.16958728326756,13.401871396370895,16.23079865851618,19.88218533638077,23.757816678810727,27.248581551267517,0.0643992678531235,674
155.96840320842296,7.2524076778050475,73.5781121450292,13.471738703337895,16.244011499320507,20.27840458029727,23.87959644085079,27.29157930311942,-0.25927165154022686,675
141.3752535003027,7.009755016838487,70.79521959881923,13.147937799810876,16.503178669803226,20.157032081329877,24.088291091677064,27.106675029461385,-0.10730001540983543,676
116.84174313647993,6.564999452828976,73.52093334353476,13.47128078332898,16.373601032727453,20.297034735062137,24.35261473944599,27.526543561653593,-0.05188453132811776,677
125.8482610597438,6.736160383757125,70.26530376799693,13.135292455764786,16.40397564329966,20.53423788004674,24.573330087838176,27.80496371770688,-0.05599357943615521,678
92.78925553662442,6.0725824816636225,69.84974239539444,13.139255427148239,17.16084047892065,20.96154932675632,24.578222363208454,27.537979617933804,-0.021424454337091038,679
98.16263223173763,6.194812733387705,71.37925378620378,13.276602061709028,17.4425806863154,21.098007800365455,24.382065097685413,27.305412466341945,0.19984658747459308,680
85.65674260581162,5.925484531739986,81.75589248899087,14.305191586514798,17.459600932487348,21.049519843440642,23.798334540788858,26.688112959522606,-0.02108297133561673,681
129.8139190377721,6.822406897451468,80.35701370362789,14.118263604750428,17.449303396403078,20.56024238234271,23.54376460610314,26.695550348694862,-0.01364737118783534,682
174.71159439849856,7.536798296386127,78.06519301600872,13.87513896692111,16.72673824874874,20.054945776962665,23.607185877385323,26.54256661177659,-0.06775091168806363,683
158.83907899421092,7.291920405455509,74.86482313273137,13.55372351054385,16.486328217507744,20.088503688231228,23.685261425752877,27.089648164452644,-0.16608668758020834,684
137.6205988797335,6.943653140723716,75.09361990900526,13.611118796836495,16.652644504294933,20.125062980248195,23.838425135262774,27.59819785913821,0.054695951501603834,685
134.42193397350314,6.8892870514682905,72.89985729712843,13.354866863877046,16.253587157660608,20.34193433778181,24.242994886392893,27.718430666667185,0.17111015603628704,686
161.02118680018168,7.325912610422585,74.42060874393599,13.527759094180757,16.719996834035012,20.456141588181794,24.200571643172776,27.744404833378937,-0.038115530770242934,687
135.44501220398894,6.903685505272815,72.8231154009333,13.376862333925201,16.681924939329523,20.431994534902618,24.331858014639792,27.69297093253545,-0.13263486680493447,688
165.35771637269383,7.393173371870773,73.74198413083158,13.494499632336598,16.4637341618796,20.5516275643953,24.584653974748466,27.963677030450683,-0.08313656987973053,689
128.16891450602537,6.77534655514416,72.80891822475375,13.401682270813001,16.79572661794452,20.89764328519304,24.976014123702992,28.229749748120103,-0.06255046518957602,690
120.80005219945734,6.645917577058855,71.73750769487168,13.318296799462562,17.23990439050343,21.279718530821775,24.85896704045006,28.13513714702647,-0.06934133311673524,691
91.49859000595085,6.051565938730603,81.85353561080339,14.326786156570256,17.656265165140123,21.57090288926956,24.53865230434555,27.57947171022226,-0.06628522221367054,692
118.9900887704854,6.623200082449643,83.21719213888427,14.419100419860177,17.723238731688813,21.433913070774963,23.928472579510178,27.03991477943122,-0.13166414286580103,693
114.54792953115215,6.535440588866772,88.08221389263626,14.852663900480218,17.56484187702794,20.908818730475613,23.784357512943746,26.956172618360604,-0.08530899972351577,694
160.69211768754212,7.327323502697327,83.37259591654879,14.387465693169739,17.309892148935656,20.367670055571402,23.72667379665311,27.16873321340644,0.09265600692170585,695
143.19801981434563,7.0374146361986,78.62099441590846,13.913532379451217,16.81390669372515,20.462808590305908,24.196114210404758,27.550331441593062,0.005155456332495925,696
153.33589089982823,7.196210769699379,79.3316027537579,14.041671706290824,16.818217176820177,20.56610254814106,24.42809633468669,28.088370315040613,0.3101885803744864,697
133.78269826585054,6.875489037474869,76.75047038511413,13.74681177564016,16.86612430485003,20.570449818293618,24.645192388075436,28.0204395291363,0.062244104675946516,698
175.36750107051458,7.542048683306389,74.78993798669184,13.552226456325963,16.66904926870338,20.678700507614703,24.627721626886785,28.199137684391125,0.1486150645860495,699
134.03216904072644,6.875681936527297,76.35639089964867,13.732692597533532,16.985994418995613,20.697928044139402,24.67893197362135,28.224700440374598,0.15705436007190146,700
157.77971355273192,7.275184686308361,78.2168535608795,13.914266535336365,16.83977205563853,20.925750947414695,25.033564363406814,28.464283449316127,-0.14469455214256013,701
140.86947798035214,6.9994495629246085,71.28198616157195,13.209688767813983,16.91389069014467,21.211519291497506,24.973550511623344,28.6758271970452,-0.09199801110736966,702
91.73243154604882,6.049310571815096,72.79741048768625,13.429084635458901,17.58708681996164,21.781601251541264,25.16431640385723,28.577184964601784,-0.043540562742738965,703
113.75175141884307,6.520043357000487,79.93375799033308,14.111216797910505,17.883946062957854,21.84746902620239,24.90245865787829,27.972347161557597,0.037933916628423964,704
122.84211615082666,6.695550261628923,88.16403629226214,14.896873498190857,17.98198162263723,21.744473384363296,24.31150510726688,27.746724277408788,0.11883499206053488,705
155.85838254805088,7.2563869793706415,84.84833729494983,14.529149788042131,18.258184600275026,21.318127111178246,24.00202044549623,27.551129316796,0.15560163269499772,706
193.07049837541248,7.794872891360779,85.19226897833101,14.532088565204866,17.429976668339396,21.010251300769742,23.893126574938574,27.681202373681774,0.0034706067142122408,707
200.27050524590774,7.8909963065726965,86.16907476659087,14.649111995686006,17.004357378075454,20.724000030974846,24.20829660222594,28.140086066103247,-0.045043863782585326,708
164.42478335070314,7.375843067096144,81.24261367888789,14.18885211584088,17.347970186861584,20.902931439336005,24.628414639973847,28.513526835666404,-0.08947539873680996,709
172.04646951640413,7.493249805589785,81.6468452150268,14.208331944920586,17.25089118191804,21.05751685391609,24.908197633073716,28.45171384472815,-0.007028192201435019,710
165.9909618146397,7.401296068751524,81.73347240508157,14.221483214685913,17.00806975043727,21.155631045351765,24.757682186984287,28.75040794195071,0.072166195980949,711
161.78129825835757,7.334659434493532,81.33496533701029,14.216375625940683,17.01572091547479,21.17317820534484,25.044591807934765,28.617102776269412,-0.11297953982960518,712
172.60178175217703,7.496595521267403,72.77878385685622,13.324508284363677,17.136971816802937,21.274330196359855,25.067931777021023,29.1223442846255,-0.014248242438660505,713
165.9353525276192,7.399139423223405,74.41669867093407,13.533987839173868,17.31437580021663,21.57054524273851,25.468017452844293,29.010724696130957,0.09646793941636173,714
115.52704351824893,6.5436091382348565,80.13541227998306,14.136356937379091,17.84441340220551,22.07602818384991,25.51046824776285,29.068153749640054,0.02056589208860058,715
114.39227522260644,6.530445200823238,81.88873120351835,14.28231000384328,18.021797903087098,22.203626789024465,25.341191697879044,28.748616558526116,0.0033246516344661576,716
129.87463650181925,6.82072078362513,89.89042831418567,15.016914989110523,18.34023194869328,22.05323431874866,24.696317958360616,28.159108448376347,0.03316965787145939,717
159.49053464413032,7.312402210680919,89.01617679666404,14.895035164067114,18.585912390391638,21.481130163419056,24.322512737184656,28.061469087219542,-0.027624838521399478,718
193.74334951618704,7.806361951441046,86.49195611878628,14.677727540716646,17.94709114496429,21.02521029815648,24.175067960286697,28.23742551863073,0.024917050128817966,719
173.73468762314764,7.518063931641684,86.81636287048451,14.694875529059113,17.622263073391363,21.242059296922463,24.651992155484784,28.549511015512575,-0.021542655348545797,720
161.98599005863065,7.33657828817775,80.4110662857964,14.089771173736615,17.461226817006434,21.102272209427987,24.84661964024797,29.02620477843264,-0.07691302177438547,721
189.31423688087753,7.739383122490676,80.58602566868794,14.093099180795393,17.625966196009827,21.5634119459028,25.305631755275872,29.31288682383965,0.04512293855218331,722
169.30889103807456,7.4528008089026,80.30994043117705,14.07463116878093,17.360576751512475,21.448032395901393,25.073927010001402,29.035772952171133,0.010768631949496933,723
181.94067518425533,7.635308038321993,81.56234933919588,14.195348447487008,17.50126068063659,21.54777960088029,25.1884528162046,29.073029938759714,-0.11472664914614635,724
184.53777626551715,7.667713083290157,78.78657929829636,13.936098124061226,17.134105581464873,21.76503525306501,25.36376821643326,29.548676742022977,0.10993517422876556,725
133.28454537830802,6.864911733541208,76.14192034876002,13.708933963452726,17.478584840084707,21.842655170740553,25.466424830784334,29.660690525347476,-0.14501793702102625,726
128.62930252632418,6.789212232276769,79.43512408876997,14.051666539865654,18.109883693208367,22.354624957929904,25.751196597840533,29.444436902011454,0.10540415961636707,727
103.3906978628547,6.306367338727553,84.09822293419381,14.493020935322681,18.42214421834689,22.570891262327063,25.583650104867715,29.033646472582905,-0.025832035727111742,728
126.72413347427693,6.76863429526669,93.41898463145353,15.364821273746719,18.748178976385653,22.526483593371058,25.251447570270866,28.61491412111955,-0.1740319565334422,729
158.2893352681397,7.296653678931713,95.07276979488292,15.460800243124233,18.979067201176328,21.84989143179517,24.995262039228546,28.576084480421528,-0.07051912089293261,730
170.1357515796658,7.467305829326011,90.6609641637364,15.04852200107192,18.70646829557085,21.57531820173237,24.550485673358324,28.514565383723568,0.04896261438724024,731
175.2815767680807,7.539458199688673,87.1194627428552,14.713610767817908,18.159090129989078,21.601493638255217,24.88334770616676,29.084350012603284,-0.06470166219514599,732
174.3760051012664,7.525507439148551,83.57505546401165,14.367761436355654,17.745496731719683,21.660077011906946,25.2814491715385,29.326244395608366,-0.0143572646638164,733
166.37082982732187,7.4021622207058355,84.60385896432207,14.484720504961567,17.456901131995256,21.715674783309527,25.417589301097536,29.543212293474404,-0.014566107319743485,734
202.14187239980873,7.912436817031608,82.65297076006645,14.301547066705128,17.776439854665988,21.983641642920347,25.40609117087828,29.605325848642824,0.0582746440658099,735
157.0832565981289,7.261788128853581,81.80430686342905,14.20431842334839,17.6825799799705,21.860813824900898,25.49457426561701,29.645272640180288,-0.0707523296003946,736
181.51563249841038,7.628117547929341,81.1316182779083,14.15272433742392,17.690301676998214,21.965763231114813,25.651715817074148,29.85926004809469,-0.13360617550554058,737
161.57414269845023,7.330735365362918,81.3119201943995,14.206673956248894,17.732826580364964,22.31874170481028,25.921190358766804,29.926093579999723,-0.0566998335941242,738
153.54956767662574,7.214200577419098,80.94603612153674,14.187737833616465,18.35838486805873,22.759971271893193,26.09809433056845,29.83058310296333,-0.04744145953658446,739
143.7276389270288,7.055654387458946,85.7954448214016,14.64210695453613,18.60338526989168,22.91469404682512,25.967014319711378,29.848545671458986,0.1966868642912667,740
137.7705542361264,6.9606788395459525,93.7212506053695,15.359613177137515,18.897164838778533,22.641957953113362,25.939719251136573,29.060569645483547,-0.09109072141999566,741
159.52774611659822,7.310300407864563,98.47981192857118,15.752015592695882,19.18372582543943,22.172868246521638,25.37485740966673,29.152017692235177,0.054808770408214205,742
175.28547951074245,7.5457722199531885,91.15586114377169,15.050535100040094,19.113931867428725,21.894283667613276,25.200368637060702,29.28364126226653,-0.10863205578814786,743
196.6704381763453,7.840819266835115,94.67850272509979,15.41458992942199,18.303188044739585,21.884637904391713,25.162298699005007,29.52652177927396,-0.028933498825298422,744
181.2901170308714,7.6241323098266385,90.35614092342597,15.015368398229796,18.642450748451665,22.011877571766632,25.479851582965537,29.863016859534422,-0.00010132325366156637,745
183.32236706954083,7.654462918982511,88.65686183336427,14.844965517012437,18.160461093660267,22.163479106529227,25.682809934726286,29.88477993231391,-0.0991550312574695,746
208.4025096301982,7.996058007897779,88.26689638160765,14.83632727468013,18.30719020273545,22.344238716291645,25.574733807305748,30.053869174118223,-0.1396872909282786,747
186.2125568530078,7.695847902300229,89.42054015031992,14.940575721239018,18.468790648659887,22.31349945465081,25.97300164678482,30.012910341449548,-0.03310505314720805,748
196.72227772815938,7.83741526688016,87.22446765526982,14.73272841573535,18.34570710910026,22.41043527006521,26.271116298166085,30.3520035755385,0.14732243456394703,749
136.80194491613682,6.920767044412311,82.29970986683698,14.282366719323033,18.330559629493326,22.73675937284267,26.390420638955945,30.540293042500483,0.06960047866482003,750
141.69674233971804,7.013480477583965,86.56068477507482,14.719360827244188,18.676937579860706,23.047635877104035,26.755102933346052,30.55340087462646,0.15466114107635742,751
122.03957947426059,6.672430404619436,91.27435613141489,15.15483181587515,19.1903127633912,23.491552629638456,26.86448959859145,29.937350934153354,0.17684253285138457,752
122.69428902299252,6.6905069005903,92.84996775149841,15.252747256168435,19.668168989521217,23.235818616962472,26.75487120839228,29.46290138655217,-0.009480855938998854,753
185.36458512651663,7.694669200905713,96.09256901879398,15.517387356416926,19.63712027442098,22.622422677623376,25.904733263374,29.30928498665728,-0.1762118012472544,754
204.94602741774466,7.952041515710779,95.90007380801138,15.484455723961343,19.442471877253748,22.122556298129663,25.618297749417867,29.684715246550116,0.19209008220860213,755
208.65625421289113,7.997234799449351,91.82071229643222,15.122282678908658,19.003646371753483,22.073771427710767,25.72565622214651,30.041464705704488,0.06710124272110006,756
200.62332988126803,7.892007348699688,91.0949027269678,15.062498115899,18.620858089312925,22.237726492723823,25.935259730094504,30.37921335293067,-0.10746937016917671,757
165.425357964804,7.386952281080423,88.62785114416283,14.838642009410295,18.48326772845588,22.615729836175394,26.197935939156558,30.702126806211346,0.23457330389610076,758
221.00301149149917,8.155275036411227,92.15685932983325,15.177411638123182,18.626136797181346,22.633186373319383,26.252507167699473,30.636016127551517,0.020565664059489883,759
179.55641708695117,7.601090305345959,88.89201724024153,14.866866220695348,18.769246840052563,22.599918868117072,26.51708496507644,30.624538969026684,0.17741822235037688,760
202.90471242319308,7.91706286167766,87.54955723648138,14.758600858330297,18.43769449112075,22.71617524115078,26.834479523074954,31.02581877326681,0.1272422160284049,761
159.48676287162075,7.296347689484043,88.89286501073114,14.909029000109753,18.806576552140225,22.907279997449148,27.017990930124913,31.136540756750456,0.2239502879643737,762
156.63783207980472,7.25686250933768,87.93679137711386,14.83171562232652,19.2589156483945,23.427226570306598,27.412432314323883,30.75178492509821,0.014687517312181854,763
131.6499120197688,6.847984380316451,95.30118821930526,15.494687234029165,19.382893921608442,23.65656678808573,27.424253947491515,30.415998603013662,-0.08758399540230916,764
124.26304477041174,6.714459495145218,99.56493402005864,15.85988722217003,20.25487980811105,23.47669547352323,26.97224296394435,30.06275808263489,0.01624060508427266,765
174.767596385546,7.541599047548964,102.78232706700773,16.111573003586717,19.99501438967903,22.924344739786136,26.59098411453234,29.827303129683283,-0.009235820683787886,766
195.05411980388197,7.821299702282155,103.3106336325337,16.121913978300867,19.697795394893213,22.536500820783317,26.22993850343952,30.065020062877064,0.04662251226514788,767
195.17659407612524,7.814917021842642,94.96871405009429,15.405816830594741,19.318998026442436,22.425421709853204,25.984137697347126,30.781017465479646,0.0685048963650514,768
189.13462546539813,7.7329173901552615,92.25721296570602,15.15428770822793,18.99012164228507,22.64872336241648,26.528359377853103,30.802259352112063,-0.14226085984766193,769
209.22547547731847,8.004642981768797,92.89266070954022,15.230568554936255,19.182090593590893,22.877502182862983,26.744588732725465,31.02636706734531,-0.14014511477241795,770
239.4060673303332,8.378071135617516,92.78711914112404,15.204374989277728,19.202706619750508,22.89713040461547,26.71575960013903,30.930523150318763,-0.009096489479132863,771
224.2155037545004,8.193363517355545,92.38603757407932,15.182452139328191,19.213322020294104,23.150971079602254,27.168173854319967,31.246547108282865,0.1382520642408226,772
221.54231126339897,8.158821158180046,92.15388764769781,15.168561592407618,19.235384148473184,22.842411077461154,27.334620639840775,31.287967154514284,0.06212516108950558,773
180.35542647194683,7.606175501287411,93.39044245179439,15.327990267975984,19.225597454642937,23.50548771514553,27.74398073382282,31.416708334248042,0.14443437020934313,774
165.8183916258658,7.402956346667258,90.93444297970409,15.1019453692042,19.53879007361483,23.994590256102367,28.077348182647047,31.361589650288085,-0.1867060180894965,775
127.40021419013821,6.770815575276264,97.3163207336081,15.675440262516572,19.95549685201938,24.078472803082086,27.865260522915666,30.97757265215846,-0.10878520374669252,776
162.34882318113148,7.357320263427672,99.6602642181737,15.838043091098307,20.419711282703506,23.809320555030993,27.65058652370793,30.620488014435367,0.0034210118332798378,777
174.9648449206837,7.54512471762209,104.91065565987239,16.273486853008517,20.23462503660659,23.475408833785337,27.021807786255835,30.349601870052457,-0.07191868959629409,778
238.90796229476592,8.377230101444217,102.60919368312985,16.06205016243136,19.89749639046619,23.014297169205392,26.81389641667866,30.55099173434527,-0.06067488426475648,779
217.0846505206211,8.104801781454103,101.05415678096237,15.912134994879722,19.6522869425581,22.946403783882133,26.747821375696102,31.149035988304316,0.012401531860560502,780
257.1248271955646,8.582829201986579,95.2472529844407,15.425949209330309,19.50563198546284,23.0195888559488,27.25709309650497,31.35175813814709,0.050660590967945576,781
194.0000947511454,7.797934332931746,97.22202519455112,15.614567959686939,19.27486826351295,23.333540919277475,27.35999833253213,31.38325596725331,0.10981482521877471,782
239.3138425411852,8.378824107633832,96.08255896080782,15.486750036510234,19.829989904253683,23.365130375995555,27.679837285369473,31.549579606086652,0.07261290561155535,783
212.99326376873984,8.047591265512155,91.92251295386379,15.119670655110129,19.674991398876475,23.32856506048507,27.812962800605828,31.635435639468113,0.26111026783878416,784
200.72398074418172,7.889056693144399,95.09245268056918,15.422417222429045,19.365804411183106,23.42937079800014,27.647823495115635,31.927205801858655,0.04386681674170094,785
172.32135346617054,7.4902956478005445,92.7189211861068,15.225969599005198,19.555129314966123,23.723388212697284,28.28749990509958,31.783804122299898,0.1181226764414992,786
171.69021270551647,7.488945372416765,96.06784269126315,15.55792264998142,19.87549482105516,24.088359619221315,28.503260032896087,31.968348702699757,0.08757409637609487,787
154.43483689063586,7.22543955563948,101.57085239806764,16.03901114387036,20.434491922241687,24.48841506042371,28.426179327542133,31.429731497321384,0.08318314520963795,788
179.13324795673645,7.6051643179780255,108.14305012572656,16.573155503809133,20.86050452326967,24.18169237949423,27.97010219692995,31.04011889546748,-0.1329451814662408,789
192.22964738796185,7.787680153017129,105.68394091804333,16.319055429711643,20.407143838533965,23.783313050644697,27.636013985073784,30.940213249357143,-0.09819723056156512,790
239.46226504350196,8.384633677908182,106.93186435384283,16.413961907259253,20.285954688719702,23.194530704395056,27.381997278089592,31.103733619513925,-0.1409369387558542,791
241.41476834688993,8.402819148863724,104.45637762369037,16.20835465804077,19.84930104097986,23.244465760652556,27.327174767481097,31.422426721122502,-0.07708446264578069,792
252.02850473941848,8.52427183576298,100.01905253357981,15.822918304727313,19.913036465109474,23.233743781540717,27.711718152772725,32.14192832455872,-0.055797200854619255,793
225.40327000123176,8.203932215656783,97.35503405951022,15.59542289654696,19.882167847413537,23.62201051137972,27.979444718681552,32.067075193001784,0.1609164968827583,794
236.3147989970901,8.339712753889282,101.30526823674039,15.963965525342187,19.82178417067484,23.686947017600136,28.140246700689275,32.027742002385864,0.08504872032019087,795
242.3701934426907,8.41219138013127,98.40536476430765,15.709607567133979,19.85462540418388,23.70260104493161,28.268333900181972,32.159596407844575,0.0021307490355111105,796
200.43950163205272,7.884675087545506,99.35070287514775,15.803706942390075,19.89835246956868,23.84236740633676,28.562609667790092,32.435569548706646,-0.04884116560655365,797
172.26436484974502,7.490347809179494,93.394980244521,15.291773425091781,20.019222201519682,24.177070297422414,28.789747536425388,32.46011599114716,-0.04411577469454449,798
178.46747074925,7.585217372916132,98.24078512204721,15.744803751727206,20.402516405344294,24.447776040679457,28.85416240227777,32.394935395429044,-0.10720517723736783,799
155.29530384430194,7.2412547769731335,103.84889210523838,16.21196035930433,20.873865129164646,24.731803280818745,28.78719386685496,32.03882559768338,0.08467362441910652,800
155.82452024140636,7.252748403330778,104.6501870998493,16.269501647374508,21.111484104709966,24.578095223552054,28.065304808194657,31.481052516699403,0.003983176822313447,801
225.69279037399178,8.222545102129969,112.04413738361635,16.858004669644718,21.030391286992955,24.118150107097392,27.88391155387884,31.26504722530209,-0.008509497042491564,802
246.21231091914973,8.45976706697623,110.73315157526264,16.73596795676835,20.39473372740607,23.685263446252268,27.891293858572904,31.497497753150817,0.05394385206366479,803
213.85006406105626,8.06213199327349,101.62096121536992,15.941106565170617,20.12105776319419,23.56070345912753,28.131865467946938,32.04569123286247,0.16666089083149224,804
253.54117852935133,8.539927105109383,98.20753463387449,15.654806942057725,20.098157596153868,23.822387660212314,28.271114602137256,32.19716173673379,0.046667679808076484,805
235.13726756657712,8.323716637542514,97.22400611573676,15.578663440954054,20.32375504202245,23.86657816145902,28.68040892758136,32.407086443388295,0.010209062488808178,806
257.42742896273774,8.58503149723524,101.52209033746558,15.96163901598829,20.302141592446493,23.979229386844104,28.629459448689737,32.49757464088427,-0.04202578977002351,807
258.07200646086017,8.594017498412539,101.14858525819272,15.946680511493907,20.507455507662378,23.986897022103346,28.56163142371562,32.55636974263546,-0.14609766073551406,808
244.4167541508863,8.433319128618368,97.05855187705056,15.566573825276029,20.302996832948143,24.001768361466333,28.885708976028052,32.88750369862086,-0.044741914418967715,809
224.73507420027872,8.197448584800629,95.2762932124519,15.448296867499932,20.225087095267444,24.515639222711055,29.180677347657312,32.90738519464155,0.17756980323657143,810
160.80466805690276,7.3225390358526345,101.67236160138525,16.042950675970754,20.647105813981447,24.82215050198517,29.21596994575347,32.82977332107638,0.007126471557856422,811
174.92079376321553,7.541647637006097,106.22589731402938,16.423440977121707,21.25898887897139,25.247364171197685,28.897405808965043,32.361736137042264,-0.07304662589089517,812
180.9376445304992,7.627342120327796,113.76410436556843,17.012231492400602,21.2769319504741,24.66433842925969,28.294660399079028,31.890025474987212,-0.016981703609507345,813
239.02510401419522,8.381221592456589,116.55601215896573,17.222822619398023,20.906784698820424,24.599379221820566,28.095875907469956,31.81382332159104,0.06729874241644773,814
270.2653926733742,8.731179724064368,111.27815906190685,16.749121026351855,20.259539590718642,24.03060921304738,27.979186804714566,32.26876320020714,0.13360485972587005,815
241.90744437554756,8.408027994082586,109.12646159914644,16.56870374781604,20.35682359347295,23.914760497776086,28.538272119081025,32.29695299105591,0.05562391349732801,816
279.43299034173015,8.82598607468195,100.79893639366388,15.865063275375483,20.264630328962024,24.106490913574365,28.62193492165455,32.81414208630804,0.005712761345356086,817
274.3859549472007,8.771429211848291,101.72669453314997,15.964809885143207,20.48897202358842,24.30642852548231,28.937529448673928,33.02147188391826,-0.046257884728708454,818
237.8086398483135,8.356996071661433,104.72541429176847,16.253995001438152,20.55180265297509,24.372724565343464,28.887620004870723,32.81997048817147,0.06062302058843455,819
266.4829377333477,8.686960289614973,101.28490643820611,15.936909283426898,20.66962861325963,24.362502352082288,29.033093684591574,32.95974615612054,-0.00694263668188845,820
263.4313462652401,8.649769109823698,97.66010333495632,15.628715761784036,20.586233642791427,24.443414984255906,29.23546960174995,33.131522705785216,-0.009065817573717544,821
222.15470414669372,8.168584084800138,97.86152967969896,15.637109164780703,20.48574624615589,24.99148932325091,29.55689370358316,33.38535931158468,-0.07641677578842229,822
177.48896623787493,7.572050078968881,103.72220891686041,16.198759538620674,20.94558819672683,25.318646150447954,29.483289973636996,32.993614401959924,-0.058255014334816606,823
166.24009517726495,7.408804419283225,104.89764963646189,16.28712685217229,21.56010678402576,25.318069337776144,29.109158506594014,32.81207772361766,-0.022811518171563974,824
220.73323094091285,8.160248663117159,111.30730179382851,16.784700089048275,21.83982800806251,25.263670255124953,28.67423049216855,32.46830831186602,-0.1446307354530114,825
199.8308025710812,7.88715743435601,115.62220216028037,17.1293702442503,21.266205890544313,24.855843267408726,28.410525827953286,32.06260457734365,-0.09806208107674219,826
227.58951509183282,8.239451132835699,117.95986700244495,17.302748802797748,20.844015221103515,24.460220095238597,28.482973402773524,32.48240813551259,-0.11136028316148774,827
279.28703661566453,8.82398521463686,113.25547560359567,16.92049705320781,20.41382368873568,24.34351797547898,28.70978957865592,32.81491485660825,0.07633341123844894,828
296.1250988358621,8.999320181222055,109.70062078790627,16.627711557810898,20.444344704099866,24.46375794146899,29.018849839358765,33.37160012995073,-0.015424682739609405,829
267.223409455854,8.695504229725397,108.76210065693174,16.578375314168227,20.785236434712154,24.5954413729086,29.214435189230798,33.43854838475733,0.019410410804883198,830
278.2340503300587,8.812601520064334,109.57181815871144,16.649186688043272,20.469330503775353,24.76501457166998,29.280232575459316,33.49279155722915,-0.05739401636994166,831
281.8694045634419,8.851886144738208,105.32598837601243,16.299674527052908,20.575264762380726,24.74543356225581,29.146558223798355,33.497556853997786,-0.021025775177342824,832
270.3067864352107,8.726641804294259,101.43910810274052,15.95296852532899,20.589275590475474,24.97153937847198,29.328706412327346,33.69460423445493,0.02198773630233658,833
242.39376439524045,8.410474661507,99.2902981608722,15.783551457936232,21.095914797073625,25.11946734578111,29.63076603361103,33.74589210474944,-0.18379614830549745,834
178.0302306927547,7.576104208654375,99.81791667507271,15.8437521125613,21.226808214386484,25.6411069270786,29.792001256761896,33.84534446033253,-0.013313187173693123,835
171.2255689732383,7.485596695375837,110.35587498588394,16.752894934361077,21.90548914819083,25.84653227168403,29.38467815691758,33.50589482592897,-0.05249325147546792,836
177.89385136709475,7.58308825899234,112.54498195486569,16.890379760542036,21.858895787929512,25.952000510022323,29.00042674483595,33.04614385004814,0.1552367006662473,837
257.0851154898349,8.588980936563123,121.05366721445304,17.548636020962373,21.606434076712407,25.363954924642872,28.375159762305667,32.72276255508009,-0.04025896027546073,838
296.9147946491253,9.012035476122351,115.38020187078342,17.05909537141957,20.81266677057638,24.874420250964274,28.593131494935683,33.04970073250252,0.06849980727668269,839
268.80602022327093,8.708881695179802,111.94970329608519,16.797638355947804,20.663700899513188,24.634284712023092,28.887811955119055,33.37675431385289,0.041390841073906656,840
276.6702638297207,8.794357465503436,111.01077036595187,16.739874796330557,20.82032519068201,24.755926669541505,29.472808805332495,33.51152218091506,0.05543913351736333,841
234.67479274300615,8.315734259203547,108.54721316612472,16.54222623492156,20.96762320377149,25.112509130012285,29.675983075842503,33.91920243914154,0.13444049720902437,842
279.6313014962666,8.829560516447827,111.6969738017263,16.818839998154473,21.203084550918806,25.017524998019564,29.641105234396623,33.7442306418029,-0.09725328332404136,843
249.7711054267005,8.495938070413647,106.54500176333741,16.368075177512004,20.92970253321578,25.218415672570085,29.524315615582992,33.892726021896344,-0.0013754379609230549,844
246.22388887023567,8.453483419675209,110.00483431955493,16.68283533475084,21.083256660223388,25.422709037123962,29.557201846066835,34.22767113880801,0.07466763039089311,845
229.3426731057918,8.254286270814571,105.22913620871273,16.29298132975176,21.065636863814646,25.639989911442317,30.026985103133946,34.248388024641905,-0.15449798588116048,846
233.14622552967302,8.305915961117012,105.33568952915431,16.315478487373028,21.489686365589765,25.988519010881504,29.999457757450212,34.179228404775216,0.03293177319454342,847
211.41966315464353,8.038772177338464,113.0712084329183,16.96276332658473,22.289504624351494,26.160089712780305,29.8925703620634,33.79376706329828,-0.03815060197037109,848
227.4483322146002,8.243781661363558,117.00098836801793,17.23321417949798,22.120958798310223,26.04589907774544,29.293638565240563,33.32652900594818,0.08593960904904202,849
266.40062147588844,8.693986238408316,124.45904990113073,17.82261787312393,21.728055462013057,25.558114957494777,28.932432443359822,33.01755654923625,-0.3001727841889339,850
302.10178473206923,9.065668830224348,123.06721332461252,17.675291960366405,20.92845513764184,25.09696934370407,28.95660776181523,33.42149290347602,0.023077279495527736,851
261.0715488399246,8.623746091511999,114.07272942937989,16.95410201864785,20.80451979424475,25.15305416019662,29.287862491620974,34.14991192996394,0.09261077504485438,852
280.72780011038316,8.839447662738014,110.40245438037708,16.689167399036556,21.03203684406367,25.143032167311514,29.48016649682389,34.16986667538403,-0.06261903691257241,853
266.11660516496556,8.678404477006326,111.62055247669264,16.810836239710323,21.254306788444925,25.2997781040978,29.804185037026485,34.41298812814168,0.024406022598176775,854
234.60298121310737,8.316249288866343,113.7762368597581,16.975797368772422,21.30746396346601,25.423865079570568,29.88414826314295,34.34915317713131,0.0948895481083506,855
292.52200503181535,8.960543680763674,108.5757203095758,16.54221315539451,21.050832473192553,25.369639107640598,29.95291992016655,34.44366464367335,0.009108996678502743,856
276.0440702839252,8.787210749834589,108.63709620938953,16.56514609490539,21.425580511111665,25.72855660463092,29.9038013639767,34.601429656214414,-0.07007926109189418,857
254.317046311094,8.547357875684394,113.15706254312116,16.949195680784612,21.430719004905544,26.078606284252366,30.179205238157092,34.66294243253342,0.05493379184464989,858
235.48056475326032,8.330684493963128,115.34351667952826,17.166353847501135,21.534151361924692,26.468344533632017,30.270196902555867,34.6311355239651,-0.012869423854470291,859
184.80517694315745,7.680410069738697,114.00111039156326,17.022386987201877,21.707821936681686,26.56841510855826,30.102380837967328,34.37113611652218,-0.05985586729046787,860
218.59918781509876,8.131678751484,125.82291629452754,17.952771401658705,22.259614382377478,26.15713676688559,29.93410731546719,33.79986445621459,-0.1169664396093517,861
261.2202361589126,8.633865980461305,128.2192551125452,18.087675027429036,21.651278662282216,25.82939722475263,29.37744280697119,33.54297879517829,-0.05416542593988954,862
304.7381033776733,9.092978638556124,122.73939720136276,17.636299687955677,21.24974149884965,25.642031778939106,29.211982853929555,33.94632790673897,-0.14444793411528908,863
283.8849311159892,8.87162344965364,119.03194567338363,17.353030593956582,21.04028206239998,25.424338729712638,29.43741818998395,34.36467119293484,0.2551633273290123,864
272.9720852850131,8.752573665670505,117.19987651005854,17.242353776079764,21.003903002227595,25.498276562362925,29.90178948671924,34.765330514754474,0.2150219214422729,865
324.7497032844881,9.283832536140954,117.6189993144548,17.28487216753855,21.33761645993352,25.648674496752328,29.97197515611639,34.75544762988991,0.1171524509184777,866
302.1844294073276,9.062950000689574,116.45366966408007,17.185616786208335,21.291126036416244,25.70716390282339,30.132933757725574,34.672172924387354,-0.13768110009404685,867
317.0463410347768,9.209542600352862,115.58027968606878,17.110670912676056,21.341881770802125,25.570870866972612,30.036938617696542,34.998830683716776,-0.09755281790147413,868
271.18462215843226,8.733525876936456,111.37348146943418,16.78947567807827,21.279991630363625,25.851717355103297,30.51679954060065,35.22848972403075,0.0995765831663531,869
241.73013016006686,8.39902746151725,110.39399147920331,16.732768159253066,21.749045746338926,26.332036813332074,30.637658555053022,35.61497782662415,0.20693711516288885,870
212.60852078299237,8.045963283261068,116.14374840795412,17.212405152836187,21.98771432768673,26.65861144297445,30.592450243562947,35.20407562580235,-0.02265052459797896,871
207.6620299516198,7.988494649735622,115.09015296506655,17.107576845484605,22.43883791775419,27.008963635093668,30.870624984618562,34.8219524105189,-0.1497346748720268,872
191.96168125004124,7.779813960373518,127.0261965137645,18.03213373598181,22.40361654934318,26.610188664771815,30.66268828909172,34.36673077183969,0.0013401858218038698,873
234.11460100048913,8.319270953233511,132.27638696280576,18.400529584243717,22.11478688643742,26.278754708446975,30.00970330674026,34.15111196207121,-0.01654901946308669,874
321.34555619101405,9.253179810131689,130.49391121280848,18.239224359566215,21.75249395487709,25.797834324771927,29.71034177780068,34.436126998067394,0.07122313061320465,875
299.2813583308335,9.032268507877276,121.17419838097236,17.5129715119523,21.139636787056922,25.611208819306643,29.76587834870828,34.6752132569533,-0.1154067726254209,876
339.65038904627704,9.42447646773154,118.22655850013658,17.27721895775133,21.341058368320635,25.759528458322745,30.118209054851654,35.33620553255149,-0.05972376643263394,877
264.8948320317728,8.663314618786785,118.14956022903068,17.33175193489897,21.530747470340437,26.17265519652082,30.296888027279582,35.29985760717767,0.10821973305993052,878
292.1347484769481,8.955291426703734,120.97807328521544,17.549230572315107,21.478065226753273,26.083413069394442,30.25864862304237,35.31139770143936,-0.02618271931357455,879
317.60358587666775,9.215890947096938,117.06873221597625,17.239858147682295,21.352908942121076,26.038391084675588,30.40349639449824,35.55232112683089,-0.0020017030030925437,880
312.9596541645893,9.166235418787064,120.89057574780205,17.555179205765825,21.429971615854523,26.40774524502973,30.538380640112713,35.665262860663475,0.17360251458601772,881
276.8065384202566,8.794273133763621,113.00876370999767,16.926648090374613,21.568297135388658,26.689638367452055,31.0803937219969,35.90794113794861,0.05932193807041102,882
253.5048327847798,8.542799489147978,117.34508072037362,17.302714861832108,22.410390086190613,26.894884311128802,31.51834457223286,35.65100547335841,0.004217369914115087,883
229.6918001349398,8.263297665736431,122.16963082816562,17.665346881051697,22.255644296582247,27.224641049872904,31.416600760101343,35.32388338296735,-0.013960989846577971,884
225.36605680045736,8.213915113868163,127.53919421101288,18.05978936435649,22.688226719045467,26.998310641231825,31.1584766310672,34.81873128732768,-0.09340867374175955,885
259.9747652508791,8.617997977076511,130.63542465110328,18.272084494645313,22.38618508689867,26.583545180437756,30.715536155727193,34.757684782415616,0.15787927398498625,886
296.06914695025375,9.002737829407701,129.30613243428084,18.142707808706806,21.929121867040166,26.23185032614572,30.197135814507707,34.93827084282958,-0.08531921762768452,887
370.0549336716426,9.701147107817249,128.13999180703226,18.054566853179697,21.76405730828014,26.059095703652385,30.194481943212782,35.29527831235829,0.26568094914699997,888
332.2044536490492,9.355059113822978,126.05912970452076,17.92636414270044,21.265058255234397,26.271143593080467,30.504904843180313,35.83692688068709,0.12363431626109403,889
319.32102413603985,9.22857759956615,120.2897354002945,17.472289086147924,21.459695980633658,26.33586798412547,30.812602907933655,35.638627944304496,0.040487228671907544,890
327.8665548546456,9.313141612608263,123.98528079083385,17.78741115236818,21.70539917260418,26.627833338157867,30.736039692137126,35.939624506790835,-0.0772838707139765,891
291.00018077505234,8.944457857240156,123.46898183630442,17.739709182707358,21.668218756988185,26.596262123724845,31.1130278353052,35.942197282816515,0.021485988889479203,892
274.40077756076835,8.76764893094495,123.32145400730035,17.761918286949218,21.59569596026033,26.630519587784296,31.428315552015988,36.11749372634478,-0.1383846493845586,893
255.0985496544347,8.556201567119201,119.26591865062079,17.437960668300505,21.765079218682118,27.09707638534166,31.708166630326513,36.09125442118441,-0.28969947256572753,894
229.4923501102348,8.255822871247569,117.28226381635926,17.286223525629378,22.384010287744136,27.549823615370375,32.154031326164954,36.11170738438422,0.011581268292209276,895
256.22210461301705,8.577400215513592,128.64742824135107,18.16113940921872,22.84757721901733,27.4959165637506,32.13515183134493,35.72343248218321,0.032858434152364245,896
259.98477594958786,8.621539716999033,131.77941255047125,18.357403717096567,22.929097831224347,27.434411928598905,31.55403368908306,35.570544643098984,0.019733013094602157,897
274.2178624008005,8.773170355015589,140.26118438653464,18.98081011391639,22.773009199699754,26.998140106789677,31.16453950947625,35.11881215771028,0.12241254358351739,898
345.42330215764997,9.478939581851103,137.3328786943315,18.756225170210186,22.524196319892674,26.469322723777243,30.824425639672906,35.62236437696759,0.40258240427272646,899
391.8447541649166,9.892813430979222,124.68665190929472,17.768623439139926,22.09564211336894,26.60340667840032,30.620050671243998,35.85099087516444,0.12471669173692342,900
375.11230628598537,9.746851366237204,124.97757024676768,17.826395656526486,21.69291479897221,26.56016718966864,31.187738063661573,36.11216712041556,-0.08245546421329035,901
338.0642802772543,9.408999399292927,127.07605663386364,18.008978513006664,21.803508798057877,26.910764116751352,31.33873077677162,36.30230954391065,-0.13523330192363986,902
293.91696526173826,8.973388522729694,124.11567596266049,17.79759351834615,21.904034203305137,26.83157092103084,31.48731975665655,36.429003311485125,0.13205047074823834,903
335.4318818234399,9.386318745751085,122.98742869039236,17.69564996493565,21.96894829774311,27.076874341630834,31.627401741114717,36.432358531173556,-0.10495748265349564,904
276.5304769464344,8.78855741554142,120.07908569100667,17.473091062517355,21.958284516634087,27.082316729010653,31.90929259594772,36.61009881904725,-0.012174445711091341,905
304.01400755441176,9.078855794603383,123.02370480715058,17.726718630725877,22.132898744250486,27.182446727525914,32.23576122921269,36.68070934863145,0.034973281661383505,906
221.21695000225398,8.15384019968066,123.70694942959375,17.801017354128696,22.322885102090314,27.754513796210365,32.60118375339063,36.89428554852561,0.07063929516823354,907
241.57268556127477,8.405926813020793,132.4521225223621,18.458677038851075,22.809168671002592,27.84066474777055,32.619326909317216,36.233649558494356,-0.03263134554712441,908
278.3111185471699,8.821341034491711,137.2412431415253,18.80257896528677,23.053066843435015,27.787817283065426,32.20866118108598,35.815012406850165,-0.16135898119594247,909
313.8428605544077,9.184703638534076,136.26826630462264,18.665569169034725,23.296547244771197,27.308838338571302,31.770396761786305,35.86726979191597,0.06008105490297701,910
346.4421001666434,9.491238000353901,136.50319848360954,18.67490094870722,22.617460207682523,27.008837757676538,31.228452624674862,35.930939529903185,0.005138667043618637,911
393.28688044984335,9.904360382986532,128.43901395138778,18.073859243939978,22.413677307205788,26.81450225180075,31.42491167574421,36.39804959380889,-0.09162350010787254,912
384.75622633495163,9.829728132192512,125.742970790939,17.86545335184545,21.990775404805287,26.846358893885803,31.690454319319525,36.67724718176188,-0.11000101537494567,913
348.6179268318946,9.507173364510464,126.61663993467883,17.967256450942035,22.19611054432634,27.18900487002192,31.805590712793315,36.63866247936083,0.057619468934349265,914
308.32109813532765,9.119434154628527,128.07528851285286,18.09877096248888,22.245364879992085,27.31430486362332,32.15058482359376,36.723785112302174,-0.02961455921908937,915
334.20406152731977,9.372830968906042,129.87003876847507,18.23837140815324,22.327686210914724,27.172203573921784,32.281790997208795,36.84564915647911,0.015241546155875524,916
315.25638964205797,9.187482350782533,128.84765475800933,18.15998138905236,22.10363727018455,27.455300711644124,32.42056647758284,37.123942592112776,0.13116699768168338,917
333.03664033628564,9.361336168247202,120.07325773452635,17.474452748378855,22.446298150200835,27.742693682591643,32.8630778724334,37.261725042828495,-0.004576206494313917,918
272.3163164651092,8.74797409861641,126.49182874180761,18.007801988448545,22.798025091761996,28.230761454045634,33.197731995064046,37.42232789505785,0.04594055533420842,919
236.23477399397527,8.342398046701874,133.408170774767,18.53439682013611,23.23049028517899,28.306458645287467,32.95638329008535,36.727974598015585,0.04032513705988798,920
287.0583928183629,8.912806178547374,143.05782026751214,19.230759267266496,23.525705890438918,28.118522622991804,32.701803076282765,36.30688559767828,0.046892165184105335,921
286.6763716605094,8.908448678367062,146.3553476475937,19.42909563382404,23.806489591520446,27.664849687799645,32.25864691753137,36.09359985821567,-0.05138134834059732,922
334.8196655411282,9.381281586650044,142.58028026546418,19.12326138250397,23.461891578700502,27.18968102591385,31.958925861789453,36.34359637525252,0.06280918281651601,923
358.80650185579645,9.600674863422654,134.2579741819521,18.520737593252434,22.99665629004652,27.24252526246491,32.14428712450076,36.55659201619015,0.047961832364693924,924
378.65415825671585,9.773785379119378,130.26874143210003,18.199216268557436,22.56295807138288,27.25424220999016,32.312431005127195,37.10922943629116,0.05439316941833399,925
334.51488961885923,9.375434019784823,132.4374519819272,18.401383902555942,22.306061055518974,27.528900893600106,32.629251975938935,37.270301212505636,0.12754789857745102,926
365.4960008004692,9.66091269766427,128.8935050164502,18.149624418620235,22.630588151332105,27.472892408016957,32.797971904786614,37.054145113127625,-0.05862006765789738,927
378.99217296802,9.779199196933119,131.4488679578093,18.325743612691014,22.284549639863098,27.407121495324038,32.67449027879639,37.26405754838928,0.08381891054253678,928
316.6809014162378,9.20293613629618,126.06429461058441,17.929197865006635,22.499954526522007,27.781691452683155,32.88894685054263,37.655169859725376,-0.0298448925490107,929
301.01359079326016,9.045940361105986,128.50537097497332,18.158576757293165,22.585652034562994,28.215172951913473,33.392358837644394,37.69898271702182,0.045172934562351615,930
295.8676286980155,8.994697340531047,130.98714986893867,18.347953238021866,22.933843272532126,28.62333655951178,33.55509580651679,37.48221234456976,0.19233306792064592,931
229.23805935193613,8.257028931695066,134.36988069206728,18.583457765295957,23.493714137862078,28.610391828591762,33.245714831175796,37.363769111628336,0.04484738100732319,932
263.16659964657975,8.65296630019182,145.71099636906936,19.39567149572334,23.947467104128066,28.472496347040796,32.933125776482974,36.69275138064941,0.04986584096210017,933
327.5242667371055,9.315375638722127,145.8845087471903,19.382146879759876,24.219872726069376,28.07593646902991,32.58231823009993,36.473064030274045,0.010994689214762729,934
380.93039000052823,9.798259679690112,145.74899242354607,19.341144512770956,23.768278188106642,27.78144999862129,32.405173922567045,36.93536153749712,-0.03032490294105138,935
408.10815604601333,10.027019046938815,143.6801433702376,19.200334742223255,23.52657628819542,27.562130318384618,32.59421345689522,37.31444320801851,-0.005421545866331975,936
353.0416830459445,9.545092122445272,137.25259517302504,18.752907683728925,23.062880905779334,27.76666393782217,32.933979685031765,37.6169577086566,-0.01729715462649532,937
417.1948093290693,10.09915578824615,138.60704616006262,18.88509336413523,23.13018061436061,27.975263464302163,33.19413832276231,37.79170374694679,0.1463278996737953,938
317.5034311497692,9.210524006723878,135.71275948841313,18.661206788173384,23.186192944633568,27.965397300866616,33.2652171624443,37.615980840876354,-0.05095242052727647,939
331.57342319275966,9.346475107716191,134.19195978731938,18.5437986987064,23.06051894173534,27.98066744372566,33.14864412404325,37.83742246021082,-0.05333878552769736,940
343.22940008717256,9.45329758800812,130.0395988325496,18.24452943139553,23.03750585923762,28.147710510227643,33.45012899643768,38.11841181378382,0.05610327970194089,941
332.08544232083807,9.35230078096206,134.9150271166456,18.619612393981374,22.948571680364484,28.44636499122415,33.78798756802819,38.16824387361377,-0.12873908131155956,942
254.0061490186619,8.543697568058208,134.8473010589998,18.623080863562027,23.680365292151883,28.865245815612724,33.74024598214467,38.01171789373056,-0.03501367739746331,943
231.10863237645304,8.279327429185212,142.69200819613016,19.213428406698473,23.938298067746178,29.1249688326896,33.72883413802182,37.93062705484502,0.09846414883332621,944
260.2960748788015,8.622003424091249,141.22291469432895,19.063056861958046,24.47476003838579,28.87659774798497,32.85979102278151,37.24221368917573,0.0049800034521937505,945
356.48865026622354,9.585298869759432,150.94248791837438,19.72731899235513,24.25718046380696,28.445033339720517,32.51233361907473,36.95769892984103,0.09266701647759397,946
359.30195965661403,9.606745281122251,150.8074138317801,19.691638821604037,24.411406686926462,28.03379050570477,32.73096555232023,37.47198423130822,-0.04415781353479962,947
376.3296494822037,9.754344696494258,148.30733629495904,19.519541310772784,23.836538788739674,27.8520705238867,33.039540521714905,37.772739438433774,0.028948726541125236,948
412.15646794806787,10.057152656323042,139.98103579337544,18.933752000008802,23.564303469600695,28.20045856747689,33.43387204300756,38.015599561795455,-0.08691759087306522,949
384.3111811701329,9.824053958821494,139.36830398796357,18.91961153775232,23.536215291835703,28.35277405757875,33.51874905006295,38.22597231816409,0.020685731727579246,950
342.33404471754056,9.448013106649835,139.87326570454496,18.964862828011302,23.495861215320826,28.30825909563616,33.692969675472696,38.30046241928492,-0.04933854685332102,951
369.5347608419358,9.69668790186203,139.1238940041631,18.91808480119492,23.273157249503342,28.411391701864446,33.55675388679769,38.216043400889134,-0.09668760917306346,952
330.7986619245163,9.336388119756297,131.3177007876065,18.326478182652956,23.428514029314616,28.29733730906113,34.01827931275779,38.7033210753924,0.0031729198535540275,953
304.43449018470477,9.079528250329076,130.65818865404358,18.281119918536625,23.17616177423409,28.572405862108457,34.27301754606697,38.63980405363933,0.05996588742203582,954
267.0334852899765,8.688942678915158,135.86101997303194,18.691530028154872,23.609934163452078,29.212600777030364,34.34633325015621,38.56701651966875,-0.017471953010613866,955
269.4744591679961,8.720246814109112,144.1426478654876,19.28368603455526,24.23715445852303,29.27052887224284,33.992253662120575,38.10568590070429,0.11619065630465863,956
316.6583801746093,9.210186923396131,150.01432722890462,19.68918964963167,24.494483437746215,29.22704140542768,33.31786084425008,37.74625398900159,-0.03707487399399192,957
363.5361804183657,9.648591505791837,149.31885719421302,19.596430456260904,24.804032837412265,28.881438995545242,32.831143473577306,37.67060875630188,-0.018770806139179752,958
435.3157231315989,10.24911606240509,153.47104460874652,19.877143420085766,24.44481629400204,28.333893017152796,33.08507223479248,37.78983613936698,0.149648814767838,959
455.9688453866337,10.407505594068075,148.32197851459094,19.5301911217831,24.192506582894378,28.086146706465573,33.344574580856424,38.42719970745909,0.0880306952092564,960
412.33350255683786,10.060657781942423,142.2563081270562,19.107304153009316,23.82236588552502,28.41474880854244,33.912269467421225,38.532650163330324,-0.026885197134367142,961
346.27644694237665,9.48335689252349,145.46591858540972,19.355828354007333,23.82790186297524,28.647884472542895,33.8780069822426,38.76480788379645,0.06355359909340107,962
407.2469591199059,10.018099458924379,146.80981655123472,19.45048836276699,24.045205568662425,28.788293302871185,33.89248543190591,38.67385768277897,0.051790418817813315,963
353.0355467843152,9.544774867579767,139.14339182093337,18.881306799667485,24.067286840668146,28.748008670373185,33.75242516502063,38.66906989320117,-0.28503241052013645,964
343.1103711452367,9.453545702055708,138.87098657130565,18.881583377484755,23.735066889374835,28.800653395948224,34.0702491625356,38.895372313079946,0.02324514452199039,965
303.3794170586893,9.067982367698777,135.24970732228292,18.639318268352724,23.94627770536347,29.123674177185492,34.53447096308564,39.26286176309524,0.08114153816797184,966
269.07592910514023,8.710576188653546,139.5290531024606,18.9644723364001,24.142590553977215,29.536065878889175,34.37928315057265,39.03276000513983,0.12023781165777557,967
272.980413329895,8.758923227871804,149.99160513018091,19.707031769088882,24.677180247417297,29.888058766989687,34.011417378262855,38.70559900092494,0.11774617529353326,968
315.10652907035404,9.195473129941893,154.61097804890406,20.011677273234966,25.403616923456333,29.695942877367443,33.538008127118964,38.34853004127368,0.22895006153457553,969
351.4122217582375,9.538556000066688,155.81845710434393,20.045311706263277,25.182846531393725,29.1500697888916,33.200761251786204,38.09658279717144,0.06663343957412342,970
421.4975456846001,10.137298763711279,154.11313163706174,19.931208387754378,24.668827503275608,28.606449447539998,33.25454754311417,38.354924605719845,0.05535405049710949,971
423.29982819496746,10.14930797065797,150.90591015102854,19.697714127320697,24.644715978493018,28.629435775291384,33.54045865757404,38.483151086082614,-0.0029961048399121757,972
404.39236684289085,9.99219616095206,144.70758467273802,19.280954706500026,24.31030404904127,28.913548903543557,33.96190033543057,39.03999070571561,0.12146838488929318,973
417.24235211415385,10.10073633167513,147.4508713889743,19.495277829098473,24.168582568581783,28.978350262378218,34.05334188099257,39.18249478188729,0.04347876262146587,974
371.5050621513738,9.71475215733823,147.8452590204588,19.520754019544473,24.419394397196204,29.10323188228721,34.02174983969548,39.178138635720835,-0.17267181523204245,975
409.3547708877345,10.033898739591415,142.61158805566203,19.15065669592604,24.247583807202993,29.254531477831346,34.30101563595625,39.3126648865489,-0.03236252408484902,976
371.88791208280134,9.712909958842177,145.19417158320562,19.345586585119957,24.259583779112262,29.319060585455002,34.413332001808975,39.52713821403513,0.035058788686317476,977
397.68864087844565,9.938036929023555,138.66646424410905,18.87111384719813,24.33169044737839,29.683188306173538,34.67517031064948,39.608532882570735,-0.01906374695919598,978
292.95903468372654,8.965337365043313,146.06730959637218,19.446400871845736,24.474664353039174,30.0935560825713,34.66010945746038,39.63902372774011,0.1883520630344044,979
307.0076287944984,9.113846774226127,144.85689205680725,19.330433994587256,25.39221483915404,30.114401998935016,34.39257201463468,39.20346964112817,0.0747849354193172,980
356.4363922482668,9.585457180174874,155.0615419798139,20.050693922954647,25.61654494361592,29.84399097548041,33.97887661663978,38.56623649798352,0.06849380057020193,981
354.515983527395,9.5669741330615,161.67435096077037,20.44766235782731,25.449223362926936,29.42108066401733,33.364800637724834,38.55547596719544,-0.15046052286639333,982
473.03921294971457,10.54112557033258,159.28573421504277,20.28224568800616,25.05140913335267,29.242488061657827,33.687551709903346,38.726461839133854,-0.24273082447951563,983
403.5758042313035,9.985466016869847,151.3165339516667,19.73059915345262,24.864124910558214,28.871494401889635,33.766769643551186,39.23730401683457,-0.11478412281503858,984
383.78063411751464,9.816891584454035,151.05065115123244,19.717170401845383,24.563421956048757,29.07965169196475,34.4180278420692,39.65094892661182,-0.002445181874660751,985
381.0637904792615,9.795282638524187,149.68211522335412,19.64256294170958,24.656512022755685,29.203558864329075,34.459004317595905,39.52653944936774,-0.012121480472361966,986
426.4071248937298,10.172599318134145,154.1886461773032,19.974369293314464,24.708712300088266,29.41721530779555,34.61444122885069,39.76116628464664,0.15731790288732977,987
393.54555523785507,9.90024512440178,149.36240078890134,19.623507814538407,24.880667608692782,29.57281824797688,34.458522634538184,39.78929052176123,-0.12377258082972785,988
430.13999896310946,10.204807810713907,144.07532136007782,19.261075189177248,24.701021131629673,29.720426670796677,34.61390243316447,39.7821724974382,-0.1526695615521967,989
383.12674769037795,9.812413723803376,141.4277635373442,19.064809817681194,24.765661364089958,29.92817921579278,34.70542884119345,40.00292133676899,0.078041095822866,990
358.28760126056983,9.59698084202951,141.6138136010228,19.088279750219286,24.97185755014671,30.36707011472914,35.04805355738398,40.02906542791101,-0.10947054828862489,991
344.15097751578674,9.47201186363478,153.28512084258097,19.92127299770942,25.313954314988496,30.3426328963588,34.98197689382324,39.53595726658361,-0.029463583719371224,992
356.47532583884254,9.582999067692834,158.77686725319987,20.27765281243633,25.964723172376754,30.0681842588303,34.33707887500281,39.37190908391483,0.13513470887524862,993
367.14429434905395,9.67979639611103,168.5915285961639,20.94286931625888,25.900399239473767,29.999938463768093,33.93377811994834,38.92077293504668,-0.22279323958167013,994
474.70098527283074,10.552943075104643,164.1510550668296,20.610344227820878,24.907329896327123,29.46109909077856,33.92927987779883,38.987137739214866,-0.16712343852795908,995
458.87727771492695,10.427773806132654,155.87414918750224,20.039994886111973,24.915773853393087,29.320160448519864,34.094550187489546,39.82963959322682,0.188555690356411,996
452.0888811773133,10.375459087447194,148.21029037997215,19.513637335171445,24.96995154165397,29.497664437559564,34.67437482978901,39.83936353329337,-0.11685714998568589,997
430.8817649533336,10.209079628779788,147.77729440848526,19.49378384377674,24.86530045079119,29.82689474324758,34.68658447652183,40.05943703174525,-0.21540298213537057,998
430.56214978323027,10.207680882227733,153.08533136027305,19.886610909977367,25.094699189267594,29.793944550986716,34.770438950313505,39.99685526869556,-0.2716736588395318,999
458.6400812092585,10.4279287423382,154.64068599409862,19.98513728385046,25.204346380873318,29.69129195933909,34.711745850031576,40.13328077643887,0.010327436220914414,1000
385.03142030539146,9.828133801317612,148.925423647491,19.591266219054067,25.115423592465,29.880844577810322,34.83893746659249,40.55478809096261,-0.1684464114542341,1001
409.37970001598836,10.034038723219155,146.4483053728709,19.419625024412756,25.333511448687734,30.255305847080074,35.26730076963783,40.53098084197821,-0.06276378166392173,1002
333.5174751191914,9.364534460479362,151.8421331477526,19.819573281432742,25.68570918732336,30.642654558820247,35.501140197436435,40.505131958322195,-0.07229813466010591,1003
314.9282443569056,9.19066823465964,156.07752629999214,20.127603381902603,26.098194532534023,30.788010457810127,35.321076397309675,40.18202962511197,-0.14369692974692158,1004
343.17294178174666,9.462088102891318,159.3460447225445,20.31911726853419,26.19347206929715,30.722262156742552,35.40418738485725,39.748550310069305,-0.018636600469571402,1005
388.7060452728723,9.866291909747865,168.13192188188066,20.880241887845358,26.046859128260493,30.171160029351697,34.79409265723676,39.48505956708315,0.045202163578422654,1006
479.07448719207673,10.584927834415963,163.956446615227,20.58790591989145,25.52609189731726,29.929581935892138,34.34986289463225,39.70260345290459,0.10509127007879969,1007
471.1461476585244,10.5215379157997,161.0368649875192,20.395999297407993,25.083805238762718,29.666650914098902,34.3745014374818,40.26642396327908,0.04920061737883502,1008
486.7051425782415,10.637318248814694,155.64942351877846,20.039424125852342,25.209492944621886,29.812323333819396,34.98280227802149,40.43427633498432,-0.027100478488839355,1009
441.33592356060075,10.292077272279345,154.00282640684264,19.926085914785414,25.286312865654985,29.87985209073815,35.08922280643294,40.57023902751507,-0.12069982796529997,1010
446.98132721971507,10.336978802233558,152.9613293729571,19.84877383705997,25.438198529254354,30.077214119121674,35.08700480192928,40.760636440908904,-0.004751697219969663,1011
471.7769082737097,10.526254707178069,152.93313650168483,19.84231934156667,25.428499654168405,30.24902042127501,35.16053260607515,40.715854360381165,0.017514941738577372,1012
460.1430583568789,10.437435178226961,151.6404594114859,19.76969226074312,25.140670365159963,30.317703513586505,35.2657881587502,40.81940902273553,-0.3195286684560801,1013
389.3658410893082,9.86635363507469,153.13790507039477,19.903075036779057,25.48335846246235,30.692056397608145,35.74220221688439,41.067553464084504,-0.05570225950680407,1014
371.86843778414936,9.716103626524644,157.7026936106361,20.224897665504976,25.710178538459807,30.89673942149522,36.00140744548119,40.926070238404975,-0.01780665966402057,1015
353.146839821215,9.552607116475459,158.4849957880372,20.273595522730854,26.3414092942105,31.11009473274173,35.928317469358724,40.67279774542017,0.10831829148451766,1016
332.3925938958333,9.359193531292819,170.3113214986432,21.052572767037358,26.70655078409555,31.0514294503971,35.67530870348579,40.21154945374731,0.04226882913088517,1017
412.5420383749911,10.066672709882075,169.87053709674973,20.989874793802592,25.887290546131126,30.651608349950315,35.35783402687352,40.00941837419582,0.12333675500805437,1018
479.44490698036054,10.584957950469486,172.10041552148266,21.125436476360747,25.629727960811998,30.434888993213985,34.78260050902555,40.22781061793078,-0.013925731219049714,1019
497.3413908092498,10.715150425040875,165.0341146279598,20.652521211664485,25.09436534163308,30.22668968616906,35.033445004918015,40.519487266233384,-0.16677323955829848,1020
507.9811580644765,10.788617866197265,159.28470739358414,20.28242175347072,25.358642661256894,30.081633404570503,34.993906789192344,40.92833589172542,0.08764050247371578,1021
425.2359245669466,10.162381516053678,159.40569896293556,20.298502488044594,25.57233606205457,30.322478170228017,35.415055766946224,41.04407456440951,0.21651425947656727,1022
408.5735478175981,10.024455889551652,164.18553732068418,20.61946836682899,25.61572105651359,30.508634695289807,35.45467161495833,40.81056665326253,0.11461893776648634,1023
458.9620135537377,10.428298774059117,157.31423931824307,20.144626033589248,25.476160151690003,30.475515606461716,35.64436846393968,41.28053046588746,-0.14232588243535158,1024
512.4491051651323,10.823695431026923,158.92746042506965,20.28021026618027,25.597706852808045,30.52293060270942,35.75295480595088,41.269779650359006,-0.07706728229275947,1025
387.08115101337984,9.846536712391023,154.50413598887144,19.992026650312827,25.74537537476882,31.028423215727635,36.25315258346665,41.58739904355982,0.046934096621418855,1026
362.3054051668336,9.63081368161167,161.8545256439477,20.489168917039457,26.184049004289136,31.33441435447547,36.56143413703559,41.47576256005265,0.07768264386493173,1027
353.2201579778799,9.551423966624455,165.24947328948838,20.73725721620729,26.539298278333693,31.438364439994736,36.52950472446304,41.14467051918011,0.06297818242852792,1028
395.28122253193305,9.923482770674532,164.9982967689621,20.685633742175423,26.481640037625304,31.635546579234937,36.096268073008375,40.772757602634535,0.004172361327058014,1029
459.42371815061273,10.438829422750302,175.27005884474863,21.350068009195738,26.465871018183837,31.007970376533585,35.7934481837038,40.453397768309046,-0.007372687895466668,1030
455.26562236242506,10.403097145464589,176.50038154177227,21.4157660344641,25.513197134649698,30.611854751791224,35.30486659065023,40.559388038342824,-0.017210943144837145,1031
552.1369448804546,11.097541944808647,167.20441864482157,20.807621842306215,25.138666072262332,30.449652383775252,35.350973620221026,41.129685841715585,0.07643722963429381,1032
455.6304601890637,10.400679591601358,165.34488216189226,20.687768214636634,25.474738971326406,30.560354792891555,35.72969426750762,41.3767872230986,0.10489792655557527,1033
511.45573665783814,10.814455364957823,164.52597227166683,20.649852374599984,25.737873892598433,30.64802368953836,35.89229896862979,41.53421191346737,-0.0129530385937392,1034
482.57756687675646,10.605843407907594,166.9670502037942,20.812010806475037,25.59440493062047,30.93680463092223,35.984065357209516,41.530158947230085,0.018561350769098116,1035
426.71447680492054,10.17284908533189,164.6572438272137,20.65826278429046,25.522167572033755,30.92153995400264,36.329455987816004,41.92517773757624,0.2170124142930845,1036
485.73101590520685,10.627900186874616,157.09228162599598,20.12679764130236,25.666645605964373,31.00542920821359,36.27488432792777,41.96869925613515,-0.047111000944669884,1037
460.608158730897,10.43894874540864,156.63898731480032,20.121976041458844,26.01530854432234,31.30132150617789,36.78592757832934,41.97683956218988,-0.021233820520926452,1038
421.35020157427874,10.134110082192919,156.71311962332746,20.149086575243086,26.4490031976657,31.61498566074278,37.18864877630779,41.90715315315091,0.0415239922561621,1039
414.141927318754,10.079252684197204,167.2381348423786,20.84905385028327,26.740226553620733,31.8581828546994,37.450335109033716,41.4659819194514,-0.03554666674474038,1040
351.00882409738523,9.532733778265694,174.40202416624533,21.307383540156142,26.887043122619783,31.734285457512875,36.75740353125536,41.2285921525316,0.12789496696354638,1041
435.540382608295,10.250053085504561,175.25219832607067,21.331501290139833,26.449631011665286,31.37869326000056,36.41037965362967,41.05002123092808,0.19812634547219243,1042
459.9456200509636,10.43785811244692,174.34632265208515,21.257227647632323,26.26887531190814,30.88828342974203,36.0449147323079,41.18660651774044,-0.06937625255478881,1043
520.6964770337388,10.880461635487316,175.2391094936773,21.332809425983633,25.60801930472709,30.787918540394937,35.90650808833952,41.576886968389054,0.2568587519090185,1044
472.4593068597065,10.530534603798277,169.1184022469353,20.93324788336037,25.397304797488644,31.08356873940762,36.08718973138751,41.82593433355031,-0.18068315021542256,1045
532.767548591944,10.963725065586873,168.17745185482823,20.88684951992272,25.954882993917835,31.117599291417115,36.602693048379436,42.005349649113484,0.20399641600719598,1046
487.5005475944374,10.641877412454159,167.47088764659426,20.83493202310537,25.99484587921072,31.15730496595741,36.911097572379084,41.96615808624775,0.0748959498198562,1047
465.1352917617983,10.473994305120405,166.616877263651,20.76849023046381,25.90516278202602,31.167587326641257,36.868654453143265,42.04908595785047,-0.04142570241548305,1048
439.0271300108528,10.272248862340202,164.73480387136811,20.652508483244247,26.045333228730343,31.48861318834622,36.894740840129685,42.213830738933616,-0.1433044769968679,1049
489.66867134607116,10.657347157249253,161.96014179496458,20.48407566906704,26.338601972177006,31.801812677748266,37.7011381478749,42.51768699990402,0.04603010312161806,1050
400.5862536535171,9.962487412776314,162.4749452555841,20.516384693367296,26.86385512934559,32.09037494066306,37.79393147720798,42.50837857920404,0.16302760507283628,1051
354.5854267869726,9.565123981904277,169.43234897245972,21.001227569536514,27.150349785665245,32.18061507468215,37.69835120102045,41.823887171844554,-0.07522097316430561,1052
427.9338707686338,10.191198375317315,181.08474938204256,21.737345682317635,27.013059892172272,32.093857044000586,37.268801607314956,41.83347977782416,-0.038835710895119765,1053
506.0873216220905,10.78359077420427,179.96935234678955,21.651478986560498,26.614478111969127,31.567840585919217,36.80671633318877,41.30634620063265,-0.0953447490060409,1054
507.0616911133499,10.784328330417406,180.9679955538595,21.69424613404769,26.052390059767394,31.386240305313816,36.732996153398915,41.651728562992645,0.06933620096556613,1055
580.4356188221326,11.284217683245105,172.8877970956374,21.159778704210435,25.791990516536742,31.13170316528203,36.63105413166688,42.156204172046884,-0.001031465928015141,1056
571.5158686431773,11.226088918132609,171.22888791092655,21.062108777548897,25.96075999102226,31.355181807247202,36.56743532611763,42.33627137916881,-0.029281549898631316,1057
456.203561402105,10.404724791853935,171.81603828329256,21.109183492984833,26.095127659924202,31.593412292859387,37.15870064667759,42.594236691619706,0.046316087112727944,1058
525.8787000071568,10.916519598727252,172.93400098568483,21.172643370243332,26.31769717372242,31.575711609436205,37.14414285576478,42.38002762560486,-0.15421821055263718,1059
527.4752071946427,10.927814327288097,174.74626632800928,21.294372166616217,26.02902827992977,31.542596251647,37.40866243063472,42.551942174738095,-0.07652120445880223,1060
452.6567836401271,10.377364478137407,162.89484909489966,20.514693335232923,25.924994188378573,31.988124859406366,37.72929453101502,42.901926892943436,-0.04640043869133926,1061
420.0875523857658,10.121496324279335,167.86910552471957,20.87997888051633,26.70336298878905,32.018540599366276,38.03226243346993,42.73363835989205,-0.04150381087835458,1062
419.360899712291,10.11666830169906,169.4754856194112,20.99320877646235,26.57827633542426,32.52991849836998,38.17963658808502,42.91205945170682,-0.12109178351996426,1063
403.0807443150359,9.985222906561676,176.95353532489705,21.484256501975246,27.057859057469102,32.777952453246876,37.90528515910304,42.671915067785946,0.0642252150088298,1064
463.18478229608786,10.466314157473144,183.54575729513263,21.898320010478493,27.150164209633335,32.48593498051952,37.38867240779858,42.18040114875586,0.01013131937213261,1065
463.22195796348234,10.464633212721274,184.20073506779516,21.905323221182677,26.76590190706834,32.000402920601694,37.25584393806175,41.893021233207776,-0.040731391730428036,1066
537.858895601252,11.001219650209784,187.63203735716036,22.11621472033667,26.502845523764226,31.750404043845723,37.1186039172499,42.231703298944964,0.010821760163053258,1067
549.2673985382127,11.077236179570024,180.21089628992846,21.645065267141604,26.118631785380096,31.70421715969655,37.33157181413663,42.72754220566777,0.07805531893227763,1068
587.0820821000265,11.326081853733932,166.8434313773914,20.751728419217454,26.10407623399849,31.642008777177214,37.5585650205627,42.88492610312209,0.021151001343247093,1069
481.85289687447863,10.598984575481099,171.88260768427116,21.10361963657552,26.64699834128154,31.858804801020444,37.729505010300045,43.188221232928655,0.07319613383850629,1070
496.15653888202183,10.703001378247714,175.56503177473684,21.353412453573075,26.510686587609413,31.896554929019622,37.790398312298336,43.036409074866995,0.05283770948652447,1071
467.4501891448002,10.491280491017935,171.10280142974685,21.026043965092242,26.354949990128933,32.12780919651241,38.060574136870414,43.12810047660741,-0.1375133238488596,1072
467.7047059226735,10.491263819535437,173.8557932968404,21.256754605466732,26.44681504423391,32.07399265994795,38.23845438425402,43.334226665802355,0.08484918490766015,1073
526.644787527215,10.920479516115197,169.02026511449654,20.942140745012864,26.330121895828146,32.5067183393936,38.5029612111175,43.55854080043522,-0.0774564965822867,1074
468.99012408459834,10.50455880941519,174.65105149383072,21.335951125462916,27.17326660163341,32.660828850346874,38.592139614811906,43.39393657176892,-0.055444630850671306,1075
391.05670597117637,9.883740636030875,178.4462711181034,21.57102664950446,27.226479592349815,32.8000785610995,38.33657399824823,42.778166862708964,-0.0755182158201408,1076
404.06801200412553,9.993093419572133,186.75156898625949,22.068050705642133,27.458105049312024,32.79651803876871,37.842928037617185,42.57520765845189,0.24103344887834083,1077
455.2027434409943,10.404342165376084,190.2589119543633,22.285996210320935,27.145891251576316,32.430831200028614,37.42771281931907,42.413069406943535,0.05931395305439709,1078
550.6256919193784,11.088191815463363,189.1036578197041,22.19877717572556,26.823629017379837,32.06391352502461,37.366580930526126,42.51828412000089,0.08419483325326256,1079
654.3881853995342,11.749417849011763,180.97987181080836,21.679200781279913,26.31563205854007,31.950702515786947,37.44333351111857,42.988085238230454,0.13440749576735447,1080
664.8480083241666,11.810690913342116,175.7474234625206,21.355886731222885,26.303880558329013,31.889828606346335,37.976145891938046,43.35004363295551,0.23359959539472674,1081
543.1340719162897,11.03572613640729,174.3333151982041,21.262330275106514,26.40972514372315,32.331162230228166,38.36270389030448,43.553711682256576,-0.04944625573060286,1082
500.4764597038035,10.733844006193378,180.0120464280976,21.614668836013742,26.81670654359856,32.287129842363825,38.25320459675729,43.468344498567205,-0.08032013236092371,1083
560.259742757851,11.15000725455728,173.4424600137777,21.18248815754254,26.56625074952561,32.377151369409475,38.49071381229838,43.74712841982121,-0.08030651442785117,1084
559.5311296845815,11.145048565045505,179.15122140651556,21.577980672422022,26.448570293221724,32.479227349996236,38.22822538852473,43.74619563104858,-0.12197233380998776,1085
451.8269174251087,10.37052290257013,173.5376138788268,21.236155654951812,26.420598705502073,32.81902595762059,38.650703675677626,43.98692247004925,-0.02170987240605085,1086
477.15707530984923,10.565769729349858,179.88246118395352,21.654606056149557,27.174722088006355,33.18095585227177,38.80874056912265,44.016727383543824,-0.06495074902363289,1087
401.9072004963735,9.975921388473976,186.398313818114,22.06752355575004,27.473434412825068,33.344676981448615,38.44074905827918,43.212748961369144,-0.18246146370471916,1088
429.7855869466183,10.206715795506224,188.92112785177838,22.210917927128758,27.430347942153624,33.235161095744,37.74679859796642,43.021418721718696,-0.13410567379577842,1089
556.5993051386854,11.131804709972405,191.13259324121455,22.321156341468264,27.48579560560959,32.77647107888912,37.38765141281616,42.70188399317122,-0.0672393844694024,1090
516.574405074561,10.852794826140238,188.37313365472272,22.119932753726395,27.058720611564265,32.27459246816383,37.52372797685781,43.010766931957555,-0.10730693270623144,1091
610.1486640128383,11.476163993261503,188.28485956023354,22.144811718388763,26.612110530728526,32.314157916733414,38.00323452918397,43.414614093214205,-0.14237321112037243,1092
599.8351848578691,11.408470475537252,181.9863316911536,21.730803640831255,26.535086323380163,32.34828219715998,38.402630101905366,43.826086737333725,-0.03819367150838177,1093
574.5558341691606,11.244275221601775,176.79386527587948,21.4111192963315,26.71208868672398,32.5768486821191,38.453091647014475,43.981398179332515,0.13164399478541958,1094
601.3909663204045,11.41929524164817,185.4643913800579,21.980007648134173,26.90570399097306,32.59649058535922,38.58652161882343,43.79924994135914,-0.03462896403271577,1095
598.6452194195551,11.400896171197289,176.69708313652805,21.397573537379383,26.73328678980128,32.81359382239176,38.40305766780773,44.11551836621778,0.06371524153104868,1096
622.9036361152343,11.554527283318487,175.07590553522382,21.287939720715332,26.609684623280195,32.69368216486957,38.533253689494344,44.3637319926346,-0.048796285634770176,1097
459.6188430447603,10.43045073501862,176.88766706845956,21.440937591778482,26.967937841131793,32.960478610132675,39.13931762078262,44.40582107355039,-0.06384292072685546,1098
521.976109868612,10.890419360727892,178.62258857515798,21.55878691621633,27.54072194896359,33.57846162779408,39.143929556375745,44.27830055358626,0.02831422595047092,1099
423.03154017924714,10.150063353410218,187.53249763949722,22.126379851920905,27.7405922447638,33.760549083236775,38.7980887809648,43.913967780143615,-0.13243530327621808,1100
418.6104410717221,10.114039876873711,190.99703557342605,22.34378878577517,27.92718647404139,33.58512238634182,38.13969676659731,43.46235528981115,-0.024474717380327138,1101
499.1983359503547,10.731133914536183,199.5325862344843,22.833762011556942,27.670922697017406,33.323773740715346,38.013673279243335,43.521679701799975,-0.05059190414826519,1102
570.9732242309184,11.223401672402991,193.25913899350473,22.43801693499518,27.66120907108057,32.56532567569875,37.79786265375338,43.61715059582028,0.1279164902965326,1103
653.6289009991419,11.743593027009865,190.0417234017292,22.252508640559963,27.09789753204061,32.4441501721648,38.340945343632995,44.060283303133026,-0.0045713572466684164,1104
618.8272072593461,11.528159460473246,185.6117411971226,21.96086869052156,26.83592468287241,32.848664970628555,38.688347574351965,44.0954254729454,-0.00965188030948501,1105
605.549575689132,11.44577384678703,179.09548334619524,21.540826071917007,26.86451010335971,33.184666184830135,38.82256578271997,44.510427211319254,-0.2772553610053703,1106
549.4767927516262,11.076122480213417,184.17723027515558,21.862199633695116,27.098979713414312,33.08549528665497,38.620821445568204,44.48566977286923,0.10749283445863558,1107
575.6422869722717,11.252629887224822,180.95790224866852,21.661416220219937,26.98834893281239,32.9700877149054,38.751810711519305,44.34161451785155,-0.016822971272552553,1108
626.2584912885372,11.573816586971267,180.949096314029,21.671010183996252,27.096681490031614,33.253379550639224,39.04797860081027,44.72408659242206,0.12226914825708922,1109
572.5523856435001,11.230789668691006,186.23412658762334,22.043242368090528,27.089523762213084,33.54641370246886,39.16149280059514,44.761485641998306,0.04250225939953734,1110
481.8323479273137,10.601206421650133,180.94655454485772,21.702351040459924,27.472392588876946,33.730440612836745,39.35957402670789,44.82211893629055,-0.018284989730929277,1111
484.5609985067258,10.623814224700961,194.12078979096736,22.540873954055073,28.040981328299676,34.065119369033624,39.15399631696985,44.433113828508574,-0.16900017679461332,1112
490.432898705015,10.667946553273264,194.6568956581201,22.54807923625876,28.352683315642366,33.8959064227195,38.58703468226122,43.9047173350706,0.09040889598937202,1113
541.1930633139242,11.026591771218623,205.87937064036691,23.223449742265394,28.179377164937097,33.53631236890956,38.10679935178847,43.66618249398548,-0.029209636302145365,1114
634.44570947871,11.627827521681791,199.01870992819806,22.77853930866333,28.146898647427893,32.98167632721479,38.04392201737886,43.890597194952456,-0.16194237434347886,1115
593.8571254632615,11.371364361564781,193.9103748863603,22.474128911380944,27.438141366026176,32.765810474935186,38.675390381154976,44.28749834352323,-0.03563730565664191,1116
640.7456863410757,11.664713841762886,185.73874466816017,21.955777197405865,27.131145903264198,33.00871926016696,39.00635856071452,44.892060099264604,-0.0010802389433337012,1117
659.2293908156274,11.776938422801766,183.67634085293727,21.82336521279451,27.167341023570664,33.36742479132924,39.00194209727248,44.878738980424764,-0.2210759421982058,1118
576.9202935294354,11.26002379732268,193.81739678254988,22.473444368156525,27.08920510262981,33.2809892676281,38.7989153282793,44.97742952440696,0.01362192992058518,1119
609.5689002140836,11.471980560609818,187.57037968494103,22.070856365280058,27.341131043529256,33.41902731599267,39.26321814918359,44.96524581045978,-0.15515900024975804,1120
574.0438304577369,11.240870045413057,187.9027564178351,22.11066545303305,27.202153315845973,33.53866196294026,39.22423732387674,45.09815505126057,-0.09242656820715421,1121
510.90008632807417,10.807045963428521,178.87236559493115,21.542879027067734,27.38493429853112,33.73414664028706,39.417615183051815,45.460467609262885,0.30453255920111455,1122
442.6141911970959,10.301354419537448,182.96883763189973,21.824669560234195,27.7909623148731,34.46807144280775,39.69505057579643,45.20546782734219,-0.1351251744096353,1123
441.51113519912036,10.295921835278016,193.08613116220678,22.468959110738925,28.17208594990495,34.48604229530628,39.77185434495967,44.875331978948694,0.08240664756369392,1124
551.2124765292442,11.09639099022304,201.00686729053166,22.940908606063907,28.716762019812567,34.40363611337224,39.190441131735284,44.36358200391996,-0.13409513804358103,1125
625.890072698043,11.578485303446115,203.8646543853701,23.08941480466961,28.682900476678025,33.838174088059134,38.560949488161015,44.29465638528127,-0.18446572220162266,1126
615.0581845424852,11.507042176761637,205.60645269191556,23.18778548111862,28.617813790494694,33.41946612867588,38.39710683984052,44.52763799963101,-0.04420152804694056,1127
709.8432416476098,12.073653718751546,194.9224975733178,22.518804348988557,28.19345402821731,33.41308892368677,38.78720365055897,45.046568094962005,0.07602724226634244,1128
600.8170095141443,11.414407203089532,193.58817065966028,22.443596182959155,27.479342614678295,33.534501375487444,38.91285529829839,45.24161328991101,-0.07179602806153267,1129
642.6102360881695,11.675406205590363,185.7826559029143,21.952985915973812,27.74337459348781,33.581199097663834,39.211273312235406,45.38579353393482,-0.006737104723034884,1130
642.3943882391785,11.675824752497293,192.66426934915222,22.39574921795413,27.659308752267084,33.8602306657404,39.29780621122804,45.31589791329413,-0.14542927965190086,1131
667.6396454171971,11.826130008769352,191.03974870753683,22.299819608212164,27.625544696489328,34.035460894452996,39.273316834944886,45.5178168619266,-0.007864426837237082,1132
586.0349597424328,11.319192118890731,185.8469183671789,21.98280005761275,27.6972254910099,33.76348768477399,39.43252120525695,45.71220922906091,-0.0587964036746098,1133
578.6570608455238,11.270949126516365,189.11838271331982,22.19719388193636,27.577328676874973,34.180443035076436,39.84970304532536,46.04579767990814,-0.024637304374803076,1134
538.3411001900554,11.002893423131903,190.25916277496964,22.27685196771776,28.135176836361843,34.643684376489645,39.85476329891444,45.75607262124185,-0.04812610804692158,1135
471.5135253482142,10.524708238910879,196.88532569647907,22.68274311614628,28.431669803117998,34.67844969961154,40.043369573744116,45.40729303260083,-0.0327799800015837,1136
550.3283295431274,11.088561414487122,204.11100579435242,23.10835388342272,29.104517962328657,34.65986089439453,39.544190670377915,45.01179741908673,0.10128091542036002,1137
603.0705955657577,11.434517537598621,213.27882662667517,23.65698697137411,29.0788190593565,33.96998738844188,39.30205916216924,44.786266374148006,-0.011872731090036715,1138
716.3512157110658,12.112790826842556,204.4605555649287,23.09371752712952,28.98140696422124,33.856557714791016,38.96686718256318,45.184714373627855,-0.03570326493531597,1139
727.3633274748184,12.173093973306983,202.46936996173068,22.977540010725317,28.35153062380568,33.52677609741548,39.05326004659438,45.43090352516466,-0.1400102278217654,1140
664.0734173853302,11.804922579066183,201.02270187154772,22.892781034429724,28.24898834263815,33.758514707468954,39.41753076236685,45.72443099251238,0.06328447644242048,1141
693.2820547308504,11.977281855200573,198.46918601759967,22.739462478142382,28.116065853966862,33.9318999021145,39.577188880527075,45.87633040213966,-0.29209953146969336,1142
602.2093406821663,11.422677399665615,202.96483618890082,23.031241968762203,28.24787350553504,34.16938417977831,39.617964874333516,45.883151327076355,0.04942201192784956,1143
579.2847780568729,11.27483730494836,196.8542992700968,22.657241929056504,28.37783004166201,34.1017821719183,39.65518226574573,45.87454867728419,-0.038396502593686196,1144
668.2048209757004,11.828297888535555,190.03786732279607,22.22899686122849,28.093234460456927,34.09672880826395,39.90299682711581,46.19326219446075,0.07947170323066438,1145
572.5967131953485,11.230559358070266,194.5959751306268,22.537984675916462,28.092575470057565,34.56435417809848,40.3892575537057,46.25099308098834,-0.1004886908319843,1146
504.565393348566,10.763859751511415,197.46313333277112,22.730778355579588,28.498733215749837,35.08815877620459,40.45472317796985,46.39999159369853,0.11623365678111551,1147
515.0486397171934,10.842059255232918,205.54483848474985,23.213716814285664,29.0230492796161,35.10714722316287,40.708805468399355,45.930123300997266,-0.025538641185426775,1148
587.2777286820485,11.333404206170776,211.7062473610929,23.57050621361138,29.536776412147585,34.98225922625098,40.1333305460703,45.572072252907184,-0.04802750286244204,1149
581.2746428687353,11.292559567949848,214.3588535510311,23.721121493549145,29.557014834503544,34.51105844686384,39.60160515697792,45.06498300789154,-0.0791708038797429,1150
650.4515237207634,11.7249515975066,212.16639404097276,23.551327519277347,29.27680242956456,34.07368563477907,39.31219041487311,45.35968715444582,0.16228412473641954,1151
730.8774311897942,12.191153792873378,204.07400240397848,23.05120297687226,28.71765322588423,33.9545900867809,39.5123721878542,45.957363522977396,0.15927137337827776,1152
686.5532411111313,11.937928787689813,202.19475998092713,22.953664816080142,28.426248392143048,34.01503620316284,39.65361433185651,46.28902394546292,-0.09763733901851997,1153
633.8155298434846,11.621064029926984,199.81702656307328,22.8183076784837,28.603970491971626,34.45747416884741,40.022805245061576,46.30450468495934,-0.164036204055978,1154
632.5950140104998,11.614728751265806,196.25136673931294,22.604791316017884,28.591836828330937,34.48010366727286,40.19939499741922,46.404969424156896,-0.05072320781845588,1155
677.3001362900812,11.882885763807279,197.31295392860477,22.66910825651376,28.46225831413254,34.50013908640225,40.36936202662447,46.429778169055076,-0.040686451455470535,1156
698.4350630100149,12.006240733299707,196.8271482362611,22.636477538103204,28.318688772870065,34.426147840236766,40.29932198920442,46.72679619200091,0.11934013264425809,1157
665.2252406241442,11.811500242546252,194.7179749067142,22.527533345682855,28.40720928810897,34.81495401893648,40.64416648945628,46.91430432969719,-0.11096475940087958,1158
492.2629155023157,10.675354431936235,194.60216549683926,22.53462465678317,28.76253759775558,35.13558107297394,41.047111278729936,46.83297025632239,7.737092347416462e-05,1159
476.35685812967074,10.559841199866604,206.38573030105056,23.254661038531175,29.211819343488912,35.39567090702673,40.967949094322705,46.52852155148393,0.06200172140935781,1160
537.7190134107402,11.001316687255475,218.40329203273865,23.95521031287454,29.90744811439395,35.387358042613535,40.75717267859627,45.941267577489775,0.09563902663419689,1161
599.3516550387159,11.408717259644105,223.4188051898097,24.222751356264194,30.111055754803076,34.87405704978711,40.44945347869205,45.92543777569715,0.10357008818896303,1162
649.1483941349875,11.717210883732633,214.54069113940315,23.69706493365751,29.627880784042837,34.54853340534239,39.96081180180779,45.97258730258832,0.02904238912960317,1163
674.2603681281344,11.866301624961501,213.18756889058338,23.618328235800544,29.233216681033557,34.48641396012389,39.95796330819774,46.503041896058946,-0.1322936942903181,1164
739.7046330253,12.239609446826714,205.7539313781647,23.17253068421983,29.039155984069946,34.6702325418956,40.41830820243824,46.78396433051291,0.1728465388804937,1165
695.4454549805158,11.989238804226959,198.3139615570705,22.71309961751906,29.160222332635254,34.72118185788915,40.57072256059613,46.80477408898421,0.05875065902392275,1166
638.6087989998524,11.650131385664146,211.29481696540998,23.51367831265132,28.860049493641274,34.851825016946826,40.769017784522134,46.91378866992953,-0.027787570715626538,1167
648.5294091857681,11.710315582967675,207.71792058788594,23.309323209219496,29.1878269227699,34.64360815403565,40.67581984937676,46.89739033627743,0.04992006591385695,1168
644.1230048645008,11.683481796035606,198.72570638631586,22.762842567259234,29.103807076829582,35.00375618730801,40.83901150038887,47.26254258038929,0.13494526149153527,1169
573.3296525994602,11.23472106466032,205.20763458501293,23.181033837459168,28.86789181752623,35.06436082854469,41.62452517049681,47.32884348605437,0.11208876630611318,1170
622.0140439001202,11.549535575899041,206.5656414013665,23.272947616375404,29.56381950559464,35.6665707962871,41.540300861540686,47.211421375759656,-0.06837676421522829,1171
491.2820859030651,10.670242773243178,209.8861805011596,23.459966885924015,30.051861921942464,35.938971686265525,41.694396443487385,46.64944293122653,-0.10411871713037413,1172
540.3288429707637,11.019918830384249,213.82215808060946,23.668763457794608,30.440448770914156,35.66334904345766,41.24840054549165,46.388954021724714,-0.0553448513451164,1173
657.7303636472386,11.772178377548979,223.83449113898112,24.239480828171807,30.36077288777141,35.35180409082036,40.80878016132426,46.4038122480117,-0.017135464587813256,1174
695.0317800963909,11.988130991058403,225.31804786661405,24.323140849546537,29.883337791026822,34.863433891928224,40.71146588222784,46.56401491725926,-0.04551032118613567,1175
807.072051347428,12.603133342010244,210.84495037577608,23.474943657207383,29.466907311528566,34.647647523433044,40.50119739508932,46.977021254780865,0.1316348201204661,1176
698.4649788754759,12.006300901109991,211.15502036030733,23.4847070153278,29.30616392970284,34.92172708254848,40.71507730779786,47.14464324863466,0.05764741398308774,1177
650.0095796555827,11.719330148616285,211.79263296202544,23.533964212603728,29.51526715197658,35.18495942869459,41.143718401102014,47.28552344660551,0.0221618947849312,1178
701.6992838820167,12.025478147607497,204.3510664447606,23.092462705084152,29.59042267554078,35.24381301070364,41.333072381826454,47.41003377470271,-0.1734755002394669,1179
721.0358428228204,12.136044602703953,207.5178022676049,23.271975231374363,29.10327111534774,35.29931716414653,41.572907712002575,47.40852625720906,-0.058058566429851605,1180
633.3104256979973,11.61510440347951,202.44566984187549,22.980768204424642,29.628353362948225,35.29472025844314,41.56428860518146,47.74279120430048,0.10540086400609255,1181
628.6875830982128,11.588189716347584,204.4138868737412,23.111861003683575,29.2030861053477,35.76217861882984,42.05112345319915,47.98074557941683,0.0847759489577688,1182
621.7401606265121,11.547014434032256,204.58664375987635,23.134504464673366,29.853057373029415,35.80557080109309,42.21273852047438,47.67540545205484,-0.06255117417362148,1183
553.8566328818429,11.109961477146385,214.7091996306067,23.733975608888194,30.265935882918924,36.2746657160748,42.29057871743541,47.50680960016517,0.053448795482758306,1184
526.5052961834737,10.922727389136696,218.35160786602663,23.932283617443172,30.85098452568743,36.26426764251267,41.74775141691091,46.791496244038655,0.0022930350567612473,1185
668.6950273102105,11.836526601896812,223.2332858831422,24.19342155397388,30.702066074230196,35.688602649635854,41.373847105017376,46.51016799742937,-0.024974245041047578,1186
711.9270339226364,12.08585584273342,219.8862977185165,23.99154030069599,30.135472797140274,35.09354612163608,41.27342965867366,46.90356302534813,0.07195618315979349,1187
795.1300934859163,12.541027366799227,221.04162838566032,24.063654464644564,29.903073279675308,35.20904662461573,41.1284870572658,47.52008878730067,0.07182561254740842,1188
818.3631540364283,12.662402425919675,214.8135435803765,23.702686437470714,29.6942984439939,35.3646786104439,41.610811529077715,47.5367084479493,-0.09592009001760748,1189
680.2572214866174,11.900114155509915,214.2700693415549,23.67252505683291,29.857799387519208,35.492837723603174,41.907621338296856,47.748092013135796,0.018034774675536696,1190
694.3468686578111,11.982238997848588,208.80877298220983,23.351675846428687,29.776710883789654,35.594834019531724,42.045201565182126,47.908984720829444,0.037306309537512815,1191
751.0926910929185,12.302858495006053,220.74353085539795,24.060411386608653,29.68870561708345,35.2539382237863,41.82511871929053,47.76917883084367,-0.11237320656309138,1192
747.7826201404074,12.284366796365603,207.19151380456088,23.253212081736912,29.829954416387285,35.655378197534795,41.98769605619735,47.955786915931306,-0.14645795100501657,1193
591.4659374111332,11.35181383520224,205.96859874141197,23.198829124800273,29.721145215162494,36.06170147540937,42.44006108883917,48.11759694573001,-0.10938125066902094,1194
606.6464559756992,11.453233896464598,216.0525433221839,23.82002254657142,30.13051162512234,36.302174829164464,42.93177276657954,48.218782817449885,-0.05788217215868263,1195
587.2329471973616,11.329129091106884,222.4659368882326,24.186646455394122,30.909014978981492,36.69644325427195,42.67275911306778,47.74607008699719,0.05540362197145243,1196
555.0657382992656,11.118433690361046,226.20780734339638,24.387843843141276,30.924404722000673,36.39129132491361,42.148843161605726,47.364873838973175,-0.003405069946277105,1197
667.4976474015946,11.828091984256139,236.54901483814663,24.957946368162514,30.796021037629217,35.75099800970112,41.85166973993905,47.08267103118031,0.14311330150292484,1198
784.3882596275455,12.485269811371413,228.99022709876468,24.515283259056073,30.00282978055614,35.78534111820138,41.64546966577455,47.35946523267165,-0.17164735140606524,1199
843.9307358235238,12.79437406834558,223.93350199083997,24.226454380631147,29.97859137231064,35.41334720641556,41.77850675883709,47.76859938763072,0.0026651502000817682,1200
751.6337325262049,12.30553389991819,225.41413348233513,24.324901039522715,30.240821641314433,35.597328433054436,41.97444469300978,48.18148750100348,0.015504625630497475,1201
776.7889527986277,12.441390537176526,222.64226745930625,24.165032369743212,30.08996959912363,36.01821527675582,42.34276391089296,48.27125824176838,0.10570539399722392,1202
648.4510370301691,11.709772530732284,219.67505134147234,24.000550343454123,30.102786045400443,35.86542653264974,42.3961116452026,48.401025145622576,-0.08497008091001859,1203
698.3500912859829,12.005318553063502,218.21620283748624,23.89642504782052,30.146132072700922,35.85512197306317,42.558000979633775,48.46270346812999,-0.050797423724151684,1204
707.0213152902818,12.054748663310749,219.44432319130937,23.975719506462095,30.27299390975869,36.058218399086286,42.76318253431506,48.43055375861865,-0.11285841516171509,1205
641.4314996872783,11.667276751559898,209.6276080713897,23.411689024603184,30.185796685843894,36.42190332579768,43.070390924956826,48.79447998055786,-0.13002263451333593,1206
635.9436783171861,11.635483368226,216.46183344088297,23.84433894688477,30.253230890439045,36.82971207237945,43.05939631865203,48.897548099720694,0.11893246485533984,1207
603.8109884959748,11.43687474236032,223.3112818900167,24.226039784098788,31.094778074139775,36.92849640076525,42.65328326865157,48.33162820623802,-0.021561149494939605,1208
571.5662521131795,11.227061256218251,235.23759952629058,24.905554165905773,31.3265389954,36.77362303205159,42.26240520945102,47.95557009413096,0.15561042383855317,1209
651.0613814095138,11.73000792956712,242.2766233095796,25.272901011685086,30.868024807037624,36.586518900746924,42.0193971365958,47.65189021018996,-0.03811444870611752,1210
780.4441297500515,12.464140146979112,238.18186202758443,25.032725028694525,30.233743605557347,35.87907256476733,42.035960434185455,47.844865894554765,-0.07741329418493846,1211
777.2495746899731,12.444880036794483,228.90935504234395,24.497632703934595,30.203981814154425,35.86682915572463,42.22634338600118,48.096629234406436,-0.016512256333928967,1212
889.9880785129268,13.022760202192996,225.27976202259532,24.30664832666456,30.261364881318478,36.04507363459112,42.67738613443677,48.58602470446254,0.12207464423288639,1213
788.8386214034834,12.506317605478857,220.9877241839717,24.06380321357122,30.436461636855025,36.19499027042473,42.8094166311422,48.72475087337034,0.03406161246754489,1214
807.0732912024401,12.603413407117644,214.84562254147093,23.678808074984453,30.72125250050752,36.32239812392352,42.80779159022225,48.68325798899093,-0.17472173373247618,1215
704.441715983341,12.03926389429024,222.38806311995512,24.1485949157586,30.24841005502751,36.27973897505427,42.90371090401385,48.931649488078044,-0.14148321576237166,1216
671.6466490038933,11.847304572391405,219.11999767025773,23.960357822834624,30.444127640744465,36.40245756241147,43.28776828043288,49.073799944610975,0.11328951718913625,1217
680.7422939647988,11.902801114409927,218.0970274882143,23.921066494123842,30.575378001563934,36.80197052854216,43.570967973595685,49.365225529603265,-0.13639464716624544,1218
596.7831426925467,11.389156447726215,225.2223395089904,24.341730506717877,31.10076410960008,37.283589243136795,43.57169446426469,49.15146169256856,-0.2355595354386064,1219
655.6852078503072,11.757179795126993,232.55974558613266,24.746979194500568,31.301580881506627,37.22803256581498,42.99761687924686,48.743523280102444,0.0621572772419417,1220
709.7558392807589,12.0750292146938,238.85383472509005,25.087754591568036,31.4762135223515,37.00740700789544,42.78826113727338,48.339597367107736,-0.09808580570370189,1221
658.546650630503,11.775049583834278,245.6582343573419,25.451648894437426,31.080130729265967,36.66149323198176,42.30784489622435,48.21470106877329,-0.023348367787266237,1222
866.5800102649685,12.909775932149941,232.48220461392006,24.690067760831916,30.537385608901648,36.36092023050583,42.36429228766027,48.27213117038059,-0.04559074201746574,1223
919.971913273339,13.168971617917363,228.99153559414498,24.496073538396082,30.64845510803982,36.3068507821816,42.74854645998294,48.766767518587564,0.003013102925163394,1224
894.9925607948184,13.046450705681156,222.8393829725396,24.14255621056692,30.682410261604232,36.47281218844995,42.915057101170234,49.23847075436672,-0.045665898139238964,1225
740.3985754456304,12.242196317487084,229.73686534448893,24.575888926191716,30.72000177698145,36.41438212506967,43.13606878158402,49.351388072409115,-0.07423011176338572,1226
773.9840008186686,12.427005630907576,227.97505874457158,24.471285078369164,30.693930879081243,36.632768969024006,43.208589272417726,49.210929309250844,0.023820065406201248,1227
788.6027466864449,12.505352157850254,229.98826195765764,24.597432022457358,30.70035715721687,36.823354250331846,43.33416209944138,49.47970464184907,0.016602105089663668,1228
810.1922131063315,12.617916996091228,217.56487133328042,23.86011327407248,30.62719644046224,36.67154674406092,43.35773644129943,49.87905311890466,-0.006253919575474984,1229
756.4373858417496,12.330982395616395,218.3971205217742,23.90746172499363,30.92103997809662,37.23102488198099,43.69159241901391,49.70324153873999,0.0345536624995745,1230
617.9099691359439,11.522316067137794,220.34519641565345,24.038441034629408,31.17280206793774,37.43529532768363,43.68496679613215,49.69546558032493,0.10866948134347965,1231
658.4648787917513,11.773407490973213,232.30694890832612,24.740622001668402,31.75078560312784,37.64712994242218,43.324350991668155,49.2123063923236,0.12210192603799375,1232
696.294589720797,11.997334455915018,235.33443954625722,24.880518972519265,31.718626948976453,37.611795324297326,43.008651765702815,49.01413889316987,0.11579930525795873,1233
684.748061279415,11.929991912026955,241.5678756815196,25.21498779661718,31.57066093698728,37.21079201178409,42.51526106329979,48.64524608381864,0.06230857335158502,1234
860.3801162652619,12.878501160033178,244.88092587521473,25.381407812449364,30.891800625654593,36.62870951004011,42.32024475173725,48.91331033288901,0.025707519867492992,1235
891.5823851981114,13.031440320900042,236.37311285794004,24.91694147104961,30.471203438961783,36.52540867612869,42.86789769154172,49.30431352779692,0.005320543244889753,1236
868.6366723813406,12.917416740270625,238.60021688646125,25.047902998338877,30.57377879936556,36.553882009362205,43.48240315752972,49.5111551048327,-0.13184182763051386,1237
756.6617668498168,12.332338035073873,233.31906023980912,24.774306773356507,30.474036477750154,36.82275751513889,43.4691006976484,49.89871916468343,0.04293625083932779,1238
895.7757642490083,13.051002015590777,230.64804018215253,24.61796546575719,30.8770060814371,36.8328141045345,43.500883181013045,49.72353137941817,0.10741235102341058,1239
762.6315094955962,12.364533586917997,231.31167743378586,24.660788914741136,30.76460934012434,37.122407354380634,43.43283854973819,50.15688120715149,-0.012841258283130692,1240
744.2230524795635,12.262699147098916,228.37998548800337,24.48807126879868,30.935245243090783,37.150613240759675,43.5279133963861,50.15669558641005,-0.03076647991835818,1241
769.6886719334643,12.402453811338779,222.09949935958656,24.14319828544025,31.121090955914514,37.34951709227528,43.85631922501782,50.23848542782435,0.14212377659215333,1242
661.8062810683953,11.791541740955912,230.24128738318038,24.60878951368907,31.52955559500027,37.53509518423186,44.01504339586561,49.9939446008714,-0.05637305531792611,1243
612.2994758624479,11.489176053738328,231.48029476544062,24.68108612878128,31.846432604038885,38.05415541075912,43.70549370438717,49.63405620889407,-0.004862248525327392,1244
682.8560161067936,11.91957702075564,241.54885044824107,25.221804237971142,32.164572081098434,37.956734849872426,43.302259750673,49.13758526757423,0.03066005097858225,1245
827.3564620778857,12.712966944756415,252.1891956452035,25.794557288098815,31.478991488727818,37.62158348714552,42.969868996888295,48.92555043942991,-0.10456915008895568,1246
853.6919249155736,12.844648662785982,246.54035742278762,25.478184640574916,30.900137445898398,37.08455035146834,42.736751639302966,49.480252089864926,-0.19666195248888751,1247
845.1404215913351,12.799660119427015,240.97077330245526,25.169969081407416,30.621905568070716,36.87940089091506,43.09723611306884,49.63349036207036,-0.2270890892900242,1248
929.4443297806769,13.214269084829406,232.70473500785357,24.71491070616765,30.528780029649003,37.0056394529649,43.53490560380541,50.03019042117451,-0.1375281546568678,1249
880.8694107543646,12.978036509610293,233.75806643768158,24.790802704883657,31.14822545458662,37.37152253805666,43.76656776037513,50.295738104887725,-0.03887265175479852,1250
811.819906026272,12.627574221238484,231.9087503695369,24.6691864903796,31.26985721816972,37.37579903901183,43.61862889473258,50.208982031218284,0.12236648203519754,1251
848.5609479031644,12.815630926680395,233.81236067130322,24.793087168221728,31.122878415045673,37.45556847356303,43.72604565438985,50.32016290202373,-0.2283344344624527,1252
828.1914765880141,12.711719228602874,234.9493344328804,24.86890275915395,31.038636152565232,37.45234382026402,43.97541860063493,50.59914342149368,0.07938084898413628,1253
698.2633620548611,12.00209072133679,229.27211500649946,24.551491377236452,31.37195958463449,37.63384841500521,44.30467111976976,50.780574098654675,0.10250078188995784,1254
752.9746817029182,12.31502346772165,237.95426499486916,25.047750057417154,31.872328693539004,38.06007415935403,44.201567475293615,50.55440312647442,0.02255734972285734,1255
680.8856663774691,11.907208332224021,238.1421803997943,25.05055260345097,31.817715902890264,38.34856017302399,44.0410918000877,50.17822196666528,-0.12445829326814523,1256
661.4884139213086,11.793150276214641,249.53017288849273,25.64803875277762,31.986458619009433,37.98753712803065,43.683180305323376,49.62206349305198,0.017628775889980953,1257
815.7806435224778,12.651309787206118,253.90626694350675,25.878039945578927,31.63384174721394,37.8749189465061,43.233777964412205,49.7800850387689,0.02167747966928101,1258
881.6852803565911,12.984042323621258,246.65786422464734,25.45615843370623,31.043019272907546,37.37763693401641,43.076146096547625,49.8451115123734,-0.1606271898945584,1259
852.9961585063943,12.838416161620966,249.66691654786104,25.644143842756986,31.024354712223094,37.27965813953889,43.267131478547654,50.18953422061477,-0.08795320133153466,1260
936.8829619975693,13.24897141839986,234.08612355191227,24.77239191670935,30.91892273392318,37.31664293624449,43.95998773942402,50.51594107995228,-0.021143759527809846,1261
844.8376642608054,12.797631549247562,238.5710636368298,25.05708911612201,31.274207559885333,37.67114040822294,43.9080008995495,50.4344592735964,-0.12174768528621063,1262
794.4201236798743,12.536317025042482,237.81032555018328,24.99753308968466,31.195762220887488,37.64733595691446,43.78163220548536,50.643939430769606,-0.00779805018944271,1263
878.6241541325502,12.967199137068716,240.3706069925045,25.151919826117986,31.20787109419728,37.87566010398647,43.89970160814496,50.87113779968827,-0.062328080759468565,1264
858.5072420327932,12.866191020112737,232.18582586251475,24.698376598952954,31.11242087545083,37.935495717369186,44.06769974127102,51.10227885071527,-0.09424685769215646,1265
821.5657953544969,12.677395712144616,231.51211630221565,24.668774196690805,31.489481439554744,38.10772444498735,44.50806006759859,51.18754583163101,0.022559965055817352,1266
654.4798878281413,11.746119034420605,235.3798580279087,24.900125559615383,31.892709125230017,38.391862502736565,44.64188144960835,51.08569381255893,-0.032613510970495606,1267
673.9817496353535,11.865230166125482,239.93519575887,25.14688057583095,32.12395872934269,38.86443731684867,44.44625668680296,50.54827118477804,-0.05592588198697488,1268
710.3525856208234,12.077795334695063,249.29422093852605,25.639946219390115,32.43230726967497,38.626863702425496,44.20552015117244,50.352994397977184,-0.08460246155328026,1269
862.6726941578951,12.891071680395966,256.3419284373337,25.999470045005943,31.96590156623223,38.27967513957249,43.74868617590622,50.04466739706557,-0.1839595492586209,1270
948.3200759139656,13.305030171039256,249.90226421164738,25.629445334283748,31.638410723245645,37.66085297180007,43.28948533781609,50.367315372287365,0.07940584645271218,1271
941.5534198750054,13.27191471138794,245.6006332382815,25.39407389994561,31.136442786018637,37.54334218488916,43.926303352588484,50.576498937959464,-0.19952316271167247,1272
915.4500755279527,13.14604065573565,248.00554949073836,25.56866918908181,31.333725395893996,37.64938345702492,43.9828142385539,51.13949293341641,0.1413474017195351,1273
878.8599556812678,12.967339075578316,242.42263882013134,25.26420577951849,31.18407049916327,37.88661048726331,44.14830884194398,50.906124626153165,-0.12394845881030299,1274
841.2621434274436,12.778945810858207,247.89299727648955,25.576720453504304,31.740365706392893,38.08548216126328,44.30859849572903,51.20848585919801,-0.023731807106656008,1275
873.678771295828,12.941309377319973,242.72178837891315,25.2742301833035,31.376959348914504,38.12027647242211,44.235866180224704,51.15958149160351,0.04462507640598537,1276
810.3361642843986,12.6178346497768,240.87256341993344,25.180823526610187,31.3712828829937,38.19161649684598,44.67022225060074,51.561929068141495,-0.05036932742584369,1277
879.4239348095667,12.970138751285033,235.50201301366184,24.88967095846894,31.77213173522966,38.51290119429436,44.93353139873176,51.56487283465719,-0.009780625595415364,1278
710.297314428883,12.072668546991123,235.69588036486675,24.904640769783647,32.17482323757304,38.907758309510896,45.190965136238844,51.524275478408725,0.1309426301945513,1279
692.7324063679849,11.97529390277217,254.2533372138603,25.92743373432036,32.72620332204206,39.045023931556834,45.29490052728301,51.09376038308003,-0.0010025851986780639,1280
727.105611831531,12.173152479923687,253.0712684572747,25.837879354672893,32.43560420353268,39.093641714782514,44.8037184047444,50.751498374038775,0.010918772630536259,1281
902.2869641616777,13.086321518990317,267.37578703672216,26.588122515848585,32.352843815752124,38.62565326662371,44.63728891743845,50.675275095703576,-0.08302541227472741,1282
862.2156758316049,12.886690582134573,260.7194035657925,26.21762659363411,31.938252358357747,38.26497070560623,44.13452596490397,50.72393306543716,0.07360154431432946,1283
996.0281128896723,13.52366867523631,251.40718391151765,25.717065489164415,31.60082064585436,37.928657410009286,44.121725840152266,51.178298345104665,0.1147719040105178,1284
871.536789561263,12.928866395381045,244.3910098094577,25.347952174026222,31.464737699535476,38.152911724078066,44.421598890562215,51.55089084892723,0.05701526999497136,1285
951.4888802747631,13.318231083513567,251.7939984990809,25.77520952420139,31.634868512061512,38.29743949218767,44.6932006899002,51.64453850843925,-0.028385931931625464,1286
900.1242423999371,13.070855281068535,254.15492815231977,25.888849463289848,31.470425053030485,38.25955909346003,44.79642338821222,51.79741857927908,0.17527084424166142,1287
884.790263414141,12.99608321939167,248.1525260452599,25.564827770129337,31.37700998272821,38.33576498246341,44.89170074637086,51.69510583498522,0.052497422811418816,1288
912.5269517101218,13.131030032459721,247.51298409615728,25.556575026163788,31.399342891340748,38.49588544535361,44.961995012967556,51.86514735995226,-0.0015403937050684434,1289
796.3116645626345,12.545008284857788,244.05202619233563,25.3611035897042,31.735834658534223,38.778700405528745,45.58652425245179,52.0553895401727,-0.129363912263989,1290
761.0079493712165,12.356749247506617,250.2317617156149,25.724888959137534,32.30939300316852,39.14575652888773,45.70611926071033,52.02136471777047,0.006676412147288507,1291
727.3498022818596,12.172948603515307,258.1993450688288,26.14303731759196,32.350661314035825,39.44880413569169,45.69888265484553,51.38813745393069,-0.11565188004995824,1292
732.3525022208194,12.201912930685136,261.4171337659332,26.30472729328297,32.87866432173046,39.36276519681173,45.49644569600729,51.196825738797756,-0.1840411696521197,1293
894.9096241887255,13.05045539059519,271.1461936744738,26.78706614425794,32.428358902220054,38.84924385969389,44.87034310228299,50.9149344238845,0.002692590174804051,1294
883.2012988918104,12.989299000711089,267.0401256339529,26.556999594523152,32.36147085121599,38.49712196525712,44.61356663077668,51.2658025433861,0.026312272658059434,1295
942.0495808835121,13.272388641978411,257.263007323951,26.030555491981765,32.000977615838785,38.31933663878284,44.62122302293543,51.57411638315703,-0.13488363204168116,1296
1031.7956457713542,13.683679557176212,253.10152471245635,25.820932450845607,31.665160584335844,38.4964137726095,44.866659359935426,52.02766898869828,0.1407498373948328,1297
1007.4933372491917,13.574865456845076,248.0924332212492,25.54534304273954,31.701397011040743,38.640353609024494,44.9583075273764,52.07585281649642,-0.12711453765590727,1298
933.4923047756783,13.232217325985435,257.95916750246363,26.10733457798744,31.843035610515297,38.72003962147313,45.46333752899154,52.27186447032405,0.06452121731035769,1299
915.7999567266228,13.147073898469952,251.73996922687277,25.775534147478947,31.850081915250097,38.87452494209725,45.27450449579892,52.382688868353874,-0.05962587170247174,1300
873.2691915071653,12.93765152544927,246.2647950488897,25.477014916167153,31.78172699761993,39.15051923765052,45.537203863291346,52.436852942500245,-0.0367035105930551,1301
781.3768175251824,12.46520565121375,249.21408450703382,25.64883102303848,31.96374195750253,39.196276579856864,46.030833039396335,52.571109536487725,-0.19167216070066292,1302
864.5783275960393,12.896343035844945,246.91655906981313,25.527297963150204,32.33557985468073,39.578221836940386,46.51204816720478,52.35180317534571,-0.00902899753499751,1303
706.2444350224482,12.05316289774121,257.267106745594,26.084459429596862,33.02033061279058,39.86933147739345,46.55410309981701,52.23019198755112,0.07456392037006586,1304
846.9124603672518,12.81195409602514,270.8097824120731,26.78336388034427,32.8671071697425,39.699617954792465,45.85512634725983,51.5255193361811,0.029211926044614978,1305
811.6232066870768,12.628858232427794,270.11583665062096,26.722376468379633,33.05667529502944,39.125060799880956,45.59935808807645,51.53808599002343,0.08986823824811989,1306
961.2904810466918,13.364555113310725,267.6235062327396,26.57489388571853,32.69435437555391,38.82529143363571,45.02388858968515,51.63208699820143,-0.09886867300638189,1307
1006.5501010444851,13.570538301834922,266.54177727944466,26.53074094400959,32.25522856297821,38.59591896210225,45.10054794810443,52.06429597965013,-0.06115918368044213,1308
955.0770175665117,13.334166254307817,252.81349631458136,25.785135338077414,32.113907879960244,38.80558274821647,45.41352257743911,52.47923720055634,-0.16462343078348035,1309
1018.7542245804229,13.62596344595469,254.87125314280587,25.921224102473424,31.932043226855402,39.01024534570365,45.679877854249064,52.403310278508485,-0.05854102218195239,1310
888.3018123561366,13.013927607411366,257.90059397684576,26.098212969313145,32.09841485538973,39.08795550604463,45.78241450822944,52.63003726012176,0.04349846021317938,1311
959.3675450079136,13.354005090125305,259.58690814328565,26.187304402622594,32.12908371967741,39.12712227915546,46.25696692759215,52.74510566601606,0.06652177440849291,1312
892.4049434234024,13.033003121685464,254.6248136893359,25.921776240260996,32.048254582268044,39.23057253384814,46.283644038278844,52.87583731610354,0.1528266367208985,1313
826.9327918529417,12.703769832733812,249.84358459700675,25.666455265568256,32.25041921989238,39.68091833351007,46.647471321264405,53.083760575482565,0.12526905970400914,1314
805.4720930277576,12.593340669534275,258.3390935250384,26.145842571984684,32.62507230024225,39.86122853704917,47.00068639102899,52.80607007651533,-0.010907494897522229,1315
735.0471911132325,12.215258657214061,261.19173761161187,26.284632765987975,33.09563861351149,40.06006275149376,46.757348993954416,52.56549412834842,0.09468532535151475,1316
836.2927847354906,12.756856082656533,269.63037616738194,26.713566388966154,33.32604106532912,40.13892901889573,46.444298438571415,52.08924215068766,0.023362635124431368,1317
936.3017639043511,13.24873895318816,276.92522501207094,27.073696239603585,33.43729139949127,39.58450989811512,46.06577355575496,52.09044296816694,0.015993157672589613,1318
1063.7902460402747,13.826667903949826,275.5889091064191,26.99776987271612,33.30033102724395,39.2865028462951,45.995284193042814,52.363910344081646,-0.037648978263776216,1319
983.4700330591733,13.46549345079205,273.80689651019185,26.90776532681431,32.87669754048487,39.285089737445794,45.967408963201954,52.4520725201065,-0.01982074180996658,1320
1028.3704495616162,13.66767647918678,264.9695149197282,26.459690504276402,32.70961838345571,39.32247221404145,46.124547800251406,52.99056870405973,0.21055880368415036,1321
1062.4267056125502,13.818609036780197,264.4485735545311,26.446031534878703,32.674433519388636,39.42868366831987,46.515276394061,53.032340565197416,0.11036866709514928,1322
1018.6286138993424,13.625459078043718,261.4988634036345,26.285367144668417,32.51192064203685,39.353991558648374,46.49764031084635,53.009890018552234,-0.17952731233518257,1323
1029.3112565433175,13.672769977747755,255.41765003110524,25.952579681514795,32.43731380857161,39.52696736811535,46.47982919278764,53.17854098482641,-0.04110694728868182,1324
899.6383916969377,13.067553500848813,256.22769524219075,26.012621258265842,32.254015247066775,39.5956887550582,46.821328778788384,53.48892455947048,0.24210470362868183,1325
935.530913840027,13.240645568317289,256.4142282358186,26.02830912739251,32.519776587475924,40.04411022656777,47.14546229240624,53.36074872958072,-0.09849435158485112,1326
849.835322964848,12.822421806527903,261.50826674696924,26.31502417458892,32.900646944833845,40.51204634753851,47.44253279761222,53.4537984506489,-0.009714559500321131,1327
841.0753808393831,12.780497750237773,270.41971220366554,26.7635773260227,33.42229080771831,40.415665376685965,47.24584781043073,53.05083940463867,0.0413840934141835,1328
801.7856761962547,12.577880020581762,273.82153206484827,26.933619469955374,33.86347227292283,40.32119487918243,46.758005169372765,52.71196997302772,-0.1378301736053082,1329
967.0047731189542,13.393677108870117,279.6531273242048,27.213231180408876,33.77202160706624,40.07415003640625,46.43237249340173,52.51731655449491,0.023203707568070275,1330
1002.749372803792,13.55595294697814,273.7641614308624,26.89174727118755,33.54153196968922,39.43258901737463,46.43512180325453,52.72183361088094,-0.17807521953719613,1331
1101.435739824752,13.987207666449562,271.51166188830643,26.776894979854465,33.061274880278354,39.31707440354168,46.325406411429405,53.03434557489399,-0.11072175004924012,1332
1003.9564175258524,13.558277199880937,262.5631953910183,26.32795410899312,32.818694464566235,39.54076309175124,46.46595752125815,53.368041368692666,0.08374768129058131,1333
902.7072980520945,13.08385434680297,263.0165636291969,26.357298206532338,32.69674666887135,39.893499703814236,46.85614301057729,53.59981050296309,-0.145251171700692,1334
948.3409689929233,13.30122839094634,271.1339363199617,26.796099717384337,32.67413585273655,39.867863133917304,46.89114645277982,53.608849777935774,-0.012570945971872444,1335
955.7771387508968,13.336001343976564,262.30704605788793,26.314806312257907,32.84417024707752,40.16819745729981,47.10094721971029,53.78358546194393,0.0458989899274029,1336
945.358845685694,13.286574481328053,262.54431251892754,26.33338074601471,32.822506326322184,39.9775389700923,47.50829146135398,53.713538589438016,0.0675318657993108,1337
883.9863393480757,12.991898813861825,265.6257641465067,26.514038126803225,32.83558802978712,40.311079783214744,47.57388801402059,54.09803233147621,0.03170704524688457,1338
877.8048723197185,12.962694774962547,262.67531385241864,26.368747226951875,33.32979683596436,40.42022771814438,47.98815932856503,54.195763860299294,0.010757880956676805,1339
761.0778868267773,12.358213583451164,278.8518626527065,27.22708222335692,33.62975581942803,40.91884507054699,47.76185272010141,53.439774873277194,0.05521894854346522,1340
830.9520094369083,12.728445036292074,279.10625919634936,27.190390121354447,34.4602285501203,40.70214857436199,46.76399998598066,53.1162058050844,0.2143941938236131,1341
892.3328483791151,13.036153632952237,283.4947193885816,27.40870570618048,34.18415571411015,40.25888903765426,46.62448057302945,53.08675883205281,-0.08914154675747776,1342
1018.6416182337875,13.625855370478599,282.4072641569043,27.333408397255408,33.946779852984285,39.94006599562883,46.51655993275518,53.032003309667395,-0.03880883351010187,1343
1060.0120311305193,13.808086539884476,280.88209011915126,27.26957864364519,33.54847763242156,39.712058485090374,46.98427714067048,53.56480852787983,-0.0780144584143988,1344
1154.3878124655528,14.208232567110677,271.3186534253385,26.782521278923152,33.62211440021976,40.06991525449663,47.174296579258,53.812811235290766,0.055508424959605784,1345
982.503026057633,13.45991937235931,275.335068735162,27.004641049096062,33.28024396996332,40.10406681955774,47.25305045074921,53.966829134008776,0.0283900593129921,1346
962.0137604146212,13.36558808154416,266.97161028828367,26.562449479374152,33.44211913421966,40.40754914219032,47.498623160078395,54.047841463969235,0.052951175908670205,1347
921.5905223165028,13.173574690517338,267.64060628620115,26.601003612670976,33.14900662798889,40.16683424552047,47.47963873436338,54.11821368472912,0.020867852436543162,1348
982.3824458367683,13.459398156365832,261.86250721759905,26.30606358388734,33.2199371093275,40.21808554590737,47.846883557335424,54.28314144136411,0.012018384275976034,1349
950.9569024272923,13.31431922684165,263.4943879774235,26.396832451337247,32.95967414719379,40.62825782717995,48.06694173099113,54.437067784530456,-0.05568492918231364,1350
835.6086257252861,12.749219780011263,262.1902349385144,26.332524317509108,33.52268541910982,41.01930277423278,48.14087559305046,54.30802340457474,0.07707320674529214,1351
831.9310083291475,12.733338872107046,274.588435191451,26.992714913817828,34.01072176298479,41.11818151402189,47.86474116562322,53.97870606163575,-0.07855924812829784,1352
866.7429543005517,12.910265454343804,291.7156878019497,27.853902429271052,34.42297993245461,40.927099490254086,47.38240781385276,53.67951012389896,-0.12168031262351,1353
974.5477102511518,13.426193461576293,297.0397133844559,28.095191607261214,34.928050212996055,40.55712836580069,47.012629291736395,53.34385065443554,0.02994655238539981,1354
1200.9047839750185,14.400207225755647,286.6994022599123,27.54939354972136,34.24481322684619,40.287644242638294,46.95661059587901,53.699757046055645,-0.021761709980945083,1355
1049.0844741749418,13.76023460098356,276.6009960501243,27.04047145329347,33.870588877532434,40.1325357608116,47.250700133833966,54.18220410541765,-0.028088345910777936,1356
1162.248963199077,14.23981549060823,275.72426403040964,27.01232783669355,33.57059532098107,40.246521308825315,47.5729771089737,54.317436472956636,0.011803883365707351,1357
1017.7712620124915,13.62035882413291,273.27584665149647,26.892774609156657,33.635792347308005,40.293455266392066,47.8082766016861,54.45762855685574,0.01284661957907744,1358
1116.15507319651,14.048331358007175,272.59381766741615,26.85305246965131,33.60868739075204,40.54141556737901,47.78565678752501,54.68071877663489,0.0992458276006491,1359
1135.4887512934242,14.130051317187037,272.41720621892085,26.847675648762458,33.57751112530253,40.52029447155391,47.86419399140982,54.756995644713285,-0.05964134084109316,1360
1069.8789235117197,13.85002458449368,274.3638574917316,26.95700214193743,33.59036499882277,40.80018209099516,48.00358254054252,54.897419663541115,-0.07656636967773063,1361
951.2524966700971,13.314457402063313,272.2830962546989,26.866775122067594,33.77540995501706,41.039220759463326,48.331438360960995,55.039332564174586,0.18877982449554195,1362
910.7227108648378,13.123366013318611,264.7731413672853,26.460008618503547,34.25090764177053,41.4148577786858,48.342870914121214,54.96064030241753,-0.0904800083738726,1363
961.9615531243143,13.369759365604148,284.00788083569796,27.47482816004576,34.33584929011553,41.830066026456336,48.12561834288924,54.382412903285065,-0.058806375412071114,1364
935.152671940666,13.243250795295074,288.2210883751614,27.659244543474493,35.33124588244528,41.44427707614701,47.20179892463239,54.01015660314018,0.03771234412702201,1365
1084.3357655646694,13.916599423845758,292.04126093984644,27.831634277708606,35.058135554706205,41.13540552370865,47.046972095103776,53.74814178627348,0.012045561841129187,1366
1147.9283097574516,14.182558755289236,293.6522378590281,27.907680097236618,34.70455787378643,40.51661121195073,47.29101778939499,54.201871999304956,0.160541004298631,1367
1223.047196303325,14.486044682165769,290.064959435153,27.73421796289771,34.34193623334054,40.51128042142383,47.53866276991136,54.518914589526844,0.1220382690026938,1368
1129.3525381058184,14.102861056684207,286.45603801449886,27.553064884375633,34.1332164322358,40.70751281242748,48.00640000474356,54.92325900481888,0.1426078122212682,1369
1041.580860563689,13.726084430531081,277.2547957302912,27.08918628266292,34.32372506676277,40.91325009933984,48.0903597193205,55.04908376422415,0.06932718445921852,1370
1147.4439984047729,14.178940084547627,274.1318984925478,26.918955559581114,33.93881488817746,41.03279492724194,47.893068880811455,54.98882082375628,0.12959643790285733,1371
1074.6775938646415,13.87090591641068,276.0481490328306,27.03147813419591,33.81396272004014,40.93866682622997,47.91689294806798,54.96755587829407,-0.04424275747796222,1372
1076.8715316233288,13.879734225217858,274.6449046640073,26.95941550035031,33.993371049592014,41.09632499264232,48.27078382647349,55.4017443890026,0.038679955442452695,1373
936.5503690985346,13.24575656374608,270.1474435522963,26.73553886867569,33.934005621345705,41.471236832917924,48.42809145861162,55.41371324253299,-0.12868435954472626,1374
916.365447112156,13.150243606417884,277.8741075569386,27.158757430819012,34.31541436056513,41.88253864181414,48.61066929961786,55.49739733481666,0.09067194295401829,1375
919.1109031657156,13.165957931263813,287.88744166035383,27.676404972091802,35.23616385308283,42.04427039514382,48.40090094547462,55.020127964915275,-0.043306620592697714,1376
949.5543770855099,13.310876263019587,299.7287272260584,28.240803031012327,35.48099856640936,41.690107344232025,47.75592489582378,54.36311103463588,-0.027369224177536358,1377
1006.5840010071805,13.573059450487701,302.2883291445679,28.34823123526022,35.37746730677096,41.394922118072174,47.465323537517826,54.39958123657711,-0.1622169636210481,1378
1110.4217087042095,14.02575635417125,293.910543266049,27.90200764577755,34.76935711404546,40.886052375200855,47.40585043633019,54.48470682550742,-0.07039057844255335,1379
1202.933962965652,14.40553235871888,288.4245372184746,27.641806596627106,34.66327575135442,40.803178431306165,47.8716486031811,54.992480661412166,-0.21301483581511255,1380
1211.0916965393635,14.438021333310747,282.872206960668,27.368657114465847,34.365706152281184,41.09720316763751,48.207228340648925,55.25733456213571,-0.022794147547351658,1381
1022.0554310200315,13.639347428200853,284.8977138470825,27.488551707283072,34.63402315763258,41.26705516118227,48.14236486063268,55.606578182022574,-0.0567016955081561,1382
1154.7134215360106,14.209594050081543,285.490086949632,27.501033388931376,34.52156266302267,41.22594755885866,48.13527742547852,55.52489774160876,0.015790791151987473,1383
1231.2136982362877,14.517961317461342,277.84080218474577,27.11031458122387,34.539009201974274,41.2362630613561,48.34772990519929,55.62537600336644,-0.11331402951438443,1384
1114.0348335769997,14.038423390484818,278.0547718778317,27.126355159103817,34.386901763507495,41.51129703911928,48.430235173957435,55.74850600509132,-0.00929885151073637,1385
1002.2157087193299,13.54917090752582,279.4926807310135,27.221208377444196,34.563076129053115,41.74222303606027,48.66267161202367,55.96298339297328,0.029619700203301152,1386
952.3009716394271,13.321108538805278,275.3953452083404,27.012388139957956,34.81030602942428,42.25081176535193,48.85042005548534,55.741632850017076,0.03129413364899617,1387
866.9955570404264,12.909124089563768,285.69913703495223,27.553138603187968,35.22101244235675,42.380557704895296,48.664367575663135,55.498643369469974,0.04952739995854956,1388
983.7118365122053,13.469521388897565,304.51004663705294,28.484281860543238,35.717646868462026,42.19437595525695,48.38372699744642,55.14073059230967,0.005742577477968552,1389
1128.9286372277604,14.1049468391859,307.5613933765213,28.60387608241832,35.57709667602404,41.620767933723805,47.76319599746461,54.98842740103405,0.17154210977992335,1390
1120.1021465828064,14.066059978409035,307.12256680102973,28.565272516939878,35.212512696558846,41.24786067605413,47.906183860831405,54.95770153852428,0.07170004347155992,1391
1152.1894945311642,14.198744924644103,296.8134469483801,28.054039391646242,34.97377573280918,41.262852068787765,48.22794306646286,55.62507281490041,0.045752454328089505,1392
1304.9027704355958,14.80329648641724,294.870488796799,27.992379565341245,34.93509607253238,41.41302749993085,48.394834428512766,55.88873231717523,0.018123415437984368,1393
1126.391081957604,14.090704334042144,292.39565379560617,27.856679633729335,34.86825769515962,41.522243760296035,48.511386024017945,55.812888446532504,-0.08232802208322978,1394
1204.2912536951856,14.410480501894547,289.73402724277133,27.71868399390464,34.94895050714955,41.71587154512638,48.57948466547324,55.9783266286184,0.11225981847545703,1395
1181.242832128396,14.317526601499289,284.54106479762896,27.447154677637048,34.97910559261126,41.69340595715657,48.43364412643513,56.01009175692324,-0.11951571807787263,1396
1174.1000146596768,14.28777399929065,291.1440480247775,27.801115733892516,34.781224624163194,41.955799243109524,48.84230090002433,56.23087815908717,-0.12015302922969298,1397
1023.4511097186037,13.644909052505641,286.01883198039576,27.54901337521761,35.01911034300694,42.35279042026236,49.126686479317094,56.63044464339609,0.12021738314308966,1398
972.1656326472981,13.411682489285278,281.7780495710297,27.344354538676697,35.18963414995475,42.50133504623861,49.208163567262325,56.5031450100937,0.08444747029637628,1399
935.5120587692516,13.24338017123692,299.6087095290373,28.245228660710314,35.730189800213644,42.80433747842273,49.275112353744866,55.851473607792315,0.17178035067971986,1400
983.5677509984456,13.46894424300602,312.76744768270686,28.88053141484588,36.13671075275894,42.4808924719046,48.85825821329433,55.525640552053765,0.017229671844099036,1401
1162.6334152082254,14.244499898365882,311.35736264486354,28.775476393432598,35.87537699350329,42.046545973053085,48.407486855990605,55.32688493042371,0.019310980145482597,1402
1148.7234284411845,14.185499086993804,310.39438248244556,28.713492686366337,35.52491335552642,41.77911797640277,48.03341333792244,55.70480684670462,0.1334524903091958,1403
1195.1634349787366,14.37426634250371,296.15925826898854,28.013202537857207,34.997709565976365,41.548145467204215,48.115328473815595,55.929629468801224,-0.08932893846082543,1404
1230.3453891590275,14.513676046807467,297.12132204687714,28.088085545415275,35.1624793334273,41.66164433932233,48.700336976425326,56.3361959936252,-0.03253339350685435,1405
1255.3617005747185,14.612375420562634,294.78119924901426,27.96423831469542,35.14326567479391,41.84052299372924,48.94246474138463,56.431142689682964,0.05721382598965083,1406
1078.0604434539562,13.883549536007736,290.0954540960262,27.73248659114884,35.223196182082674,41.98209499234128,49.12939782572959,56.48212768181854,0.1544138001206647,1407
1153.9204238372595,14.204570104903123,292.9933682707005,27.885454440430998,35.35974460000081,41.98811877769858,48.91744414213361,56.61905834381259,0.03186265678052499,1408
1250.7786857288559,14.594544076176744,287.1387651012965,27.586464126128828,35.085070348635085,42.28755390727264,49.18434017081193,56.80676521354235,-0.03745169729694738,1409
1012.6991113067012,13.597314526115182,283.8079525783948,27.43461354612413,35.26049387363267,42.34873539400189,49.434857488470335,56.920933172243814,0.0024393069862838467,1410
1030.9654953479755,13.679974763738175,288.6735695727885,27.681113081198124,35.67671804128586,42.86897548071735,49.80625034799661,56.90027689656918,-0.03706499204837301,1411
1006.3031332992293,13.571008824310852,307.8486956054561,28.649719882157424,36.1869227353062,43.01348199430739,49.689871409754275,56.437951005833014,0.25906858360614926,1412
998.5118321772876,13.53558489218287,314.4163847459598,28.94891115759096,36.17129011860277,42.732751674282206,49.41386374083749,56.129300862862515,0.11400221120432803,1413
1039.8850558044383,13.720506339615566,308.3117092016863,28.63362154654597,35.9116179960869,42.426500093064526,48.87908657037799,55.90050308963547,0.19583262728115164,1414
1304.068010571083,14.802167801609595,306.4851058742171,28.517588205781042,35.68119828279545,42.252844011554785,48.528093573510645,56.192679477648454,-0.15614022229125635,1415
1240.3083587047186,14.55357049265961,307.03503735792333,28.56082364919885,35.389783229694245,41.96045282885418,48.72519107387878,56.36103588171639,-0.033165226659745056,1416
1180.2936962392575,14.313193456832423,306.55277832707026,28.548585130642458,35.19059290550405,42.232636658789275,48.9681636134966,56.68753385755328,-0.03274406275617058,1417
1105.3995225052147,14.001287282837826,307.6442250309013,28.604398648658854,35.4481857691839,42.331661753831376,49.217549439935006,56.90123005799805,-0.03517773660479172,1418
1171.0811525073689,14.275311721958493,302.8103232548686,28.36769232739354,35.53006286228588,42.3426965663322,49.50852509990919,57.130833759133075,-0.020387064163619243,1419
1128.6774770538148,14.099666333127624,293.1004968071929,27.87025404235679,35.366384038814374,42.369383675520396,49.681333691313604,57.08031262377454,0.08952058288862401,1420
1245.969723164964,14.57575384897994,296.8441977609951,28.0770246625008,35.531983470118654,42.565043147312,49.58007829345681,57.19399956814162,-0.05425238799243368,1421
1153.2834072443259,14.20307566856198,295.5929935653299,28.031926566382445,35.629615170257736,42.970794951985695,50.19686226244444,57.65889225919942,-0.15457995959993576,1422
1000.794182423361,13.543521092646335,290.65544733658874,27.782294557304997,36.17440941543622,43.206186069404374,50.341463570171456,57.42138198953599,0.1326184963429579,1423
910.046666887397,13.12040346976226,303.6561650534594,28.42557591629166,36.37871726732147,43.331079384564745,50.3627941972592,56.83882061131531,0.02541454276902859,1424
988.5858006283224,13.490631077828121,314.0339889249542,28.922708106541908,36.74409672097805,43.44495110593585,50.02186764006189,56.31345862969647,0.07846312133833949,1425
1158.7441713555477,14.228351902891632,315.3855213032215,28.972761932603582,36.199729393158904,42.8450205335495,49.61492834730044,56.28609952401097,-0.0690081766600774,1426
1192.7157200360953,14.364909026191668,322.02913868866733,29.27191243125014,35.89356512864333,42.45528526050006,49.19348683590727,56.57504536550638,-0.16165321741041513,1427
1301.837664867298,14.791628181549742,307.89646542342194,28.59470065757418,35.35644108152928,42.43374294664105,49.2561170960224,56.998289008777235,0.012292461780732088,1428
1266.2180025887253,14.654707618673566,311.12829313164895,28.766237278970316,35.52214966281551,42.650282484242226,49.371708063915186,57.02243996004478,-0.10521922013263472,1429
1195.8962795967461,14.375368051698949,296.96959088419794,28.06825306954818,35.47071948147083,42.68594240869751,49.98952796397378,57.58349607186891,0.00046688955760488594,1430
1283.885226839253,14.722843092055141,300.7160967996699,28.25403517083371,35.92788566543788,42.65536595061686,50.074127470237435,57.39332490096821,0.01958928349675855,1431
1297.7554982488941,14.775071125472838,308.48352669688774,28.645382494169752,35.80057734153799,42.73906385746882,49.98462023208494,57.76250362423755,0.14167268559880858,1432
1305.846855080974,14.806072379526048,306.49911754600134,28.56390965415131,35.61732285358393,42.84617172250632,50.21348694926261,57.705113392609775,-0.04053129427903682,1433
1080.1389057995957,13.893009319515363,293.30580898608594,27.893175578673837,35.74984509916989,43.10534083967863,50.53544314398245,57.9841884793643,0.061001757598651486,1434
1096.940877812086,13.967200212468883,295.3078455163061,28.020623490198183,36.31146750895529,43.580570545516885,51.04888302108143,57.64945701626583,-0.2367921218861199,1435
949.109117086843,13.30689514313976,317.07391716429237,29.090506733699332,36.97680774698075,43.64136059040555,50.77007152835768,57.30844970568294,-0.058260276689623164,1436
1138.0323225642999,14.143440187505918,323.33834366713734,29.381037694378627,36.67751004328153,43.697590942107276,50.57499387108186,56.70739105513328,-0.11961277321567561,1437
1128.8233120647546,14.1039893490268,325.755740914317,29.474802708725292,36.398823293038525,42.9029257158541,50.1086975959292,56.771324742927376,-0.008722068549719247,1438
1319.257550315102,14.858443325491594,320.36733398007544,29.191164312862618,35.718887274128384,42.719126663724936,49.71601119730703,56.92082683435622,-0.041897231641773,1439
1397.9931198767422,15.148651770998818,315.72590252559485,28.969703386622346,35.65379475236502,42.51553215386372,49.78111447009152,57.353042452909065,-0.06675867008461764,1440
1288.461502638978,14.73995191227796,309.0860365805004,28.652248209056562,35.437500771333205,42.808055457833404,49.85939083585248,57.68548884180424,-0.16069586485545573,1441
1309.389860923825,14.819895613142686,303.47262630254994,28.3774239436719,36.10444570940625,42.984155312468474,50.35258648667469,57.73388287577419,-0.09087433226862227,1442
1213.9302257963527,14.447882421336963,313.82293830507945,28.884857256949818,36.308221626011445,43.145914267264885,50.44772697402128,57.86569282335272,0.017699140506798605,1443
1267.8892907538961,14.660147916623933,306.0682371559902,28.507317536275423,35.94318110671418,43.1805134398295,50.632736316786435,57.95944850975666,-0.06097199233466377,1444
1201.351951338815,14.39702590344493,300.8154631470302,28.25307812118971,35.94017255740776,43.309260399219475,50.902841254679906,58.32156111693785,0.10158094421858677,1445
1259.2443853426612,14.627505079170477,308.09405247780757,28.64255490612196,36.277062774740784,43.48370305683334,51.27739206655391,58.28382960070008,-0.12488187256818153,1446
1117.0264368422663,14.05186373419123,303.0520388491997,28.39691646062382,36.62773164680949,43.85923349779872,51.41846114322116,58.320022199906234,0.22879743747346948,1447
1031.5384482746822,13.682674698990578,316.1577747476789,29.03653988248847,36.91028025145895,44.40403510928534,51.51543139694622,57.971721524179245,0.06534195111193512,1448
1109.4455814846044,14.022110929137085,329.27688826755815,29.649221806530303,36.873711229624455,43.91747408237584,50.92909484207055,57.395361700394254,0.12886908673939163,1449
1284.857279167392,14.72948579927642,333.85101978263543,29.847770528126087,36.40857029893557,43.535263269219854,50.520869839137085,57.222596733318916,-0.16635279740339748,1450
1394.6143683929095,15.137521141012055,323.2433827869477,29.32715309727345,35.96301507463153,43.13848911866074,50.46444899948579,57.418444823499144,0.037068434299115625,1451
1333.6665880943374,14.911773700699165,324.5559367549817,29.400432072297033,35.792806228849436,43.058045814545345,50.34834643100109,57.95505108761684,-0.1144403536143439,1452
1364.709049696723,15.026794589717666,313.0546782540182,28.831287917798647,35.68775227717689,43.398888442311616,50.68717922621602,58.36181978911163,-0.02929063857154797,1453
1389.4510387454009,15.11678063776992,313.7246763275318,28.870833817836957,36.19942643040138,43.438223449083935,50.90075135859006,58.407608766571926,-0.07955081772094082,1454
1312.3200661398803,14.830557083232199,316.9709762836164,29.051044943867137,36.2015944432974,43.416286744334045,51.03288438310523,58.34963132777296,0.053890394111486675,1455
1396.0427868567278,15.14048626357819,311.72057735387455,28.784547662906117,35.87814123037953,43.39492942854833,51.2249597545597,58.66332535539368,0.05475374448798405,1456
1254.2524320621376,14.606931652308697,312.9697202224579,28.855440799858386,35.97316533548599,43.699831998506994,51.54423163830626,58.699604790935496,-0.15440747659791743,1457
1278.3251195308699,14.70117844525327,312.3750748414616,28.84260611939152,36.30467736735769,43.93157429441894,51.92188232342433,58.72582070802918,-0.2697891877940625,1458
1157.817271939826,14.221670674215943,304.3013557324278,28.434103854231846,36.66039663008431,44.427158510878634,52.07108544190243,58.82207487976472,0.06152545203329556,1459
1161.2635220387542,14.238458194192877,318.6985398463393,29.15431904011167,37.2750208697732,44.49564468061689,51.911681258769036,58.47011905039556,-0.12644513482829278,1460
1086.1248294049021,13.922757225360826,328.36096503280623,29.591032685872204,37.18086890923207,44.28684323520733,51.54224937969615,57.95144021811407,0.1720505214605611,1461
1261.226805187272,14.637598744712625,334.79565130928745,29.884476985957896,36.76583364947058,43.98195886738755,50.94803740729272,57.88336278093274,0.008480837284981096,1462
1333.9010453790816,14.913595039383695,326.62741777578515,29.486143675255164,36.335565771064765,43.620104576558084,51.06261400978249,57.96713255453133,0.014493225207670594,1463
1371.943573702077,15.053030053003587,322.96835853227867,29.31493220005083,35.99489033410842,43.28944953765237,50.998378148344386,58.42330326277348,0.011385961815052392,1464
1295.9230717596915,14.767733389429752,312.7836628224408,28.81382741694245,36.15029306531171,43.49727987752533,51.27899611919223,58.704434699867576,-0.052380110114761215,1465
1382.9454677042822,15.093419164489669,321.87795111976425,29.278776513508227,36.51607011208506,43.662240876532714,51.35626682112707,58.68707376941931,-0.06930143244648528,1466
1350.4573672719828,14.973787722800406,321.3606006244965,29.248909547142844,36.455930424063794,43.9581487485125,51.75014560845029,58.8317948616792,-0.034550122266235286,1467
1383.8278615246022,15.09673554386711,317.3921334098749,29.055942778947138,36.34564880972977,43.950157327566366,51.920658041348524,59.01232032602848,0.08607864698492322,1468
1336.0436296576936,14.919081369751485,308.0286758533199,28.58971852897694,36.251858570886185,44.08838731672496,51.94593148103644,59.30430880669552,0.14717692554955328,1469
1198.7237950680317,14.386176916075433,316.5612154438177,29.031511135871014,36.79529874630612,44.33486183792335,52.38147219960187,59.37609092679119,0.020612304078376022,1470
1205.627858621427,14.416541072269796,320.91791955188125,29.24564633902655,36.88155189459858,44.60465104583357,52.30531947736116,59.12715722641427,-0.1402564823818224,1471
1149.2908820384919,14.188027422246796,325.1193509468366,29.447089285226408,37.13940497669142,44.77056728031526,52.28104411201486,58.932589916881,-0.013358192997404636,1472
1219.3617741561736,14.474015558642709,331.2438139695008,29.727195048132597,37.26370649397978,44.60713764082534,51.73136931685488,58.4888719965892,-0.08908741401863961,1473
1264.7741015818092,14.650879478040352,338.1139660533188,30.03225671322887,37.07125336761652,44.29525851699612,51.354654628048436,58.24165889360519,-0.1394259146222576,1474
1344.3467964272022,14.951945388999896,340.1301429358858,30.127829306578068,36.67917388950688,43.985978436174996,51.00246407774962,58.389900855086054,-0.02884084509598372,1475
1420.0332499780068,15.227797673374344,334.48703831989747,29.866516412714923,36.294994088310844,43.846345797321746,51.51855942449767,58.929255580785856,-0.008934073366251431,1476
1433.7298691552821,15.276322294782167,331.5281800202395,29.728099105963537,35.96326374456816,43.830583841742225,51.8019249466081,59.417909814099254,0.10795687849002421,1477
1331.1863522315953,14.900539903280622,328.7835924435915,29.593019591612226,36.355057163685785,44.12173292229208,51.93135956445687,59.4626356505758,0.21052750968606648,1478
1390.256301380849,15.119947270884488,320.51235074937205,29.192317166633938,36.21638549546494,44.210829771074934,52.10094220407108,59.218706118484384,-0.0016473368047505614,1479
1397.0517201552927,15.144502937229882,321.62687454856905,29.243266623926278,36.561198862776976,44.30949024130456,52.186487309991506,59.62357628778238,-0.031184634683429892,1480
1349.0985651451358,14.968645739188762,319.05397901479796,29.14452617771246,36.659462728597966,44.41120187682642,52.467473197890506,59.62868094454195,-0.10529712491154707,1481
1188.430937703082,14.34443068201261,314.79204685141576,28.940849686747182,36.7482266094996,44.61511695210392,52.60057436128478,59.76313947187361,0.06319304103895901,1482
1070.8760690294368,13.854285667876397,318.5824232025388,29.13581334088786,37.16351862244039,45.13293523292616,52.53864193524708,59.61083609937156,-0.002539740325108472,1483
1079.884739284475,13.895211461334728,331.97033912381005,29.769137603589407,37.79552370583867,45.21979959572499,52.352522161486775,59.16606136248154,-0.023884873619415107,1484
1200.3562616133997,14.396900245144423,339.3070793488966,30.097745973083395,37.28324550287532,45.21877637437191,51.86619454640823,58.94996318466143,0.009525239744746068,1485
1179.1709702420997,14.310247414626266,357.9183368512891,30.95328182395948,37.24684827600015,44.75114177751769,51.5051296142869,58.5670623816412,0.12332154065194592,1486
1429.8854445500658,15.264063872281582,350.26073900481686,30.593477768899284,37.420917635692064,44.17931681364885,51.58363439446515,59.02363675192316,-0.0719860029989399,1487
1409.8797977870229,15.191562322687684,338.0265351741486,30.027025876356273,36.48830637921777,44.00309005570636,51.919879888683916,59.29703415012154,-0.03642632627726218,1488
1437.7973221431685,15.290548639523035,324.04139521763113,29.356379695653118,36.31877020447194,44.22590180258426,52.22625870958365,59.65701189576129,-0.16484444477613033,1489
1403.9054162875393,15.167949978520372,322.4750045270688,29.2826800904132,36.71981170368446,44.38285405352109,52.259476458510996,59.80267051842551,0.09650920121259146,1490
1315.0154249511054,14.840400769619544,326.86614852019216,29.486359651832064,36.94064041748895,44.677563410207505,52.342389743357096,59.79940952787621,-0.048818806203637516,1491
1264.7099253182637,14.646666590351531,336.1241340320946,29.935581602058477,36.65709948446446,44.6113678137368,52.20135790245092,60.04460001548276,0.170987853188665,1492
1447.458449226682,15.32447281230006,325.9031422570081,29.450088465650886,36.593434961926086,44.82752466196116,52.72969536591038,60.181976370969174,0.02106277272516076,1493
1303.275508331408,14.79610486101887,324.188639701795,29.384775705243754,37.056695599459516,44.9986285368239,52.90927189675696,60.34080035530506,0.020620612680809017,1494
1264.67539955912,14.64853708782465,333.45063265152925,29.841080480409435,37.17048852099099,45.40679769668598,53.03303078535865,60.10962227472264,-0.01883177435865066,1495
1206.120148671694,14.419386998224576,335.8973360953813,29.943447515255894,37.55284337354892,45.617450325188784,52.560022314060106,59.84440062959636,-0.0035733068280690452,1496
1194.2156990261772,14.371855080586611,348.11931185903296,30.50933041313955,37.700068933098464,45.406674264377,52.02143501375706,59.489655700606534,0.03637849456499546,1497
1345.016648519362,14.95554553510682,349.7617634096785,30.56129459285078,37.63922704655398,45.099145991923365,51.88422762180619,59.101085532142335,0.03204457647848381,1498
1510.949696548536,15.548349950817327,345.2171451912638,30.344598984202158,37.143075003261345,44.565366415649336,51.7799242207841,59.465938213181,-0.002577079562552195,1499
1579.5829056783743,15.780779726342132,344.9124570888744,30.33859515343423,36.893372031441324,44.48603419884791,52.24130138630031,59.91335387642056,-0.03476642111560093,1500
1576.8169201556223,15.77119658648593,332.53835617772086,29.763118538048804,36.81152689312857,44.560048184915395,52.52434671619655,60.119292621091624,0.0726731077324506,1501
1426.3482331072473,15.24951357291275,341.9691516712455,30.204045887192684,36.86693421066513,44.94846783809976,52.74316195462786,60.459861881219645,0.08541377839773792,1502
1404.2530064687526,15.169566143910185,336.85390587587165,29.94557004576615,37.042483108455315,44.94611342163182,52.58176803362624,60.41005223766008,0.17079631934107387,1503
1524.082220990118,15.591849312128405,330.4257592268279,29.658803957092214,36.90792719081942,45.02769558092103,52.66063995199195,60.358166517379324,0.07619372364817996,1504
1376.0389815073286,15.067249985753682,334.84181959303874,29.865837029092937,36.88189778598348,44.97873781559059,52.83536294185419,60.65211048738231,-0.006391002264115351,1505
1256.087206923974,14.612944309133772,333.18902212633634,29.813885182328573,36.81185081703732,45.446518414789765,53.22463286007529,60.79831478482539,0.20362960022608423,1506
1311.0422650087871,14.826472786738934,338.0017247133007,30.03342755658002,37.42111462787025,45.78781626745358,53.27518425927354,60.63582217151898,-0.007725936533235145,1507
1167.6464785547935,14.263293952268613,347.8648893512311,30.50747723669305,37.80300184480883,45.95360668532139,52.86906471859352,60.04508653321956,-0.19089990886110592,1508
1205.811414598992,14.41860681012729,351.81925812342007,30.66803874345917,38.0480449556721,45.60982962007457,52.49030054505659,59.76688196172621,0.13693944968780133,1509
1355.8377299767026,14.995259400303725,362.5969219321238,31.148237104989004,38.08222343011837,45.56332691800211,52.01868197239875,59.68052704626449,0.003608728189444972,1510
1449.4201803433302,15.332612764593646,349.11383139882247,30.51936874063973,38.08975439496448,45.0140771028316,52.07471862534355,59.874333987446825,0.16636636969545726,1511
1654.4534119270331,16.02696017129081,351.050576360648,30.619274095012383,37.11476610623899,44.583684556110676,52.401569876414676,60.37787827998357,0.15657205638618865,1512
1450.1782400346976,15.334225889295631,338.29895184820333,30.01421596216731,37.270030775824125,44.9109179732291,53.07188123271876,60.56832363321488,-0.0501304328350288,1513
1399.6661239190369,15.15367485102928,338.07039179042727,30.010747232503437,37.068331508626144,45.20711946674299,53.00332651931553,60.67156988722111,-0.16962945126071804,1514
1433.8484240531782,15.276272713187375,334.0663934157769,29.814815749339484,37.156174027877015,45.16906460773201,53.01797398823953,60.91071347748015,0.19285426539668304,1515
1441.7304770915105,15.304565098926869,344.90366322285746,30.32956619082023,37.05747738962212,45.39720727455647,52.983650284489954,60.78933550216713,-0.03640695925034541,1516
1520.1160308448157,15.577476523434523,330.4350930059445,29.66359615924895,37.0154023305601,45.293943655940396,53.104756484476205,61.032184066190254,0.09242314859505889,1517
1280.9824865127557,14.708873260719816,325.2334360252548,29.409264424934797,37.3162471309228,45.75667296030728,53.575998792790166,61.32458195351799,0.18542554066796235,1518
1339.3130731150495,14.93240991132176,341.44851206515875,30.203696821326606,38.01376692280277,46.33095878054862,53.52097490959285,61.05207796762303,0.053680762926225103,1519
1310.2364783215637,14.82400507228601,347.57613475846676,30.475292237775914,38.16040518820472,46.3703118952592,53.1935226701838,60.85124496086404,0.11997373856427301,1520
1224.2334698388868,14.491955786982794,364.414780629949,31.252853151816662,38.470458616722595,45.99214548899931,52.89770946213463,60.27756772141713,-0.07497427406872956,1521
1510.3317152484187,15.547681015152447,355.96609723794256,30.833226108446045,38.89583413572438,45.58684499559624,52.31100922852493,60.06935387605556,0.028773547176431987,1522
1499.5379163436708,15.508771163484985,365.89536462302743,31.27127996277351,38.0250720628982,45.18595138517214,52.47820822971587,60.49069747917063,0.03423995979509261,1523
1584.286304649545,15.795568230812165,348.1091515700325,30.461503453773854,37.962133569246355,45.10503432762662,52.80724079785342,60.85987423218714,0.04195744214010046,1524
1498.8831942492275,15.504366789580159,350.46447223571306,30.58344041804426,37.453570835926996,45.43951732608677,53.11643593106928,61.26248712191036,-0.10259284371394095,1525
1459.9656232823086,15.36866028152695,353.4145865572579,30.72504162381576,37.70476630949976,45.448212125648375,53.028707109773016,61.257489133624766,0.007805821426242008,1526
1560.0872969637617,15.714391600960736,344.9012680382178,30.31592178856767,37.795702187729,45.7572945684051,53.17312134372485,61.43775408441177,-0.012052894007772564,1527
1595.2205433185468,15.83149163880758,350.5236645589738,30.589365867196395,37.584255036108544,45.25710528201113,53.30881869228283,61.53468815800381,0.1379442172982033,1528
1436.2877594666566,15.284371621554195,347.65141536857436,30.458765618305748,37.66376606385214,45.835822485156285,53.743784648736266,61.57518523069986,0.06778074173271814,1529
1366.2070915081363,15.030778287429285,345.61274290367857,30.387626179225627,37.636882301140574,46.1865494764013,53.90326703565467,61.782396173222914,0.09903103808232962,1530
1319.84756167067,14.858659206499787,346.85637154133417,30.443423908602313,38.00049161494452,46.45101820319819,53.820059065923665,61.702047895931614,0.18821802936730198,1531
1216.7149715530586,14.46043002942742,349.1149740894891,30.54083760125554,38.60437520435917,46.71554001493176,53.65490127914315,61.129357445316124,0.03912241634067323,1532
1402.1048628564763,15.165148740821273,369.92350284573473,31.48362049559921,38.81013112167367,46.3006162227664,53.327952024029265,61.193528620668005,0.2679828196415576,1533
1437.398953434,15.291377347055963,370.4193350496797,31.483775714931422,39.13481131333006,46.169055995681624,52.89177848045028,60.55697826757859,-0.06939507634141234,1534
1489.8577725799069,15.474481137432798,363.01191762869325,31.13541106351201,38.68904743693703,45.71953786710301,52.768212176914524,60.706513231805005,-0.09195062322350613,1535
1517.5236956407289,15.568994581276534,354.3132728944578,30.743314321435264,38.138313581125374,45.64727718230731,52.85764251605309,61.2874599053551,-0.23821321720007227,1536
1585.884379998163,15.800288583661741,345.8157979856666,30.355490274097505,37.730484905023985,45.84091831851177,53.24227321528593,61.799324273532825,-0.010793779659340613,1537
1579.1384255457128,15.778717303501924,345.632678459873,30.35261322638803,37.883247073804554,45.991923572838914,53.35611081579989,61.5100184074169,-0.20880831696474955,1538
1583.3633030916849,15.791877332647474,346.71409332540145,30.407076956313325,37.89501415105299,46.03299110120793,53.48756920574415,61.790046909211945,0.04576689779503529,1539
1401.8384303663104,15.160448347435521,348.8762389420927,30.49765666295794,37.87753878986323,46.0950189727994,53.57297158354149,61.91283634139118,0.03209514205644449,1540
1631.2421255806928,15.9502388189664,349.5197034777665,30.542471597689723,37.917338690197646,46.04699924689715,53.82259650231041,61.99999777714674,-0.03842228500469794,1541
1514.4039234869342,15.558147706618595,336.26092368917136,29.92470777180966,38.00637630986866,46.494755240682196,54.26097122545978,62.37406699150919,0.06308009334244812,1542
1392.4231110205897,15.12900615748438,351.16124148094013,30.644712283131046,38.40163040791444,46.80754545504743,54.49815110463055,62.05733675286438,-0.34445840497678976,1543
1165.8309170611335,14.255534475751071,356.4598468030066,30.868134165150025,39.07722462123827,47.074823756481706,54.31975938886749,61.67759144396083,-0.005724467103893545,1544
1390.8641250418918,15.1235051606255,374.72549766712535,31.681358971975126,39.30332346649056,47.07086240563542,54.06623388148166,61.272062329193304,0.016616911975876846,1545
1428.9324073539046,15.26124323576625,367.5718031716262,31.348795045701138,39.63915451608405,46.60097058991847,53.588089319678474,61.022035440708535,-0.09403723024357036,1546
1556.7176024308073,15.70339276704046,369.08431172808633,31.420299469694587,38.94594238876592,46.06913178640094,53.34134157932654,61.375682019403186,0.14104179686163382,1547
1738.8290249074425,16.29514304743438,366.8417475203738,31.302125052769735,38.78454232053432,46.06486697861779,53.31924059650686,61.84453343602418,0.09901612001053198,1548
1536.2015623670238,15.632415325283846,358.4779727563946,30.941892341738704,38.52197485797713,45.921810683531575,53.53761163582777,61.98426753668997,0.07745651834974777,1549
1483.4396800325326,15.450654648151172,354.18011974235947,30.740478477188436,38.47020029165977,46.18885549129109,53.91478787807082,62.436790597692855,0.1182240170076993,1550
1497.2812318934664,15.499278880041988,362.4425980486592,31.12322661609264,38.43385060613032,46.5357809189962,54.00139052559314,62.29096364911862,-0.01777910112738275,1551
1448.178559743683,15.326604888766221,358.07288361888953,30.92012531950092,38.60579030688464,46.526106692309696,54.01943648531776,62.04089642158239,-0.06998386627619273,1552
1599.1910015787983,15.844564233853262,349.951923791979,30.56072246824926,38.52787102671522,46.43653401250132,54.157174284301384,62.57085878637012,0.12774922631474833,1553
1436.4329558736972,15.284842800935014,357.50623764252424,30.91895365937772,38.40899535112279,46.751561583723046,54.51550953824109,62.57808912546821,-0.024292458161321463,1554
1478.645714176126,15.43522167711824,354.5776808392524,30.784829829814875,38.95902960890858,47.18641102978575,54.96894740908256,62.61270733794143,0.050796357892918746,1555
1252.2552029324356,14.601079507933632,366.861239876611,31.337037479615894,39.369494310811156,47.48094220682729,54.96174074638676,62.20065134661443,-0.0006572247971360916,1556
1299.380399284879,14.78309887252522,370.53220884383205,31.491064695243836,39.86608954357876,47.32348478089751,54.83101064872452,61.78567532003993,0.035160444542296,1557
1443.111939575227,15.311229646224039,386.53971149314464,32.190931692195946,40.034798179563545,46.73727457186632,54.33346548197544,61.59702886322078,0.030141220813611785,1558
1559.5938139303778,15.713692668741206,376.2014961245108,31.723383719297406,39.30668301824402,46.45331831531104,53.67119892191706,61.650590002128965,-0.034936910551970984,1559
1693.7539890735156,16.153240121956962,370.10759612154555,31.455187611018435,39.05925571545676,46.189015558608354,53.88349167861571,62.05882629826258,-0.04947321473225333,1560
1690.5551854487421,16.141602271755136,367.8721527534691,31.356792079158886,38.91352533707174,46.308001937584386,54.032068606181625,62.57283113538721,0.03674258458678147,1561
1622.2757519716768,15.920609997682007,354.0444774837313,30.724515107724237,39.08424985787544,46.62303781888001,54.33154211531909,62.744187251297994,-0.010728308967404144,1562
1553.3297993812823,15.691066807900427,357.0796211737176,30.864007778172276,38.68811065463606,46.92084142367943,54.28261968860653,62.51324386427134,-0.036905298536877816,1563
1717.3487521589122,16.22743575470709,353.82424206523245,30.712918341833028,38.80931800661425,46.56611997695022,54.519587510018944,62.627221184361055,-0.0940940392992965,1564
1585.953753425238,15.80014509384455,357.4885939493034,30.902926803420243,38.76332622938733,46.9583189921846,54.72934868094601,63.02111059149037,-0.029856721232107072,1565
1567.295569711369,15.738169234459763,348.873015629706,30.510722705639832,38.78333126112545,47.28745567025909,55.11275667116124,63.01380566073447,0.04630579604225433,1566
1515.5314613393468,15.562874086123003,352.56987336695204,30.686393287647515,39.06178014529173,47.700105690742305,55.47282034570684,62.96147514032529,0.024162564218405003,1567
1420.1399387041167,15.229553356611632,371.07058823053916,31.527096292888142,39.513834121741894,47.80466426131646,55.66345166394047,62.63706442708277,0.1146813031635759,1568
1335.6449188362888,14.920213573308981,382.81385644845636,32.02861051742397,40.233127438744326,47.645281800455166,55.2283224025826,62.28076018495806,0.05719700192470581,1569
1474.3559639906568,15.421927181271721,390.8113065515426,32.369888833315734,40.23925639728344,47.3172166722639,54.72535361450542,62.036501451678646,-0.05930522922430584,1570
1588.241471334082,15.810009005242616,386.9722691764784,32.1923303220192,39.7185842112676,46.508764259963,54.541484460914496,62.34674763599957,-0.065274731108104,1571
1691.7350124320722,16.146404580874243,365.00940054196263,31.21257361282275,39.347529509541324,46.30717429125801,54.304167809335645,62.50659075988941,-0.2831020599340725,1572
1783.6865538857776,16.434347430501106,374.0646184579367,31.627347582639704,39.1737603628163,46.75024267111217,54.53058244790605,63.11223242851327,-0.010750284533086796,1573
1647.1674333763006,16.001980849871607,372.3880778016196,31.561743488419044,39.51877075790633,46.873803906798784,55.04581570705039,63.15256900282211,0.09171708852316623,1574
1685.4533440516475,16.12561395474583,369.4804585762327,31.430991696307483,39.485753581999205,47.16736638408434,55.0427823405355,63.12928396348429,0.0033428054347475486,1575
1740.0008687146878,16.2982726347861,367.07445470035066,31.3207327632431,39.27034481251927,47.023328079634624,55.36580133553248,63.41700743059188,-0.0674444979387098,1576
1499.543964349044,15.506240920218135,360.42367335463535,31.01780226631918,39.28336666907873,47.20375413880562,55.506626285195566,63.567276140930346,0.0035069513501390483,1577
1576.9079936519822,15.770031550704294,362.8618676195203,31.145733023723153,39.24582484877341,47.58437189139152,55.69280692778213,63.56956284482619,-0.028859466168605026,1578
1351.0396820382534,14.974638332477284,367.51993484381376,31.365054954924275,39.66750277483368,47.76427147319323,56.244512390740596,63.357624269821486,-0.10819224486476589,1579
1357.1564438912403,14.999207423310443,380.4918280173467,31.944349387590837,40.070731389451325,48.26381548459854,55.841569489695914,63.16697116997706,-0.15994922005909004,1580
1467.8191545038812,15.399343865013254,384.2399960579555,32.08400474411777,40.63112585891048,48.039067102534325,55.571659372541184,62.65841787409565,-0.043648909130440845,1581
1618.5185396861657,15.911176376183171,388.5917496219581,32.267662772516786,40.48411184211121,47.67820308138965,55.203679965303344,62.49506138662759,0.010710586487219342,1582
1792.814332707694,16.464095660154292,390.96338062530015,32.367591958689516,40.21124452694461,47.298534581217375,54.88284559751114,62.812866883601764,0.042721540045838634,1583
1677.0488721503218,16.098035433188425,378.5449805816507,31.811943592886767,39.6739310231736,46.90722957707147,55.26035910260617,63.18412783450769,0.13642829537022558,1584
1615.4856224721404,15.898605879886942,377.33920129222906,31.76597654035886,39.67155234302371,47.19008512307484,55.06179970557523,63.36643636418702,-0.055604745083416646,1585
1781.0001552474976,16.425730184094753,369.83166669961196,31.42722531389877,39.57212995928782,47.366382519459115,55.59314436948392,63.787185274382985,0.2867962534351701,1586
1693.414357070491,16.151614610095542,373.86908518792757,31.617007726294563,39.65490736181018,47.63813790828802,55.7039495630383,63.56226874791929,-0.1226815328083239,1587
1698.2458603040207,16.166450543250416,368.014954822197,31.35257398021241,39.668872059992765,47.366179200988135,55.922325741500586,63.896448845505255,0.040216553445261434,1588
1700.066337651004,16.17148979938039,368.23851575662775,31.367590584191994,39.46197429098581,47.38070181012821,55.84262746119821,64.12537560669995,0.19397001510276282,1589
1636.0411953276828,15.966108198801301,364.2332719384947,31.199887891464016,39.694875025786786,47.85715987860482,56.3820165761261,63.99824701080515,-0.020948932796227792,1590
1468.3733847901606,15.398501249829735,376.97707087622314,31.77965597603044,39.973804130498266,48.364294965614796,56.74646430666663,64.0676478610982,0.2688112232862922,1591
1477.987538937065,15.43382997048991,386.62904374169165,32.21478932533388,40.72724937713041,48.554711188211314,56.62006218137608,63.6053315827778,0.004530682348474259,1592
1385.7844046133107,15.104311837208906,395.74898551010324,32.5845461483818,40.9036157619983,48.407124071692515,56.12615497487002,63.24868464014197,0.11153655018924508,1593
1558.1855420118154,15.710063878808427,390.7872015312457,32.34688413020885,40.5970323363613,47.853360062329614,55.67787444062605,63.028360860625405,-0.11087261342922893,1594
1672.3543675478093,16.084522074269145,390.3080567516661,32.32336440950348,40.56006383360034,47.55504219400319,55.6170226615395,63.33253244006818,0.11505847769930262,1595
1825.4035371541997,16.561945682303687,377.0840301288596,31.747382702954862,39.99289722222937,47.40417334296357,55.59932273242791,63.506078848907485,-0.04541261638378336,1596
1859.517597642216,16.66504737838263,389.44016461687295,32.30541611251481,39.64021258327799,47.55378808409567,56.1049888822582,64.0094078590553,-0.08240691695998864,1597
1785.1103366127204,16.438655464013994,372.0891379403698,31.53349388988611,40.11156632108317,47.68949398487874,55.95689391422615,64.11665517847612,-0.07400021099732133,1598
1681.3269157831849,16.112147677157235,380.1126209237029,31.892092996783475,39.915760749626365,47.852749655847525,56.3261061545897,63.9971091192232,-0.0595227670334469,1599
1745.7941763175766,16.316013003650106,375.8346408265094,31.700390351478067,40.068489524217505,47.845096065905274,56.25281120880849,64.286880816951,0.14680465286160624,1600
1665.0505243965358,16.059450945629084,368.67604073307393,31.378356366581382,40.0196344852687,48.001282677785476,56.711251745060316,64.66248848983138,-0.006068031670928348,1601
1613.6142607210925,15.892204129004726,365.85710287150636,31.268343873987174,40.04214170183759,48.30508040360876,57.025732193882476,64.50520191339051,-0.02431404535876946,1602
1507.6713038486346,15.535553263319493,377.6537100791671,31.81018065190986,40.35081288248202,48.71881704861747,57.094029442293504,64.37560175403898,-0.07426453395192899,1603
1527.6260604310294,15.605111112079772,383.07915497996373,32.04880505932037,40.95037259711544,48.67896005821601,56.76947420150733,64.14411046844192,0.10921863288344187,1604
1421.7487859312712,15.23546425522495,402.15799293782715,32.861200366645996,41.26188106119818,48.82147066653786,56.53371010843289,63.56030176997664,-0.07475213283637554,1605
1629.2541093345305,15.946265047569893,407.2883835501408,33.065254616318775,40.65789659025308,48.13990257314826,55.83080243468086,63.693839562413565,-0.00785430241741799,1606
1717.285857686767,16.22722269856606,394.20871719384877,32.474029578086444,40.43090997017757,47.805278699132536,55.941693220220124,63.65047459311063,0.0690250134575882,1607
1847.2388376579984,16.627493168802392,387.72423768577164,32.20682346351816,40.297241878120424,47.8001659089685,56.23561948974009,64.17046567242755,-0.02087982064229208,1608
1749.7320531430241,16.3278249020994,383.92809143320005,32.041166737878285,40.13612842694888,47.93471190970405,56.34097822606092,64.37694584106067,-0.059286272927967315,1609
1712.2673425001656,16.21119529654688,387.1029212182137,32.19471355453774,40.50033925198512,47.851171907761845,56.69655600793924,64.70888848201923,-0.1462258908101227,1610
1658.2137019415695,16.037109717674067,376.4612821068389,31.716887040616946,40.24264655414186,48.18001521713837,56.599120445725816,64.60897912354382,0.24154461618103912,1611
1843.9080744993573,16.617351741492687,386.3699272513863,32.165729017832454,40.295057068997494,48.08970457791713,56.78339432395192,64.67787513710483,0.001830667293137945,1612
1667.2705314598854,16.06652952542081,373.441852728701,31.589572960316985,40.23375187221931,48.493456825807904,57.00230981424777,64.7861860582209,-0.09323632683909494,1613
1781.3791420073298,16.426300174635255,385.93462448093476,32.15550873851904,40.50910752070065,48.65571469026329,57.32459846292476,65.17620374721118,0.11550799721985541,1614
1551.2248921360774,15.684340205010766,383.99377932793067,32.08797289613138,40.791409554170535,49.18969716494334,57.42575089872144,65.03219154612567,-0.06694467765275068,1615
1487.569496918872,15.466850796758052,392.2462320360866,32.43948554501692,41.36941890653878,49.225050321235415,57.003074029055135,64.45104282826296,0.047946880419088844,1616
1548.8998975490586,15.678748121079055,403.69497825930796,32.92605073240556,41.670501517948395,48.98360210594111,56.48021378406892,64.37878167518282,0.019803916024073265,1617
1666.1812210280352,16.065487161036895,413.8164933907596,33.33781181883234,41.11731213986876,48.72275755278865,56.165486268798986,63.89625533852537,-0.17999654663144515,1618
1847.5956846722252,16.629974385578688,406.13842297617384,32.99911126714145,40.57565110153525,48.30455260163701,56.0366613180547,64.26839406041375,0.039457089154616036,1619
1841.118126004753,16.609328463635595,388.95655514087974,32.25042869325656,40.28764866162037,48.170063574707235,56.538654426840466,64.6754058732121,-0.03604496531602945,1620
2005.201175339855,17.09061204602017,395.04868900565646,32.53118243046196,40.38328342922768,48.223618227814434,56.939739640979106,65.21037687238528,0.17947136914145884,1621
1676.5649289937057,16.09611140941009,387.3013134227694,32.1936944504638,40.61283920463463,48.485125362458824,57.06418396067332,65.00014729772843,0.03844843333301173,1622
1708.955681980461,16.199915173720065,384.9271360132636,32.096345761549934,40.80819382492264,48.48531906794701,57.00526747494104,65.16506390261598,0.10022074144378648,1623
1906.2317926368125,16.80357937743645,390.8687792021328,32.36661001676019,40.62546323704201,48.50594271484113,57.01666192953972,65.28570628640422,-0.1453058196349689,1624
1678.701410046158,16.10256090018497,388.97743826886824,32.27443992498843,40.426974121040814,48.44746318742859,57.549974908352844,65.3917692065471,0.09836535952108916,1625
1777.8591675157631,16.416082534574844,380.3956208688623,31.898901782467128,40.82947227875488,49.03859578580384,57.5804552992115,65.62029911238855,0.05712072701504492,1626
1630.5916948740387,15.948318390588764,385.21559310734597,32.13253505763365,41.15190426888271,49.33199428177802,57.60710932690257,65.41111428821534,0.17725229312021365,1627
1639.2769723122124,15.978025703028953,390.33124219042975,32.354858242395196,41.833806134444416,49.55256814723006,57.252237131145854,64.97224911695216,-0.01740749653746604,1628
1564.5907978159596,15.731141297577146,400.8717383503367,32.78698269704168,41.81963569985127,49.5941348955986,56.65325055050711,64.58136301221465,-0.013101043455338935,1629
1818.5453933882193,16.543330784029635,412.37908338512807,33.261939738977965,41.43220541618061,49.11687056098037,56.2105131172657,64.34489243015389,-0.09015934721953135,1630
1905.3967559897458,16.80231909850109,414.438258379309,33.34199795142458,40.787887413926434,48.58386030645707,56.48025167837609,64.55022859913934,-0.10204067560888111,1631
1831.7615207565095,16.580160197453235,402.83235011507657,32.84125133541078,40.42923244170176,48.40884403079932,56.71062737918263,65.28545423467507,0.11649118054250429,1632
1783.7496607042128,16.433969025610683,394.58725340823474,32.502583938165124,40.60371162271519,48.44534544387462,57.29759226940602,65.53856586848235,0.005863630210701638,1633
1699.0004567761048,16.167362149054856,398.0027284793178,32.6626854391931,40.83912999536994,48.74593454374007,57.33208484110984,65.59891573368759,0.06836175165509342,1634
1841.9957489101628,16.611580773275637,400.7089600441592,32.77521073719851,40.88297157464954,48.97613679880669,57.11503053573176,65.46739816962145,0.0015909284966284668,1635
1926.231858730704,16.861375694090157,397.2665759164104,32.62634565956087,40.72001957022774,49.025588853661034,57.348704259440964,65.6308697991067,-0.0254214217257817,1636
1901.3902482254532,16.788782045097804,383.81409960741917,32.04899830392162,40.763302907948365,49.21714631619456,57.41768056590047,66.12396281387532,0.16526782162184325,1637
1627.4782398017378,15.936588272950633,380.3638097285742,31.89376550867745,41.32680297833458,49.3719340915843,57.89268904063284,65.94846245656525,0.0408253828546991,1638
1683.909345868463,16.120962727767154,387.3585807837004,32.22103528657942,41.36847477829583,49.62619605588504,57.769823580230934,65.86398851640051,-0.0631623119941951,1639
1459.6590073912716,15.368772208590084,404.2699186344238,32.94921948908367,41.96846324195603,49.99554486163044,57.53183023575368,65.42830645857404,0.11665402012943862,1640
1654.4513975268228,16.02754432138861,419.07806890786026,33.558224850799505,41.69989283230451,49.70464323336525,57.03271733684452,65.12733002226095,0.04869477604968081,1641
1694.2546682008553,16.15460699052866,422.9903910524926,33.704572905373894,41.233395977594704,49.232019324805414,56.52557661838607,64.91239340840463,0.051606853767470144,1642
1800.688607590834,16.487285973717732,414.48916165099996,33.341996387660416,40.88965771164182,48.89588264507262,56.889853583582635,65.3053469151945,-0.07637211711923855,1643
1908.4215160158776,16.81020006426463,399.2659064534696,32.68138332595511,40.687523914958746,48.68213505174842,57.02599973433369,65.50766911819899,-0.236003851866303,1644
1786.7069420346998,16.44214317236159,405.1460425271199,32.9555825184187,40.968124351878615,48.95047827223619,57.60111173496852,65.79083396575601,-0.006331025284445919,1645
1926.236420136532,16.861900635387894,402.79359552102267,32.86660313897796,40.98374306789034,49.264315887299496,57.6446159133122,66.00468354797627,0.06887184136124078,1646
1795.8847940886394,16.470842783649363,397.76735772924604,32.651038695274124,40.95503063965598,49.17153219489152,57.444191031357924,66.03511325374755,0.14623171332871585,1647
1868.4255632319878,16.690338437219406,393.20930816484747,32.44605452551043,41.05926158535354,49.385020255971746,57.77931245458245,66.13089406683264,0.24791345747253352,1648
1922.331701379605,16.850215166365395,399.81791597040996,32.745035721578994,41.16232775359796,49.33197638026266,57.961851074449115,66.21874698462338,0.0020695984246361073,1649
1753.2606068418359,16.33889451527815,398.3730812222411,32.68898739389853,41.15496932474517,49.74720499733656,58.09836846641937,66.61030607387902,-0.0014589910428114547,1650
1609.8766791535056,15.879221427913144,391.16638233676883,32.376398782765364,41.582097864890486,50.08071206678779,58.10082844085177,66.38656734576053,-0.015807485451290067,1651
1480.943035360416,15.443593329289813,403.39267691174774,32.90676601675436,42.04445325269329,50.36734867621899,57.74840175640754,66.06081207136701,-0.06036297106447613,1652
1517.831938611027,15.571424335826205,416.1295165066543,33.42699505302693,42.09550582841714,50.11491459946773,57.468380644747306,65.64566395251457,-0.04848160224983458,1653
1808.534271932414,16.512692179361668,426.21607396346104,33.83950104806479,41.91452681776581,49.72181822154669,56.985289322658474,65.4378083934168,-0.06107559064588114,1654
1950.0465971933522,16.932353183201467,418.26420650735867,33.4995280933766,41.114173056914545,49.177477191863645,56.85347736308871,65.73433435135522,0.14489632861644583,1655
1935.9621506435417,16.89024501365663,419.6913039802237,33.55904361011828,40.7941777322084,49.010848580455566,57.53854117793508,65.98389574357068,-0.09302433850070968,1656
1980.2901573182057,17.018443472344046,398.3914169933438,32.64740454394385,40.770645696288554,49.245911386147654,57.71128996034136,66.46064135153374,0.10122957331691809,1657
1838.185897986437,16.599012265784452,410.3844371238412,33.183888635707994,41.178821694553726,49.654216676976795,58.06020270826029,66.64515814534694,0.035610449243080676,1658
1807.6922996357569,16.507579945035772,410.9186583402511,33.205159777979055,41.09154652227006,49.518267891084385,57.74913121876332,66.51221181221887,0.1629375172802633,1659
1768.0112707242004,16.38499437518856,396.6879365263028,32.59799153735672,40.95732189330697,49.62460315623462,57.813438292309975,66.48249228742336,-0.160454308223482,1660
2005.748584802943,17.091814893620985,408.3568943253271,33.10399288183919,41.33163160362399,49.682168403146015,57.96166031689934,66.90625877470995,-0.05972873958950656,1661
1795.97017902395,16.471510587013103,402.809759368096,32.87433985583492,41.408242322675214,50.03002559119809,58.24011551372326,66.95101315289169,-0.004936660843481989,1662
1544.2130297821989,15.659803277069427,396.37938433321216,32.59575776212141,41.613609633623156,50.415065172912215,58.464349955555015,66.81833884643362,-0.07872523293429011,1663
1707.2284600381295,16.196422409759535,420.33602159422645,33.631010605154714,42.48412293999166,50.49233174177831,58.462450006175594,66.42731807811987,0.029284375993806785,1664
1749.5752492896804,16.330224516706423,433.79405146369584,34.17096760823793,42.028954533559975,50.41098631527822,58.20862617978018,66.18529937858372,-0.06178561124619121,1665
1900.0038346955273,16.786798051715323,431.91777587144685,34.06700542830197,41.723385341349356,49.92301790193624,57.563310665872756,65.93780243647875,-0.0562304575556544,1666
1938.8467217524358,16.899359246846988,419.74655004696876,33.55083563346601,41.44974980544505,49.6798687264187,57.375792798918546,66.18901883090972,0.04401107032656179,1667
2013.8884041416409,17.114998993571103,426.5775515032732,33.8374188754112,41.24676886900568,49.51834205146325,57.7298088985393,66.38421201628752,0.16541001035836128,1668
1916.497919242647,16.83273905004654,409.8028550588717,33.14876477759997,40.95640349735579,49.71751502034635,57.92238335180467,66.91993891769964,-0.010567488377320999,1669
2086.1874991524487,17.317788574123583,402.67366362057606,32.84110526674887,41.469095470346915,49.79681105802989,57.900731784196225,66.84752792960646,-0.19593918042559508,1670
1827.939812661242,16.568459966679136,416.99882506102205,33.46043789617317,41.62667297433599,49.795881839362295,58.015707885372315,67.10729310919,0.013351338039121181,1671
2072.9385714228933,17.280691199499156,405.71461791227654,32.97878836089818,41.25522697114098,49.88041526590914,58.21408297863399,67.11391095049399,0.01591115565529745,1672
1991.6299250862867,17.050429143118624,410.69148777128413,33.19987173546597,41.472980674692835,49.98678490969261,58.43762768305197,67.25772199022192,0.06773762959754626,1673
1744.9966630510703,16.312143843223716,402.2599936012241,32.8382973796639,41.4599578863211,50.5709490781666,58.697514431052504,67.50008038788937,0.10517220901954963,1674
1699.5467639360868,16.17050836855037,411.10139911751577,33.249308411133136,42.04197554595907,50.643821039916496,59.20870366232798,67.37739476911815,0.02429696779808486,1675
1565.9263635072937,15.734314783206742,419.76778745400884,33.594991259577384,42.2289160656505,50.958904421632745,59.00145828872536,67.0458917693055,0.09053680416465748,1676
1704.6388868140523,16.1881031825419,435.0978451513975,34.21516070923195,42.32937513047336,50.833156027150956,58.61701546039753,66.52812058244353,-0.11990180913983586,1677
1817.55600294621,16.539969740341263,433.40633338681164,34.12191761420384,42.12919828010362,50.24461028420305,58.09095279199945,66.58145273324457,0.0757967714684512,1678
2131.7342359176223,17.4448573652745,437.8915540637846,34.300116193547915,41.724260910154285,50.07146190554942,57.63659942938083,66.68973277954366,0.12529768948842077,1679
2092.653826478612,17.33579670547704,419.01295783013643,33.51800632447351,41.26948534428984,50.0094669382685,58.01710896697473,66.85645286817591,-0.0143026269782909,1680
2003.073251206071,17.083588286328375,427.3420673515792,33.87505126062163,41.24745337495337,50.121917774264,58.37507032409443,67.40181753201735,-0.0443069122101159,1681
1905.2846315937513,16.799887298973694,422.7165643259138,33.70588262590267,41.43445208939854,50.21968758409421,58.38272694995014,67.34937567811305,-0.07518424733102778,1682
1855.7476586886373,16.65217288011261,419.71715095209584,33.5734706793198,41.502765150930465,50.32740562221531,58.61191841368915,67.54811683952744,-0.0635280249865139,1683
1941.97977440793,16.90748361048232,411.71700024874946,33.22581526934402,41.586634685982,50.3603334638456,58.692191425236174,67.56695765119302,0.025536611768055936,1684
1942.3104229144665,16.908218825183422,414.3170949807809,33.3505967842187,41.809161343448295,50.5056680540149,58.72199836301645,67.69933484253963,-0.05367580998571347,1685
1858.1892204942571,16.659088314528027,402.1172494227222,32.82544763781514,41.452472008786,50.73419248422933,59.20666312540981,67.98936270705462,0.08344192422751492,1686
1689.0926811375145,16.136734085388852,412.41133394294843,33.28451014930629,42.57061087766911,51.29013324207497,59.48909221103735,67.64071451882062,0.044086934644803275,1687
1728.5376641963219,16.263730245108,420.6844503287929,33.62565256066444,42.592490687229066,51.36611248760489,59.72332997083864,67.61236996637163,0.0014807018230262496,1688
1802.0171150613357,16.491918124457,438.9210328187005,34.37124811409255,42.58373042390064,51.00926221616465,59.46914281331332,66.9135353329158,0.13705585214046986,1689
1804.764527031388,16.500224524434014,453.1202951453466,34.93391254141047,42.41592878933848,50.7612441613226,58.626193409625294,66.856295953402,0.006700434180048113,1690
2148.195857129335,17.489111738971204,431.68298573755885,34.03585038172592,42.21621055502076,50.33518002368885,58.443216821145434,66.9906189172896,0.17769508428381933,1691
2093.8359573794733,17.338282822550383,432.3521297651347,34.07192908820228,41.622093503920524,50.14499028792541,58.272048770888624,67.58080373542904,0.17291532286863517,1692
2146.7864361842303,17.484754594851076,429.50055078333327,33.96155045768578,41.57579475931983,50.49804430580917,58.812912371014924,67.71672230105531,-0.0003719665087893742,1693
2117.805859416325,17.40491548544705,417.3720517673371,33.46891956466783,41.665333152978526,50.50544269913249,59.152368589022664,68.06306103142842,0.056347428297246684,1694
2049.583405957777,17.215383625741506,420.3715815045019,33.598660360686985,41.839067350717336,50.59759006263399,59.20166625942886,68.05825602775158,0.02117494015828166,1695
2083.8243418450306,17.31039950482992,415.55239219321754,33.398076997975394,41.90998793671022,50.72772940896401,59.18580260498558,68.08274769431647,0.04793203695452881,1696
1913.3497737586792,16.8234522383769,415.1585922762706,33.383727216452826,41.8568867236807,50.561374644039546,59.58213084154252,68.32264020188192,-0.11609005584283881,1697
1849.4106358881702,16.633162603172437,418.66071503717825,33.54877056111638,42.092312772894495,51.0823291700283,59.658406734367865,68.40862058536547,-0.03285684958756214,1698
1635.3652303642375,15.96246873166262,414.7446768858613,33.3823338831735,42.346932978533744,51.46526255170833,60.180583488993456,68.30618113651336,-0.03882322924825359,1699
1610.413872499549,15.882243538127533,428.47959026059476,33.95322282771579,42.83119046229633,51.77942574775394,60.24778527991391,67.99614257851859,-0.01760876965596295,1700
1874.7547202684905,16.71206785364277,447.03208543687424,34.69931711745026,42.84892525639735,51.48868194687791,59.901715634594424,67.62842415812123,-0.06797763803957657,1701
1901.7377922563398,16.79139578376139,447.3581630216574,34.68909638476979,42.88979740091368,51.18075403178552,59.30918132042869,67.09179218733635,-0.13906567484700802,1702
2093.491776316129,17.339008808193014,444.511415499855,34.5691479656959,42.53956097030836,50.8413863696248,59.05523992283464,67.48877620244015,0.1051286865174467,1703
2260.211002087599,17.788761431645952,430.35903842470276,33.9896796589433,42.35533654229993,50.48115739963098,58.808948610854195,67.87830585095958,-0.19944251417501968,1704
2072.297349977691,17.27859706326817,427.2065409303238,33.86381198218952,42.109955373629674,50.617035944443856,59.23086400856994,68.25337562807103,0.08645191996739301,1705
1971.1786904733806,16.991899634525122,431.3027004443521,34.04568252320906,41.738163220540336,50.883257147655584,59.646264401384194,68.32864263941553,-0.07609134798075178,1706
1995.7222428721907,17.062068234491356,433.50585168069637,34.14733192979057,42.083617062227134,50.9664349897246,59.74441815485633,68.4200035421791,0.11698144514190928,1707
2151.0403644243493,17.49582751795527,428.36098434442704,33.92246390546404,41.96353721871947,51.10481879732289,59.95496362753906,68.50852911008366,-0.016542798540458478,1708
2103.174301301941,17.364061108137765,431.14707599675205,34.04151103379725,42.07889690922029,51.278296752663266,60.08320456073687,68.81606197047725,0.011497517556259378,1709
1841.75534327808,16.609742693662337,420.99319704654414,33.63154078960028,42.29656285861887,51.539895614704776,60.589774846162086,69.06738988505208,0.10044563188719416,1710
1887.6874995896162,16.748719004568496,428.89149037977296,33.97877658897192,42.422960404738376,51.894649165294695,60.694415925872036,68.8787704381749,-0.19887720434149364,1711
1886.2440656695285,16.745133626278555,429.08477631463825,33.97382079076411,42.87639491238162,52.16444331508025,60.748903831455664,68.33335361879894,-0.07007345804826288,1712
1917.6593363322356,16.839239537966197,453.05433324636095,34.93692913402725,43.07602905957221,52.11763953950377,60.410966947124855,67.92037666804275,-0.10713295982937016,1713
2117.6521545944406,17.40673565817253,450.4512256955996,34.80717191853846,43.3109719812133,51.63453817205365,59.73658676402285,67.99905409688009,0.024447060636890713,1714
2038.4414892874142,17.18472487649878,442.7742115414364,34.49319178256981,42.96680194272542,51.05864092103872,59.72151099100084,68.06015185214086,0.07181756226947393,1715
2181.167562781956,17.577683617004475,434.6007650124529,34.15452121573647,42.26508067265902,51.09763753706398,59.48144309809549,68.34050630953831,-0.15295382188097706,1716
2074.0790919024685,17.282973775190754,432.2526761701908,34.081268864859574,42.103490925190165,51.13428334659224,60.019785430524784,68.91979250440212,-0.0038719306477064176,1717
2157.604355159842,17.512819214910376,432.215055377163,34.083671203153145,42.17729488498521,51.177696390629414,59.97685087300469,69.0034324977264,0.13019926847411217,1718
2154.206244911191,17.504591263673937,425.1863955268551,33.78721127195281,42.20563017813488,51.229324826032105,60.15967452026646,68.97268861388281,0.040083587685867283,1719
2145.700898568681,17.480624223321037,431.1079486768749,34.02907418993754,42.2966403044245,51.48292675124802,60.55263227575844,69.1935580150923,0.014791933990914745,1720
1990.9650714506529,17.04823159805132,423.854246209117,33.73626556716602,42.1392916451664,51.549936479856534,60.65677546299594,69.18570131765438,-0.054458682059306256,1721
2059.5726104584105,17.242787721307668,424.6709209959172,33.78064756756702,42.47659735681237,51.936420626512785,61.14176101879593,69.4683621762028,-0.03239687123812294,1722
1906.3912597586004,16.804180240120083,429.9055545123714,34.00537386767787,42.874652318673114,52.204489188860144,61.27666101609127,69.19661700560661,-0.008874413663528145,1723
1806.860918523895,16.505985503986295,447.75559785234776,34.741465105802455,43.18187836984548,52.380737374216324,61.01278180398584,68.80631027352746,-0.013511600792534901,1724
1884.1042599518264,16.73989118517219,451.51308045708726,34.874202377386325,43.69866740384721,52.302884397767045,60.67902689864756,68.65224291563479,0.10142415707354245,1725
1908.8917397661373,16.81207624514924,461.7539263305075,35.27089287519441,43.49954843514025,51.75078745806612,60.25199440907733,68.34126719616604,-0.023449774371220776,1726
2223.3197559866035,17.691207905376295,459.53355299683597,35.17285260884107,43.58667564781005,51.4277648765394,60.02754905110352,68.53680931734962,0.04589829004460655,1727
2145.2851728177943,17.48031197183268,450.51778973005815,34.80629573471637,43.113320210551706,51.337546791570844,60.30675796631958,68.9901347457941,-0.049629189788378054,1728
2126.14688623929,17.42774693902237,442.70864598905194,34.500760871765046,42.737420809612146,51.30681560965295,60.49872372623398,69.2099393078309,-0.1350918476971927,1729
2116.655015193466,17.40080262606418,441.86825012818605,34.48494466126024,42.61891422779486,51.614168908217096,60.7602539318841,69.3985469111506,0.060665911795928645,1730
2135.855154328996,17.453757815212622,434.2123850252644,34.16102144881716,42.66496953056594,51.72104716871436,61.015354357873456,69.4105332607287,0.07658174962614996,1731
2160.661475253748,17.521573648207166,440.21373789973745,34.409411324098734,42.48912153584687,51.768966784348024,60.82605062579116,69.49144606533837,-0.07734483526217836,1732
2136.899396440513,17.456773272735617,444.0336075668646,34.56874228781506,42.573586476141344,51.95704212982837,61.16514651627027,69.7430856473856,0.05091203861327592,1733
2112.5688420583747,17.39045670622838,439.7274358248726,34.40895088330608,42.744729141354796,52.326921669018525,61.49226320352675,69.72453448059002,-0.054569550641460435,1734
1885.9463263414252,16.743260583519316,440.9932818759711,34.471333496623664,43.22718445496467,52.73148559110597,61.610604962726164,69.67483330436053,-0.014398194982215971,1735
1910.4535353245549,16.816504626355048,455.04305872957633,35.0287266777151,43.734480644481664,52.80977894834672,61.39264543300033,69.3523657046537,-0.13373185130328527,1736
1797.8404606926103,16.478637445180098,460.1634274808839,35.22263224886433,44.14685824120385,52.50198019458302,60.731181096358846,68.97892781460425,0.18823114896955764,1737
2072.7372765333466,17.282362501239362,464.6577639192364,35.37824107741165,44.20788376098052,52.414687712251876,60.60100314689329,68.83671795187603,-0.13227223250057915,1738
2360.2807065427196,18.048738877447853,456.8022963631647,35.056195120593756,43.837509874992115,51.89435907483574,60.45532407942446,69.05544815452546,-0.13692469438890817,1739
2503.1864043779783,18.405788730639117,459.3732958769514,35.155573442883956,43.3125181923073,51.83375475573235,60.80680298837468,69.38325867459419,0.09021839279554213,1740
2197.3500602202475,17.619973675265502,450.9929311183064,34.83318061651331,43.373472069860725,51.690924279563,60.9791887261525,69.77294289098019,0.069995885173551,1741
2066.486068071647,17.262136679251306,452.47914680588343,34.91189760910045,43.01526416415867,51.989284376106966,61.283898957375406,69.77702637158819,-0.05147120225832186,1742
2274.1129528516976,17.82430956354338,442.4082568550767,34.4849778043302,43.29627268800615,52.02207595455772,61.471938781919846,69.7239532409048,0.1252858569157914,1743
2158.327914723075,17.515311619245313,438.1837038989837,34.3201996240166,43.00240929963036,52.169761964525236,61.441050896492214,69.99990696779808,-0.030109132183769052,1744
2212.341010046494,17.659704827522205,434.6131852573344,34.168134441178715,42.72572462591957,52.35734245523291,61.60736194036159,70.24497730995407,0.06727812796983776,1745
2005.1670820413215,17.089140766736893,436.468464986758,34.264722369202076,43.04517858031805,52.68428422251247,61.988037855465144,70.41788226741329,0.005035553033830387,1746
2036.6426102599564,17.17927425928458,448.2555015335355,34.757704115841534,43.391723887083046,52.792507151999025,61.842175460640945,70.1870915791376,-0.032921371937622394,1747
1911.4402931241682,16.819684142519623,452.81865540419767,34.94119702638266,44.06604361590826,53.154262147987865,61.84627941726227,69.75479071593317,-0.02569111775305763,1748
2079.697959072042,17.301891123639844,475.816439736732,35.839062362832564,44.55927842593606,53.15500382661802,61.17172868327073,69.48518860016192,-0.028733741800046866,1749
2138.414514231964,17.462654868539243,478.3546301824997,35.9277742226831,44.57038087484514,52.717337100500544,60.5520697835809,69.23885445869122,0.08260148974954985,1750
2229.3704525504977,17.70703497489171,473.0488518719953,35.69999914543545,44.372045012748075,52.38252648895909,60.78656077099714,69.63549001978726,0.0529177807423186,1751
2356.891888646824,18.039137654287153,453.940904480643,34.94233556835049,43.87200100179759,51.777129186057856,60.97011988619573,69.88390988617125,-0.1657139227899207,1752
2293.397638132737,17.87418020595292,453.11467196549825,34.91316328910302,43.465454636890705,52.31100791297862,61.505998305085996,70.16257907473036,-0.017364186517270234,1753
2389.579061213654,18.121679199819415,450.43279758633355,34.81933671895144,43.33943233047082,52.43155918934935,61.586501975386035,70.34534874338985,0.09951573533654662,1754
2177.794457219994,17.567261446972907,447.77640672012586,34.71667797543143,43.433136723718725,52.52561450157832,61.60006656303594,70.32072267064464,0.10323708795521319,1755
2224.6287411018857,17.692852776738924,444.7350643745623,34.58555922639533,43.330316587174366,52.309344252332096,61.724885857816616,70.54762670567375,-0.102928891630038,1756
2325.5852757081684,17.95828139943789,441.98143358335557,34.48480734159547,43.31715124328378,52.47113011983004,61.93139476830021,70.59969030935473,-0.14311457949184864,1757
2137.5245628747607,17.458387916493702,449.0022714354911,34.77402531158793,43.35761197034252,52.93452840473726,62.33475911835426,70.97769370538023,0.0011827719134975714,1758
2113.3730438612897,17.393132357674535,445.18867993467495,34.619667124545806,44.04518207254474,53.3884236496747,62.177016847857246,70.60684296845723,0.021737632393891565,1759
1930.8358036829723,16.87615583942909,453.1936710736403,34.952546668545466,44.54969114164043,53.70427551200986,61.94299591910407,70.43647721737081,-0.12197527530405575,1760
2127.0324899354973,17.432274507633263,472.1407822940352,35.690349462225655,44.763682344467036,53.35142671697748,61.19947429084953,69.94242470818477,0.0656482687487599,1761
2259.0939026272913,17.786959087687325,479.0798085032468,35.94722461548563,45.084178797963496,53.0636267980413,60.90125751141136,69.86008050431492,0.1181481893925252,1762
2220.1071518929184,17.682224483901535,475.07712210084776,35.77076892343661,44.474333723176784,52.531146605593406,61.13007624017921,69.96815451406445,0.12412245240596509,1763
2275.9458805140143,17.828902568370776,468.3252311837646,35.51389322362733,44.50441655798591,52.175581577046465,61.650151252768595,70.42546202490382,-0.06281720577950205,1764
2388.728904035902,18.11886885184564,467.01891453763125,35.478499136545906,43.88371278368384,52.65019860222022,61.814697907424055,70.61390029021192,0.019251301213110774,1765
2185.7276417326657,17.589224772622035,464.74254987107975,35.39052283756489,44.11575601363854,52.66166268001749,61.940590471892705,70.68769649420932,-0.0954502561261438,1766
2441.080285957752,18.251345369073473,464.43873441832153,35.37569265533488,44.143139596342756,52.98122267461311,61.972815348036995,70.86812652514001,0.06434030426793305,1767
2362.752550541365,18.053181420632924,453.05470940778076,34.91549694244105,44.18645780266209,52.62919614917179,61.899403514233626,70.9550551151165,-6.334968757647033e-05,1768
2364.5930058505946,18.058414112325003,451.0301270669763,34.83995894552346,43.71980838114905,52.94449314639577,62.076412400757,71.01311884374252,-0.13775070628614444,1769
2050.3408604309134,17.21561617310324,448.8225159188611,34.757400578480315,43.883184763558035,53.209793149203314,62.37216153117079,71.4156958608874,0.2544766772752098,1770
2045.0645398341128,17.202806695578417,458.66702046954754,35.17106728987401,44.38242006125442,53.79718290489132,62.62345357275969,71.23839978010908,-0.043242294401210586,1771
1845.891856724577,16.62341818395086,459.97706202399064,35.21807746883457,44.9258080750917,54.0543583140098,62.14546971460451,70.94317278293761,0.10912541779299818,1772
2000.7772438952281,17.078810220080868,480.20524916075254,36.00265129933959,44.99151613146398,53.71452278795604,61.664837989611456,70.46076472215375,0.02884818116086091,1773
2244.944865769319,17.749213401687587,478.181726388018,35.90225538202924,45.198932397765304,53.31784737916226,61.20198531877792,70.40296209821149,-0.02578493020701671,1774
2381.0232134286357,18.10083551000837,485.2902222932444,36.1695008190522,44.88553899333499,52.84856104655275,61.39631985503104,70.41460864224807,0.03327221082319697,1775
2615.9773191302547,18.67906460704673,477.84368121319727,35.89467347370732,44.36883459637014,52.60690602383482,61.6355978058249,70.8471021264413,0.04690306615561746,1776
2392.748025447426,18.12893479677891,464.72907716625343,35.38508764773666,44.51585892233184,53.03714428843357,62.157625389357364,71.01334336525362,0.11864409721198046,1777
2435.1547788085177,18.236918102931458,469.45784524221074,35.57376552425704,44.41018635761677,52.968234652118944,62.20445030681054,71.2947434314417,-0.03482412012537256,1778
2398.6545111045,18.144503537762148,467.1660495971055,35.479250681005844,44.62845917087501,53.196316391436824,62.32186267527981,71.38589641839404,-0.04273725318120172,1779
2259.3631489743916,17.78441236499166,465.9541250580297,35.425909440414436,44.391056239311254,53.31638184366293,62.078362576879044,71.39598914472516,0.029152854772176454,1780
2285.587625224179,17.853349821585716,456.1615865167323,35.04476634900426,44.60017024263109,53.35452975805582,62.387305314502214,71.74652142311194,-0.05381248125411486,1781
2214.0619313578363,17.665020287217718,462.60326584476843,35.31772082914992,44.263735021223965,53.69164050247996,62.520015440498696,71.89297918603174,-0.05606268982866358,1782
1978.9989692652425,17.014474768726853,460.8298941126887,35.251098633717476,44.92596928450047,54.010959810546794,62.63991634268341,71.74490616415363,-0.08503883000586404,1783
2122.28575707645,17.41893620975072,469.2439532567227,35.58166465623494,45.1516402642395,54.17314745464354,62.5190215659135,71.1028594211067,-0.20734642156744296,1784
2234.352041693633,17.72111366701122,486.37619017203326,36.23967384877301,45.612095936068634,54.12478730981394,62.11137602910629,70.92389361381743,0.007939296466366517,1785
2252.7967545584956,17.769380429049825,485.9560485543553,36.202403946984894,45.4455087164053,53.46395628562398,61.6553171160488,70.72871192030912,0.028556841543291696,1786
2485.3948260150078,18.36301652942234,485.9150677243378,36.19913693435377,45.26055491521516,53.3073706551769,61.61468783502952,70.99013788213666,-0.06864861414865847,1787
2550.7819811955724,18.521581133022845,484.5040813485235,36.15078997904312,44.7917232419269,52.905926263541055,61.91713069275298,71.38608918127525,0.12962156815388617,1788
2645.0774137434255,18.747320170999725,469.7411887274097,35.57239487190783,44.898953486519396,53.257386916115976,62.35684421236817,71.72841545042742,0.10626691395996984,1789
2424.7368471235804,18.21013388621706,469.31434583551425,35.56142728440375,44.53681654454413,53.53479175074601,62.55185160266245,71.8544342173903,0.08167339153984603,1790
2469.877118895988,18.322940490911844,469.2782733739311,35.55525941006924,44.592474944297294,53.599439086674245,62.54901372231224,71.58186098125417,-0.15558486868222013,1791
2469.5209479462615,18.321815296571327,469.1068947485226,35.553513162398325,44.65936160690381,53.52107677369223,62.45618666118399,71.82255164861587,0.10497517992766342,1792
2553.1461187095356,18.52756289656936,459.6545816036548,35.181547055889716,44.81589134914665,53.65126628383196,62.79099967735871,72.22617011901264,0.10442134732144202,1793
2238.514969471929,17.72955969735925,456.9073214747718,35.07473255181665,44.60706846447164,53.853078260279894,62.96471454730018,72.26303441089749,-0.1873304297307361,1794
2224.301776990307,17.69348111774934,466.72032540889256,35.48025074302753,45.08857052242643,54.526553374997135,62.99023583922861,71.97856323309506,-0.1589011222209338,1795
1992.1702873357103,17.053180135964972,475.7743873224268,35.834881625695054,45.689367605843685,54.661872914252605,62.96952176589724,71.7746424358015,0.051317278978490435,1796
2030.480030136598,17.16308224906921,496.4843767671405,36.63116576630071,46.16520839762055,54.49146338329389,62.75319144274952,71.35094073034404,-0.08837001748568057,1797
2487.8670853607778,18.36970911758764,503.4896076133013,36.89037812879841,45.55083139298162,54.065503639092796,62.19707645307047,71.33072705633296,-0.02746598848076422,1798
2376.4031997459633,18.08862530651778,489.952599731278,36.35400584664416,45.20901423173407,53.54650547982222,61.80838419927188,71.42755467335044,0.007327907266145216,1799
2480.058539868539,18.347898754526682,495.79799011937973,36.580569977689734,45.085293616192665,53.597762867638004,62.13654490950779,71.96561444234179,0.058822292731293496,1800
2437.6013987771203,18.24187821895551,487.37311934940334,36.26694476639313,44.8427696295836,53.773961798031685,62.39075273813258,72.09892599415505,-0.044351367797464264,1801
2330.2844747030977,17.969504652086325,479.5277208379319,35.964911514242516,45.15020395745092,53.77275620795806,62.58017478306552,72.26519036687638,-0.007333474900022934,1802
2332.9842389675905,17.97640294088696,471.9502656197152,35.66158085890791,45.181074044691506,54.18786036790582,62.708011971080495,72.3185659695957,0.1479559645638264,1803
2381.3552991699908,18.099580348836977,471.79190514652,35.650696743365984,45.15764387958709,54.03028858363384,62.946331653497886,72.47410810561536,0.09207964775932746,1804
2381.4807766694294,18.10047817094543,478.0612679289922,35.91494988659891,45.188688006058875,53.91971298518351,62.92071230693668,72.5652211801435,-0.05125851305276068,1805
2244.229380373465,17.744802408000165,467.9747891740879,35.52008127656443,45.3493124696737,54.3329107671985,63.51487700853921,73.02721009202621,0.10002445624167587,1806
2231.6961706594134,17.712242246872258,465.49661643305933,35.427323151088544,45.711348788883484,54.7837732138262,63.570537332877734,72.81620712148822,0.1148152650929215,1807
2180.585867464976,17.577004848074605,490.573472380752,36.42141021263137,46.02442352247966,54.709791075983944,63.73204550283863,72.22750090511718,-0.11292160847034344,1808
2085.6054414982846,17.317603849145705,506.5987728377231,37.01832020155146,46.221449161825525,54.654849802530116,63.05878439442591,71.79400069325872,-0.0024090252197638937,1809
2227.3598477477917,17.702219905678295,506.7548517257736,37.008359253790985,45.53536315332143,54.31698487429849,62.753376222159915,71.73618436346902,-0.03739149328542111,1810
2380.3249268626923,18.0982944936989,490.5930092382617,36.37026259680616,45.3642414710718,53.80827181231201,62.52694807689903,71.91718193477094,0.08165501281952182,1811
2521.7960452083203,18.450814162902724,496.02805882286265,36.57722683651031,45.279076030942285,53.727698104398435,62.542818268383755,72.4190461744672,0.040971200584350595,1812
2587.8610498026246,18.61090384705049,490.4140706536414,36.37703929675638,45.22253318130127,54.09510270471456,63.122689627454385,72.62233492091639,-0.018877085512658376,1813
2550.16740281046,18.51984938436313,478.18200370655825,35.90066756189434,45.53847744507738,54.2733913370092,63.11260274871582,72.82779354672424,-0.08440789473766365,1814
2433.207354057028,18.231148468049206,492.7698268877705,36.47793477499449,45.444894773712306,54.14380656967535,63.36194910918472,72.71048503380484,-0.10905468078463483,1815
2586.5881520675593,18.60766133469218,474.74467696891065,35.767855417137554,45.41037470401958,54.34406376051406,63.11349681241509,72.70953247027214,-0.0716821175653961,1816
2342.5027464898476,18.000509871686095,481.86655207470665,36.05326314474779,45.45750708850281,54.36118677706877,63.39233789930166,73.0027361212896,-0.0835817953829256,1817
2427.9803155911404,18.218189397980673,473.542193366852,35.734120033439936,45.62223836357172,54.714338360067245,64.06504135480623,73.21693154876728,0.06962155518302443,1818
2249.08315712057,17.757919964346968,477.7976113897388,35.90630396285353,45.930577417594435,55.09616912942328,64.2609581413969,73.17476620237191,0.07833822488527051,1819
2201.935101183422,17.634586058775962,494.3694190778532,36.55517775607571,46.51973680188238,55.360857459404166,64.17235412266218,72.75351264780362,0.07325093751084598,1820
2198.2331862729543,17.624414266175716,501.28560661829204,36.813776502203275,46.499540181802,55.240574921368115,63.98102506653937,72.38599746560585,0.019618965874528983,1821
2579.8350579008625,18.59350915401202,504.97291690512395,36.928340009137166,46.1364094700324,54.57443666608,63.51301471549144,72.12393860697777,0.11684889308284685,1822
2709.7191423853114,18.900454678228677,503.9918416768548,36.88550506313989,45.820617636434584,54.541211700524,62.86977033554578,72.25031619753406,-0.08657497217890645,1823
2665.051705598499,18.794943846463575,502.1253959626388,36.816261534594275,45.42644996114003,54.14492064413439,63.041570533818216,72.73638955959628,-0.05057987557809394,1824
2584.395392914773,18.602295699752435,482.21170894318857,36.036570892232625,45.473662931071495,54.33640126484167,63.26703265867311,73.09360714397145,-0.0827459855563421,1825
2509.668488003628,18.420825749274723,488.0859819570215,36.27875408862205,45.683775982128715,54.499106712447826,63.561681670777915,73.32198918562263,-0.07527500902418349,1826
2552.481350191133,18.525527861131238,497.3729605775021,36.6462400875665,45.85348942769391,54.67925087591942,63.651078174526724,73.15495959827591,-0.07114214179498202,1827
2605.5277721886937,18.653009273184754,483.66299883518997,36.115164601777536,45.546257946053494,54.541981195730195,63.806986408329195,73.27890834793584,-0.17422979909283684,1828
2495.517468908516,18.3856926339761,486.90954829327495,36.24486302336566,45.72369913452923,54.68276438619636,63.88423441642477,73.50384521450235,-0.16027063258803065,1829
2309.9671718747686,17.91589513700379,482.0518761876873,36.06068736198009,45.957894031210685,55.12351880203188,64.35841250883627,73.62821797710724,0.1024613117720868,1830
2237.1552397602823,17.726379905016113,486.7833306550525,36.25798410918368,46.304947288595926,55.38616239885148,64.819737587844,73.5853559531556,0.009630908160729592,1831
2122.3380268887013,17.4177459854123,487.807532364724,36.29326772452291,46.749620243532064,55.69928171756076,64.99363172850686,73.15782170130288,0.11110905443863613,1832
2289.6556297295783,17.866713909608368,512.6349495530396,37.23864071044489,47.0741360670217,55.510669230549816,64.32235237528842,72.81616064658655,0.010781472625287399,1833
2560.587703596109,18.547049253504483,509.7788947644647,37.1082023606815,46.25602545050573,55.055816027065454,64.03289107247622,72.78790844972895,-0.097169766485626,1834
2704.338709794965,18.888014517089598,513.9023175538666,37.25033298441741,46.05901555296273,54.58051129482765,63.553176968090085,72.83821646915423,-0.11597562152110959,1835
2689.2443175551325,18.851665476381584,507.54154900459537,37.01802937028628,45.293160604234615,54.68155092012234,63.50367993693109,73.30132108565842,-0.007035558260462091,1836
2539.5493842605565,18.493146603727734,498.6390856111162,36.68961745769728,45.44407030800074,54.55493439935561,63.78123372869098,73.76467636429331,0.05936434162432024,1837
2503.2593425980094,18.40485666385144,491.0570838034332,36.383517282212786,46.016948013299235,54.961872250934164,63.97572276601607,73.70632910581017,-0.031207681806875748,1838
2409.9083350611277,18.1722972165023,500.34578296658367,36.75101768847162,46.108695714425174,55.04524537788552,64.52976114620512,73.78983367932474,0.040012383232524124,1839
2635.42515051999,18.723965706847366,497.23012143860893,36.63711660848722,45.821660812847625,55.033048008260984,64.48166235858068,73.69197738905999,0.28832835557808284,1840
2686.287364965863,18.844610933655396,487.1730118757221,36.24764320710702,45.79895456344788,55.17488920674144,64.64446590879436,74.24343105903999,-0.04876107058168991,1841
2287.3434317641627,17.85791504587822,494.82676816664616,36.565328140018295,46.075648830317796,55.50086691231785,64.98859816038623,74.35261327804479,-0.0752403040563521,1842
2218.165457531047,17.676060986466776,484.35859018008534,36.14979867238062,46.44958649429682,55.7281520664288,65.4092815814203,74.11197522373288,-0.05538025966610233,1843
2270.5353123980453,17.81584333108304,505.23498577880406,36.95985786355908,47.10490970453728,55.95001857471172,65.30931777535336,73.88001551889568,0.02716534029927614,1844
2434.091494373061,18.236230138313843,510.62399397114,37.16295451468053,46.93384074683066,55.97295067219898,65.03448874671322,73.35090598088392,-0.025008759564451075,1845
2454.00336601793,18.28474904559713,520.7732984637474,37.52395024625101,46.76029288476411,55.399596270892786,64.51963549112406,73.03207101002795,-0.1923367276473013,1846
2817.2087085257804,19.148129878151938,510.7890642808537,37.13524098398689,46.00247743058689,54.894435149577184,64.145999130242,73.27274611387564,0.05125586934746691,1847
2613.8452842954557,18.673172537534825,502.2890828868673,36.816161470156416,45.83861148596233,54.86028083413628,64.11697556104465,73.64830755482157,-0.1263741268521237,1848
2673.83369808636,18.815209238294106,497.50938444423093,36.629849014690144,45.90055537123844,55.11991447082071,64.4641836572961,74.0723878722744,-0.031039010360624838,1849
2717.3911815603883,18.916962242638526,492.63973695927166,36.442272000530316,46.26764277329165,55.2835795710435,64.95496127375215,74.31063343413098,0.027770505649242147,1850
2712.5363320313695,18.905635494049044,497.91858573483756,36.653084156239196,46.496871394296974,55.22687944671497,64.84203198729462,74.29815742246485,0.16111939354362215,1851
2609.4695963012564,18.662488719671238,489.5743991771685,36.328651094387936,46.13504268915569,55.32995687167032,64.8581164902094,74.32565769542816,-0.09869599061268101,1852
2691.484635924833,18.856193686147023,504.04074815460416,36.895328381489506,46.34743313125532,55.511339329277305,65.27536718806074,74.71511164418388,0.00017228004818540897,1853
2515.6433693037948,18.435796412986306,493.56421858307084,36.50256911809285,46.02417055671015,55.818490270482435,65.80082905684188,74.81430303948868,-0.24266344208311041,1854
2400.7792092432182,18.1494856422422,502.6941508224898,36.85903983200138,46.77757673810868,55.98544895296899,65.91728793756556,74.50459354437675,0.22264068989731226,1855
2202.568959748778,17.635647781640554,518.7220000706324,37.46871526308174,47.08269610376101,56.454003195280094,65.75022371985584,74.1112548585543,-0.1024120567588671,1856
2256.088416721047,17.777853431182262,530.5539778027259,37.90142530949425,46.974070568142594,56.28923088138689,65.09170820709205,73.92409846019558,0.03887986668812343,1857
2501.3661987160044,18.40189529369473,523.9384747023888,37.636203858149784,46.65781399320222,55.95340771271015,64.74441881327236,73.53103249883779,-0.07350378345613404,1858
2799.2057919113204,19.106417025848284,535.7491291081792,38.07028746780428,46.32578562386662,55.310422057692634,64.80408261516834,73.46648109253107,-0.09276386131664013,1859
2813.4066934046014,19.13801681171291,520.1170915525878,37.488998116047846,45.7235028355871,55.26558310018032,64.91060222389261,74.4223635480343,0.1749548828784022,1860
2818.559065667976,19.149122486242224,514.6697122182927,37.29454471253558,45.91834816484355,55.40190073979185,65.01926271015161,74.3413128870061,0.09639224425456393,1861
2517.3127807345522,18.438977390541023,506.3822572260475,36.97055526156915,46.24637202373137,55.491342077716894,65.29712508456181,74.82688398760708,0.23459115827542576,1862
2579.874736746521,18.59093083926795,508.687822758945,37.058985675815855,46.18665043450731,55.77648456035354,65.25446564772606,74.75425620781633,0.06313202887739365,1863
2774.3682251066284,19.048485909945818,505.9176138555583,36.94686885825466,46.22645346727086,55.73976765281367,65.61018977859779,74.94634669251838,0.03534992884457847,1864
2679.0818548925604,18.82741857827885,506.1973711491313,36.977319481871056,46.272339413530844,55.87496860832589,65.83341559109242,74.78076941469574,-0.0880443583007951,1865
2450.652270874206,18.274430607288995,496.15189102941264,36.59402872649505,46.32616387565128,56.19844216847577,66.21856440544028,75.09771908811774,-0.135349157147302,1866
2410.3943254848828,18.174619091709324,505.7661699714444,36.96686400418119,47.015918481497295,56.71958641965236,66.44320512727562,74.97028519790017,0.1339640980170873,1867
2307.0415702869295,17.910410698810228,516.8644455755243,37.392532035039615,47.25184315054623,56.67638145324161,66.0697431943591,74.69887782472983,-0.009879459468957949,1868
2425.818313909606,18.21421446434908,525.1352899836668,37.698059595985235,47.29467170972255,56.58823141113103,65.44580870769009,74.33129790604505,-0.021411102237724522,1869
2725.3277365025197,18.93684752115731,538.926762661201,38.18973407720263,46.92003151286022,56.22438944388761,65.28728438531265,74.20091707262885,0.024803820190132508,1870
2697.29434454692,18.871317584048285,530.3982370829254,37.861513959221305,46.721967389980016,55.67723472722446,65.26277146652728,74.07916169842719,-0.1499421886466856,1871
2805.944672364025,19.121196373985278,520.2570544750217,37.48605964753058,46.22638836683434,55.78815848288285,65.17601522192905,74.79467581561748,-0.1659341600135192,1872
2903.3059458212647,19.340084873551735,508.37118057682943,37.03415768403714,46.30401354104661,55.71174240946108,65.68486012722173,75.22111107330318,0.1425687234919314,1873
2829.9400715901807,19.17522345098955,510.26555527972283,37.12374859049659,46.411967245452146,56.07484087739409,65.81666624766122,75.18555818975558,0.09737854874376467,1874
2649.6704954396346,18.758017692445605,519.9613476314559,37.484065800206565,46.60375029590168,56.17869286743391,65.96462721857273,75.19684983024526,-0.05396957668657604,1875
2700.5961258367993,18.877793613556218,504.5912919478235,36.88935701475667,46.353908477318974,56.09523073512748,66.14094150587414,75.27283306226926,0.02482158402208892,1876
2856.7656731221196,19.235594287006865,504.0281517330466,36.87652723869725,46.60985450909474,56.24337768426967,66.35530731508035,75.62563681443103,0.16461860091125716,1877
2619.0258192822866,18.684745136957428,510.26350775892,37.13646314190706,46.608317214292235,56.34462442119724,66.41533274895163,75.70313723118333,0.20725428647008015,1878
2382.66599528294,18.1035076870216,510.4641501700988,37.145916718852604,47.157171638885416,56.859916187019266,66.7158287770365,75.56489824859806,0.08433710346341848,1879
2294.465742582662,17.8778752724269,529.8288542694836,37.87180631151862,47.46737176195157,57.26377001013,66.31623749141322,75.13543058024557,-0.002082940115584909,1880
2488.004892855572,18.36884295211811,535.1602114087744,38.06010485893752,47.415607071430124,56.961143787300735,65.70867272293327,74.67057921830839,0.05642468996851784,1881
2545.742759053334,18.510332883693465,542.3361720206527,38.318494465930534,47.13718920092416,56.620596090521296,65.42982784755382,74.83094416768552,0.042256881618248386,1882
2822.400191603298,19.15927226220242,547.4750638893131,38.50438791759823,47.00318060372881,56.09194979189671,65.37301370472579,74.76467297479176,0.04520077971168826,1883
2790.534106571192,19.085719600747968,525.85318810451,37.68798937166894,46.486249398485995,56.17498883072691,65.84798666223848,75.264557394545,0.0743359288058152,1884
2988.663182533832,19.52814402761017,520.9864471893145,37.515051135521794,46.256247978650855,56.1868820472169,65.9543070211797,75.53449367374617,-0.028718753877243437,1885
2988.855005706121,19.528891171965586,514.6384031172698,37.26596696205975,46.67115111349847,56.33549348457992,66.33542303698557,75.54357995451592,-0.030476045112099216,1886
2638.3704034165844,18.730411020155298,521.0230430566799,37.5246676550806,46.94736399530993,56.30557619954639,66.36807232394466,75.64138761720824,0.17978208976376198,1887
2884.2501890003637,19.297280521198545,526.9207172729393,37.740139284791915,46.64064295841327,56.43434434370199,66.52583482094538,75.80710609040793,0.09548448860788855,1888
2695.7350872148013,18.865722511978554,512.3872647705308,37.19033451491341,46.49561800298791,56.53780215235562,66.70349542957631,76.01521252634562,0.07402743074915506,1889
2762.954884948306,19.02219519402012,515.7975213364804,37.35080636984092,46.95406375285971,56.95420023944842,66.98324923732385,76.17249168131676,-0.0303902134921351,1890
2353.8275817306076,18.02987659001327,522.2590465868966,37.58910209383058,47.28679080296226,57.41902079100473,67.05240806518856,76.07956707232006,-0.002157741661526991,1891
2333.7936802976155,17.97904110486023,528.0674684536629,37.804466467603206,47.48205015008765,57.46903768389407,66.53995756146547,75.77311499525463,0.1108627197461166,1892
2513.277827761205,18.431650375089962,536.7393458783349,38.11376402267264,47.69348117807412,57.34998557201977,65.82621535779487,75.12438158206392,-0.13023715530656008,1893
2929.8327226123324,19.400891661726554,541.791473004095,38.28901529241842,47.46793599214143,56.937991482073095,65.6578436363488,75.22650825434717,-0.013686788936666925,1894
2921.851322577039,19.38263700886754,545.1759639850233,38.401534349369676,47.378588157475164,56.400125887683345,65.43399082697546,75.18214279718852,0.036143780336482245,1895
3119.2281133763117,19.80972470636704,532.7871537542736,37.94932899097383,46.77393590067851,56.34862753445227,66.16687664775499,75.66412096568652,-0.11087090034624454,1896
2988.6399394861546,19.527877538993284,525.8126360996602,37.68675373805216,46.762511153269095,56.67910402640087,66.43457825661731,75.89104474339939,-0.03685024433622124,1897
2855.410914965992,19.232245523882295,533.208798102799,37.97217450412603,46.876180112442704,56.5521240780042,66.52849763845546,76.15950603561092,0.09047672604499445,1898
2993.7708345756782,19.539366271551767,531.4934389347899,37.898536893788716,46.82989282041482,56.75456713401669,66.68051239610602,76.29221745988103,-0.06418644628934819,1899
2704.9786857728623,18.88715980491511,534.2479346671926,38.00913814875007,46.943716466132756,56.763316037016075,66.6642032416489,76.2023041976657,0.018451974069406275,1900
2770.6620972293736,19.03974022319221,516.3572277837742,37.344689299753284,46.71814851760156,56.86693318464112,67.03361841312548,76.45002535059321,0.013668413554430088,1901
2857.823470021466,19.238245620406264,520.4372703076899,37.50247911865988,47.118574330311894,57.152885248895025,67.08391874111645,76.51991127731883,-0.05707217323111227,1902
2592.9852010204763,18.623145496871608,522.1653349173288,37.582814085737354,47.41812781054843,57.665047587574655,67.16498593720408,76.5839391058354,0.06049476222363666,1903
2472.8333133190886,18.331344068820453,533.7023461291514,38.01236050104314,47.90741699920881,57.861479395709274,67.01992930881943,76.17588589016623,-0.19719036438509938,1904
2631.9820663973715,18.717548844124444,549.842863255016,38.58490608645722,48.19474466815267,57.662488792853964,66.4240708533874,75.73101930515388,0.22907242298168443,1905
2835.1877708243605,19.188620245680315,562.0433037834026,39.026116737095734,47.91640894532391,57.35214397212176,65.68293409854778,75.45686963755007,0.022900740104477266,1906
2897.9558670045303,19.32923966556533,561.3455048320843,38.997865390902156,47.875525776948145,56.95561013960334,65.87723492421196,75.70755755588782,-0.24646951804792008,1907
3122.7284319463847,19.81734350735116,546.8178810345628,38.46285452496651,47.4603066727838,56.56589583373432,66.15796891971996,76.02119270209509,-0.17998922615309487,1908
2889.661639963814,19.309172424511786,528.0319368491289,37.76182543943516,47.12127643872189,56.69958867072316,66.81280189494089,76.37874787516543,-0.03171929923647108,1909
2924.3264748941124,19.386484243837362,536.6774646461985,38.08729254799199,47.12057896388744,57.1688262101066,66.92631881859128,76.41541979517746,0.07991267895980826,1910
3041.1353491198506,19.642416714123513,530.9178966701502,37.86786834213075,47.0369206510835,57.09389838546518,66.75244235101911,76.53565048378579,-0.09584387130669897,1911
2729.151388115393,18.943763444548818,541.6685415848624,38.28146556802357,47.08057796053814,57.15557344360836,66.89798685309765,76.79163755292217,0.10140288476007094,1912
2987.4274920454054,19.52526441370944,530.9476892987816,37.8928503490298,47.21355872555186,57.164727503704334,67.05551088074313,76.99182991278204,0.03059039812816682,1913
2647.5479822344982,18.752051401853283,521.7620222095744,37.55321459350876,47.22975535754193,57.697063223801145,67.5656974152147,77.2108019396961,0.018998708002714262,1914
2743.1887564433077,18.977635113020877,536.2714462328785,38.106487163650215,47.80202586754436,57.93927766707117,67.30767649875027,76.9154004125204,-0.0814644860838048,1915
2554.6420681612244,18.53172224963213,548.470280877282,38.54817250299231,48.148055065680694,58.21930820816307,67.16235357302425,76.48957429805951,0.05479110814957855,1916
2745.2116204640215,18.983151604921414,562.7960165159336,39.06093330569879,48.395060919903045,58.03337578563661,66.80907995943758,76.1999341942615,0.06323098020916866,1917
2671.21459753578,18.810167523099345,559.3511017933855,38.92212906955039,48.63058195112659,57.72421483664393,66.2938893555412,76.00129060962409,0.13526640946554191,1918
2937.6185857621244,19.416825247239537,555.9216217708587,38.79020401311697,47.97336284250207,57.09460992481002,66.12121954149673,76.34869401181886,0.17245034824886749,1919
3084.0566952944255,19.734145364154962,551.9333932912225,38.64122715151556,47.752679873517145,57.23850039664244,66.50727195647141,76.60902708458998,0.228953724484655,1920
3033.1927417193424,19.62473983470912,536.2815675518925,38.07528690010443,47.62186204239177,57.393357289268174,66.80594434836053,76.65849843190793,-0.1296479538470473,1921
3039.9817934515086,19.63942270563465,545.7997112069258,38.42304721989984,47.32499477312684,57.53176601023208,67.34952282354173,76.84243659871845,0.060071951929405766,1922
2903.3028713400568,19.33990050190961,540.9117558207,38.23777702381859,47.544446785648105,57.5858595897987,67.08566290237918,77.10154644705162,0.04583346336408116,1923
3085.3685982548513,19.737048152007265,542.5092578633651,38.30549521135077,47.40466770151543,57.65465989446211,67.05537341678087,77.12942432228866,0.002656068598102259,1924
2848.304728255582,19.215994421712047,537.7685108420134,38.1339653341204,47.35106423578378,57.51862409015445,67.27786909536017,77.48515831979157,0.05560374413464145,1925
2744.393477890337,18.97904649259796,531.5182086640186,37.913209282286594,47.520047181954375,58.02406054655626,67.8062154756014,77.56076196551058,0.08240057137416856,1926
2531.221228160602,18.47339985259782,548.1084851760588,38.533496116829355,47.70812886689984,58.27288366734235,67.73108554632908,77.48507357659592,0.07474569572421684,1927
2553.221359416616,18.528101275614638,554.5096398285397,38.76739960186824,48.47592943497441,58.680898666221154,67.53144693415,77.18733860667928,0.12545224776266292,1928
2583.282915687076,18.601286649847093,560.9425092812571,38.99086951202161,48.88693695566521,58.42905141900297,67.40854028998446,76.63476401199983,0.07761309655085893,1929
3075.1352841998537,19.71629661078486,563.1843809773532,39.05418370701634,48.87973605530754,58.12570380066925,66.81166163810434,76.34954245021477,0.037306508381223145,1930
2943.70965424935,19.430620989111375,572.1551228556929,39.37945828537818,48.41529472099715,57.71871238071062,66.63574959378234,76.57251798400269,0.047507573746868925,1931
3175.8824159985866,19.92880254665169,559.0448869827239,38.902469239914055,48.22458613710351,57.299608164682525,66.76727691771764,77.06934950161083,-0.09503353818367181,1932
2962.217881313425,19.46967711535912,554.5512608166055,38.73677541559602,48.00026291190836,57.76454210343702,67.18086184066675,77.55597902780055,-0.034316270073324655,1933
2838.136882135332,19.19305046907687,558.0250032645062,38.87702479038076,47.863540707486926,57.56686711818141,67.37391787064105,77.45836434865858,0.1094548275233457,1934
2991.7099060013143,19.534596724719542,539.1641460912215,38.16979834160007,48.05798667517599,57.704910463398726,67.26246778367714,77.65787626115123,0.1387429164172602,1935
2900.0273672610106,19.33214160978829,540.241915396572,38.21483046410216,47.69112355966485,57.97794389200026,67.60158411875106,77.80404457735389,0.18147542939488132,1936
3004.812722510618,19.562875905575478,554.7665474487253,38.76346718530892,47.62748052137752,57.97501998477435,67.68316389339316,77.88404737447281,0.17250329420345678,1937
2722.8931234684205,18.92906879388887,549.7247648690003,38.58213763438183,48.11574652209457,58.2743397088618,67.86834409306203,78.04163587070472,0.004104061568892288,1938
2723.694409537138,18.93148234317354,545.6495742797167,38.43915487431522,48.44630511463289,58.64742300700952,68.04085218821483,77.82134821656673,-0.0502441701957883,1939
2679.691704354841,18.82955048506351,556.5498346171704,38.828647811250875,48.773904239849706,58.93123705222628,68.17557874147256,77.53050718259483,-0.09283825705313375,1940
2715.230213180924,18.913056675248153,576.2447444685014,39.54611933260804,49.17188602885037,58.799539766415926,67.96110009681509,76.94088002371393,0.004447993896684609,1941
2959.76714654818,19.466445035711626,583.3589832499521,39.77544806627181,49.47844999552741,58.220018931738835,67.23479375935895,77.03162508192995,-0.0585502603099387,1942
3012.7765561782344,19.581379694262676,572.6386954732501,39.3857067817968,48.97150358769847,58.07583993148954,67.1664463328213,77.02913052600063,-0.06800438281748904,1943
3342.9883345306775,20.273707886457615,574.6002591357912,39.45423395898075,48.5252695964752,58.03097778778709,67.18101750442123,77.59578161222592,0.049952006524772136,1944
3015.9423656445074,19.587263424710216,561.2385851839106,38.97238223712678,48.587422143008574,57.82544516889227,67.51091699718815,77.86168947044413,0.0031057490362961775,1945
3195.742649025223,19.970052471244372,552.8526631403081,38.67095793285137,48.30114764376117,58.18374825203892,67.74651963048755,78.22203056561821,0.03516814164707848,1946
3155.8848014895625,19.886545803648655,561.9516535610563,39.007937341968436,48.13593663913906,58.14792273142734,67.86526348373239,78.10929111921524,0.05075068572770276,1947
3055.6459411851492,19.673033313426394,559.5059518986111,38.919403813944115,48.28067449057209,58.11440554986738,68.01412557289859,78.31202025406677,0.09082174308340397,1948
2953.021056981451,19.44936737012737,559.1308676874739,38.912744727405716,48.301594441995434,58.59226378323774,67.95418052023167,78.41593489570523,-0.030441824019737218,1949
2852.343969510341,19.224746238665062,552.8703102605951,38.693864797419224,48.54028476703475,58.527571110547925,68.69600587577496,78.54045368789365,0.08568083938882931,1950
2968.2019022943305,19.483839144013114,554.9492631516094,38.77160474204206,48.86653054016118,59.121838155251886,68.76854497773887,78.35598394178938,-0.20738707448234553,1951
2532.3347425002876,18.47716203767039,569.4164804172872,39.29513539545139,49.17659258271249,59.205148947063755,68.97741636509366,77.9477609719104,-0.035141449517792245,1952
2882.3792850026157,19.294763235381676,586.4463734169467,39.89094846051741,49.88058829289299,59.15072908661578,68.66783814126293,77.58990284006123,0.11620797379907635,1953
2781.5325570597824,19.06598921386456,591.9161098987857,40.07127940325175,49.80163396137515,58.764197460048074,67.97860954003892,77.72241603495736,0.10932340918565167,1954
3173.235045539306,19.923527717520738,576.8500990908032,39.53132137871623,49.378346313845356,58.29746993731553,67.7408804042366,77.61079609080129,0.09995550728085342,1955
3421.487916143498,20.430961429232653,567.8698519855524,39.20081458997741,49.012147049358724,57.96922967183211,67.60970660437683,77.90586514258996,0.02030983195885807,1956
3166.5914063448377,19.909191641093948,563.2931876250723,39.04703239921248,48.83571864164921,58.25590888685051,67.78741079993105,78.32613412500217,-0.1576603338267461,1957
2968.383604334945,19.48343663056901,551.1999034530951,38.60116329206128,48.68197284123543,58.339949464509246,68.21539275187551,78.6317278359415,0.0187027683784429,1958
2954.6945347493925,19.45283795010932,556.1998528367052,38.78906456338632,48.55397759995331,58.812394099418455,68.28696604486998,78.6213420522106,0.08179306627322035,1959
3176.795750776099,19.930328669137552,563.5881420017963,39.06206844826434,48.556237821762814,58.612020878123396,68.38760145753055,78.68930798749138,0.028097720683042816,1960
2998.0977074257976,19.547968720638977,551.9984603526906,38.64517484554501,48.69749025705211,58.73727941828213,68.60436203988735,78.78151297934384,-0.14120996915840336,1961
2979.4507815792863,19.5072403915002,559.789477795661,38.94480437769848,48.7252843889985,59.18644494491753,69.14294590756803,79.16238943671382,0.027864052270818587,1962
2669.281079879756,18.80386093482187,547.794293938256,38.50331853802001,49.35006902391552,59.44518798091513,69.52130153289441,78.86278505408721,0.13990273218566188,1963
2640.0737137725228,18.735741311555003,576.4864634165526,39.54390264081056,49.36501916463088,59.69946824677912,69.44189833712322,78.57009548629549,0.22638402692696516,1964
2868.5120307597404,19.2636658207584,583.9313169590856,39.798520194835675,50.2122389548444,59.513873692568254,69.21656961773334,78.18849517819363,0.07419329264902462,1965
3099.291762159347,19.76854797427597,596.2486948647402,40.22985724028576,50.13166187930927,58.973700396791756,68.70122346199514,77.91162008796881,-0.12750176995541038,1966
3363.833125830805,20.31600810361155,589.5501775393751,39.98335931830703,49.874332114464046,58.705832234995505,68.20787824528777,78.1090276891523,-0.1279319318087845,1967
3491.4666754113537,20.569949563468008,578.6592209366694,39.58888971821124,49.368817083855944,58.5899881961282,68.3365557328707,78.51223928197419,0.08000813377617322,1968
3152.0018983838504,19.87792196638344,577.5684966065372,39.55552983102364,49.265311620431696,58.650168179478996,68.44725926505745,78.78129872313167,-0.079979906806347,1969
3279.5613161941387,20.143789423535676,572.1865468810654,39.36563033692851,49.282438217770746,58.81416750630994,68.65106940177391,79.04241299488423,-0.16817059462295947,1970
3202.8379249712393,19.984749060253353,581.510172662586,39.71069936736441,49.171776280028006,59.02247528878929,68.91448972711864,79.14108978442576,0.1528758169376282,1971
3251.0531135269925,20.08474057137788,575.6140933751475,39.48983229627502,49.23092115263805,59.08471993665391,68.98867651768846,79.06470127780082,-0.032441437542704836,1972
3046.099673846376,19.652108936141904,561.9656626573498,39.00298158792496,49.288646471404604,59.143472217625884,69.20890284699067,79.22263105239858,-0.01578990176965747,1973
3018.5067276751106,19.592698451261356,558.0520299886741,38.87004714419531,49.27878829729744,59.40353757517442,69.72045745336773,79.4353123661844,-0.17469441351768675,1974
2772.415015643799,19.04403097895546,556.0680351053406,38.80131277977786,49.407243161309935,59.58572838003691,70.0066458346359,79.36461847723515,-0.19012086250262725,1975
2820.8726858473524,19.155531898049887,569.9431081308301,39.29970479078273,49.81572676030174,60.033003973450086,69.6890412269309,79.06345976946137,0.1761776380570226,1976
2890.3879219328614,19.3127265101546,595.5068960909417,40.20073423787546,50.30483035529283,59.824779738964004,69.47796125776522,78.29097204177747,-0.1643732810811891,1977
3028.630052483058,19.61595854996078,593.7130052158479,40.128978984364196,50.329162217820496,59.352471393853094,68.99086416811065,78.35850196745574,0.08164877843441061,1978
3318.8165864366283,20.22448166972126,591.3686532641818,40.03509162700817,49.89533600096866,58.89309223138973,68.94440241554433,78.64387556489697,0.05251838569560801,1979
3233.6206293705995,20.048525065196536,592.1061592782426,40.06568984996503,49.66997402097254,58.9018248502127,68.65496506509854,78.92412441149706,-0.04384669616879851,1980
3425.22218765097,20.438343496504764,574.4900176858589,39.44053919923067,49.442462964655405,58.93055636990277,68.90863144957513,79.40105940216193,0.09856467932775907,1981
3230.069120291059,20.04147772114223,568.2570418554095,39.21261638361974,49.32367682791631,58.959804920338115,69.35054699477409,79.45793027222284,-0.11613397169127129,1982
3270.893968354294,20.125460137946277,573.0440134851189,39.39483096509255,49.58172323324508,59.46607626315274,69.44623692017579,79.4071174753584,-0.01706469774204162,1983
3465.9107906199843,20.519386858293316,568.1176550009399,39.21319436610769,49.3423363359771,59.297983140824265,69.67144711693537,79.40592045519533,-0.04005170983466184,1984
3191.9050920206387,19.96125708580744,568.9643807189111,39.250015237331034,49.274971528619986,59.33724790269458,69.90137635178456,79.94051001708166,0.0730521431288764,1985
3148.7263261490352,19.871274798970074,561.3180528485157,38.97554270285875,49.58727833323623,59.80480403012115,70.1644548423291,79.76693370609085,-0.040075158249206044,1986
2967.569642191022,19.481562831349255,580.5021249838749,39.682347652754004,49.90603843182623,60.280559785943765,70.52282606489901,79.7082328817576,0.15450540380104028,1987
2935.131317271995,19.411767019222577,588.9464599183517,39.97197323630218,50.62991328101268,60.315142920145085,70.40185207286059,79.29925177689205,-0.12000617112857942,1988
2979.2186537288926,19.50846718032667,599.00730445885,40.32728440556917,50.91466681576034,60.20679287784693,70.01430038749642,78.97017157263848,0.06764879581861354,1989
3009.2252104112927,19.573818299811784,611.4246102045165,40.74002547108695,50.651835498990785,59.740701751353704,69.45099967412851,78.90860119168246,-0.11481548228470906,1990
3192.6796425985026,19.96446398814905,602.0338071895483,40.40812305161239,50.04334279813108,59.44809895720089,69.4469783533012,79.17700473304329,-0.06331968637615819,1991
3384.5246826776306,20.356894237569243,585.5050195795698,39.821193061368966,49.764604955142964,59.27845811607538,69.48965108393247,79.49322934504015,0.03668477618260759,1992
3571.0294334647247,20.7248941841453,589.0797708343455,39.95532273798044,49.93294976595211,59.40062948646699,69.8890553901611,79.73808550215081,0.16956870090748707,1993
3552.1523654839098,20.687712098984626,585.8239417345166,39.83833071727537,50.12825746512296,59.51239443157193,69.79290311872361,79.86335634935449,-0.015637837777840877,1994
3348.4926563970066,20.2839069464816,582.7079208123905,39.73478390230366,50.041655032771644,59.696056128072016,70.10977528319508,80.2792821374984,0.1905493019098306,1995
3147.612389883957,19.868464343010825,586.862956670674,39.884178171109895,49.943499916879794,59.62695836642596,70.13507510322219,80.06962648800618,-0.13776242378087108,1996
3046.892446664716,19.65377871694243,583.9409236492814,39.785464839753665,49.977206071199724,59.668765079576914,70.41893955079705,80.29661582038835,0.020601624894215353,1997
3147.8387175430403,19.86898593990776,577.4988088769804,39.56634661595495,49.932207591309584,60.039307171321745,70.75578161440711,80.57000767331142,-0.05368185250808366,1998
2968.3977921401106,19.483806782230296,578.4355831200963,39.6011555557052,50.40234992299751,60.3996995929439,71.02892780785672,80.36946101975501,-0.10499018721909364,1999
2816.8574235318465,19.14636757232931,599.157517607433,40.33584640732638,50.86115905535399,60.66989905406392,70.68288022452099,80.11552392681128,0.06362648914316762,2000
2842.354739962296,19.204113055613337,610.5714458299352,40.725145994536575,50.98079367816169,60.73113144861564,70.194125348814,79.44933825521301,0.03968536892965491,2001
3073.5944973316678,19.713073842740602,615.58662754145,40.89149287925195,50.85734989318803,60.157755004752865,69.87979674519949,79.34982197410919,0.016965511884426968,2002
3299.6789243968005,20.18535940715132,598.8845185010789,40.28711902240166,50.127078573650756,59.90836584045715,69.75730933615459,79.69076484501683,-0.08293168941568618,2003
3324.77931846236,20.235888517255468,596.7020833228028,40.21724234219899,50.2741675435086,59.60761925015087,69.95595694252277,79.96503494198383,-0.01123068263697502,2004
3603.5258316772643,20.787482234112126,596.9215063581247,40.22981548064692,50.04392991386394,59.537429777851436,70.05418809083471,80.43254685865844,0.1469783855032499,2005
3537.3023719048965,20.659407652044255,590.3936347553749,40.00231449297291,50.05131525307829,60.05305248648109,70.44586627991156,80.56023507870246,0.13974187713789427,2006
3235.668776770707,20.05274021731008,594.3122210448028,40.14094086598164,50.40114788973039,60.15183628884878,70.64150159960032,80.48770853319108,-0.02604069068744816,2007
3308.8249177772295,20.20310398624142,588.3578113684315,39.92753897029468,50.353441104353045,60.1420165931048,70.68978499835268,80.58476945950865,0.07948023501473626,2008
3415.745253949519,20.41875527752669,593.8526863903575,40.13004512612113,50.07900057758941,60.30742969070271,70.93418472267072,80.84305380019168,0.051182304781980076,2009
3244.236854151461,20.070690207146892,584.3595040501751,39.80022795970158,50.46375434651961,60.54013193457358,71.22977189582632,80.92250491661756,-0.024164480725949886,2010
3143.786041230938,19.860805111960893,591.7820387664999,40.07638299646178,50.68873731304422,61.02761566921828,71.26326111636435,81.02587902228808,0.083226804350788,2011
2887.9490992024475,19.305848480805327,607.025102288331,40.61096235062373,51.26811217303987,61.08115248392064,71.03639126766187,80.52892952678756,-0.00991961200875622,2012
2916.874126886459,19.370884961844606,624.5994253070451,41.20160528468906,51.32667264286544,60.903953495019586,70.46288527017515,80.05755206497193,-0.05000135202502968,2013
3310.4582429144198,20.208147777045195,624.3633605154588,41.17741278079503,50.872807118895146,60.498356939537516,70.2529326215673,79.72073477400451,-0.02894104369981684,2014
3494.265461812361,20.575555159565674,618.6349494080373,40.97501790729299,50.273975282348076,59.84976995657974,70.09329397212427,79.94188958060728,-0.06479231851782796,2015
3436.769259291406,20.460970819437545,606.6986780831412,40.56474617931769,50.156586321115086,59.91715759907086,70.38873601804457,80.50468223421939,-0.08782130721518852,2016
3327.288486937183,20.240605270947988,590.0868796940875,39.97623907208927,50.268464429177165,60.167688168241945,70.66542466262204,80.59896170056223,-0.09624128490889346,2017
3384.438384611631,20.356056660495383,596.9081685284117,40.235337706994706,50.427183107383044,60.37807217324446,70.95738530972596,80.89320175345328,-0.1513841041316819,2018
3555.603845917914,20.69489381643545,600.9743126386026,40.37977289321083,50.46840170932182,60.23212812136163,70.88708468618307,80.78895836641301,-0.03207527559739828,2019
3590.7311832717787,20.762817459709844,599.1977160073136,40.312913901952854,50.45306568362224,60.4899701562558,70.96671751627508,81.04561296585973,-0.05315282490933342,2020
3262.601558008548,20.108431875774638,595.0790584766077,40.16967430296214,50.49182843651136,60.48379589476005,71.02840268986263,81.19192290468943,-0.26217011659238004,2021
3062.295115143353,19.686303530383732,580.313868118954,39.65658494692489,50.82068469959978,60.78907889777777,71.3693327018047,81.37839023543731,-0.0809797002497321,2022
3139.261228770093,19.851425962281244,585.7887392494649,39.8540761422786,51.07021629666062,61.238599854776886,71.46529263748607,81.22408474835427,-0.053786120666965344,2023
3003.760577922674,19.56169638498403,599.0960546489762,40.32196421069857,51.55917698772412,61.59021252466592,71.15706913314065,80.90812892833921,-0.03281355278399193,2024
2879.0091860808006,19.28649380848727,617.6415123655764,40.959310083602304,51.76076279990537,61.29874703499197,70.60769815882232,80.42989966539727,0.08195874593727144,2025
3390.633653778812,20.37046401207661,635.4202405064974,41.552762785360315,51.12115116661786,60.80438110755892,70.16578300206568,80.2343974504944,-0.09009733698903111,2026
3379.3546696083445,20.34708253333085,623.241909382747,41.12373818098436,50.55668381554874,60.46383644260299,70.32519794534281,80.41519262620982,-0.20376867663027254,2027
3540.076372034249,20.664380890780823,607.3435271149631,40.58166807356217,50.430514669081475,60.494322028599576,70.71643940626444,80.99617068216875,0.1037878228902577,2028
3395.4544527559538,20.377721801865587,609.086802569859,40.645250144768276,50.68273139151956,60.50672884658014,71.13618725966072,81.34055766895027,0.0024516919538427034,2029
3580.4795431497396,20.74306374002688,609.5393024621634,40.6676645122675,50.59639615752003,60.648705669544135,71.12768738875357,81.38187336221188,-0.12336766589907029,2030
3510.2104420386754,20.60600983230569,608.2200135123983,40.62202646814789,50.732212268354004,60.83929876949489,71.18307547711262,81.3343287833324,0.13936742224562823,2031
3483.9101404654407,20.554301657529557,603.2624130912103,40.444315157570905,50.5963445360618,60.59577770662065,71.37486067491342,81.46416868651238,-0.06426418664668386,2032
3298.464007931964,20.18189061325045,586.0983172612613,39.8487882411268,50.74568358158211,60.90322377080625,71.66575681585783,81.65550735202513,-0.16146341779209364,2033
3214.2318185677636,20.00770978917879,604.7542800707049,40.51189739287586,50.977795565506526,61.26935991467369,71.69013595750964,82.0017581310837,0.06548911579778811,2034
3289.3225007340957,20.16406059633627,592.9842171060646,40.10698925845651,51.26422963315969,61.539029964597226,71.6732977608842,81.71949670490409,0.13049645661627277,2035
3130.9553401053026,19.834667338452583,609.5700767365875,40.68378383709886,51.908347458693214,61.698590150313464,71.51959807687858,81.40820177658802,-0.0973893421641376,2036
3175.5939283737616,19.929333624665308,618.4120371364628,40.974302400785184,51.877150569979335,61.74934564937861,70.98742557882868,80.92136247385011,0.17230454309708734,2037
3293.079140318548,20.172507223746354,633.5562937011508,41.483102750244704,51.58205003832703,61.238038379300505,70.45680252117535,80.85412517991529,-0.1727747990985795,2038
3647.082943203195,20.872372297420736,638.2849797144298,41.638676283200056,50.86769525299242,60.78649261607168,70.5771425336112,80.90079302636354,-0.07601595143160239,2039
3710.3304567343066,20.991393657155953,623.4799467921339,41.1315961111369,50.421154265951344,60.693897612996615,70.942156468545,81.26186146634491,-0.07689372058793238,2040
3533.4151665772747,20.65123416957695,610.0573611320916,40.677591826447824,50.56671635529414,60.76684585905104,71.27292134334714,81.75418144287457,0.10857067433050348,2041
3490.9726345420354,20.568404629011333,604.5325234726105,40.488861189013036,50.91320433525137,60.91942663265127,71.53840760673567,81.7082334542529,-0.15334919481185305,2042
3703.243814924782,20.97812092242967,610.4968401097447,40.70442093302704,51.23289161503678,61.148512296806686,71.63809897633759,81.94219435499471,-0.05756234651492074,2043
3522.535430897836,20.629914970465723,603.4773278867619,40.449570759202025,50.84897535052605,61.02926300268042,71.29487746085138,82.1080334078436,0.1019848697260064,2044
3400.9119382936287,20.388701781093356,608.4196051179199,40.62892012817222,51.02976868041908,61.23539675948744,71.79625700980611,82.39661616692581,0.08541566653663793,2045
3409.6365041653535,20.40616827133165,598.4741013985629,40.29857397147596,51.18211447339955,61.428314183335175,72.07328443766701,82.20924253184042,-0.005120290120795491,2046
3092.043760004062,19.75112209214068,608.5796719244577,40.65555754908673,51.46475608850148,61.88040015386281,72.15649613679966,82.1260877332547,-0.007948223786938156,2047
3242.4569006749707,20.068123130268596,617.5457111751325,40.956033311820335,51.935053725347856,62.20264562378726,71.5437437990597,81.89839721798455,0.07072041942696848,2048
3332.1959494044345,20.252541831062008,637.5943237789735,41.63725752840333,51.9872712239129,62.13413099111093,71.34652094725432,81.39945260972542,-0.07900677508179633,2049
3434.5671628411815,20.457744818656302,635.9176181850905,41.56032285261886,51.38592130560189,61.34118713143301,70.84975711522513,81.37384947532676,-0.02207117679497613,2050
3669.424005076445,20.91430405396536,646.0930624327237,41.896663908324186,51.12195332998478,61.029256596291475,70.9987160161741,81.5369561881642,0.01634969460844486,2051
3731.5986913828006,21.03148241505844,618.7927579179131,40.96454518900555,50.768295942757106,61.15788670230473,71.20826357227493,81.84092009515861,-0.17374212647704143,2052
3508.193742135835,20.601757408281927,615.4151841062474,40.85268237259154,50.98812264172359,60.918600165893494,71.55639286169743,81.95246306389178,-0.16756182498674532,2053
3518.0354122079007,20.621058190115214,622.136738689834,41.10197553630942,51.07318116944656,61.40595277595048,71.99267118628433,82.25934512737348,0.06515098396603243,2054
3500.323975955416,20.586322973146707,626.1842686300766,41.241793359873,50.97152376650456,61.49037658389434,71.62285223237633,82.32263170074951,0.022709049337885947,2055
3492.171688882971,20.570370557301636,609.1873650506016,40.64385320942546,50.99583126186388,61.480854033245826,71.69005301682947,82.29411067948041,-0.07696999003340166,2056
3712.2205920439264,20.99472455442279,616.1975084542319,40.89661731368942,51.24274281004118,61.49077867120268,71.92637737684282,82.56270298113566,0.16443667017663255,2057
3463.022593775272,20.512908667294766,612.2315398898403,40.769383421705456,51.334951708936515,62.160072323764474,72.36006136426207,82.82973270841615,-0.058816207317908736,2058
3295.6573707540338,20.176325206258518,624.0736416026064,41.190822650403575,51.73078174606863,62.27002893217708,72.43083979918751,82.52021229349127,0.04702578059345438,2059
3110.568357040658,19.791163109852207,625.7280527670316,41.242527165395636,51.88714854862875,62.503308964676165,72.38256141285201,82.17983778421232,0.017033645828630078,2060
3417.103222716739,20.423294296004745,644.9203045655146,41.88466319730306,52.105111669263465,62.522897027066314,71.94056188071534,81.95585558604812,-0.059723300791400084,2061
3631.8747744831003,20.84328965698254,642.8519782878708,41.79439821739172,51.63921183756537,61.78957701103025,71.6006819228186,81.90063644196864,-0.06924199211797911,2062
3502.42920611306,20.591271772046355,640.4930162753226,41.700499411856555,51.313118119652835,61.55913104480353,71.34127626930429,81.95356825033598,-0.13732608583222936,2063
3872.621449789734,21.293914914878602,641.5207637965594,41.745684150220036,50.8692685553876,61.33989633292078,71.41235025856608,82.49667745798115,0.0025515733053315384,2064
3861.6345802725377,21.273247167814414,622.0875127048001,41.08817019967837,50.864882347111504,61.621377990682845,71.7789616164964,82.62057457642489,0.05371054964629088,2065
3702.7675484295914,20.976653696753043,629.487689791475,41.342014460273575,51.18808230730613,61.67563665643417,72.10192670352377,83.01325658579796,0.13872862671468236,2066
3711.064030326669,20.992821740805834,615.6003863595618,40.874479717329415,51.23011452784816,61.852460667177056,72.05434980211226,82.9567887596757,0.07278085448741499,2067
3484.472375879863,20.554730108631468,624.0982808969562,41.17109645625829,51.60277345919165,61.97195744447101,72.14904732337159,82.9624242167457,0.014285992734841,2068
3710.606469305082,20.991164838349682,620.5182045364073,41.04238821273182,51.28034737668596,61.75825767121858,72.33034547424273,83.38223206692699,0.13821334382009007,2069
3596.2641996561106,20.773287331400162,615.6199317624435,40.8834925832753,51.62090008580917,62.19753518425408,72.67832818820582,83.20686359299435,-0.058727889829585524,2070
3145.610934155738,19.864456737087874,613.9545958547947,40.82593999549225,52.08396948962124,62.626279356296706,72.74809014954249,82.97233427927864,-0.09251162743047414,2071
3200.25837876844,19.980469555551853,637.5845350718874,41.64591723008312,52.39424537410473,62.6049942972769,72.77853523380507,82.94650534419115,-0.2237700352184668,2072
3399.9478851795943,20.38895080680924,642.1127092618788,41.783818275673546,52.20983391150881,62.84044364741358,72.43368177703523,82.24522719621285,-0.08164120770682126,2073
3539.673610011221,20.664501339932475,661.5524465910132,42.41337050253814,52.15015925586402,62.179290822366504,72.06755933295689,82.26748417672019,-0.021939860971382407,2074
3929.4354472852674,21.398153257773156,658.4970124328369,42.311143081845294,51.73470558169987,61.80895227339954,71.56695890302,82.51618570931967,0.11752691693064464,2075
3748.5081332799405,21.062658435534047,649.5592470592684,42.01237651483585,51.41658736040105,61.799769471044826,71.92558943704228,82.79504164156866,0.08390098153007264,2076
3942.3733578036963,21.420679945531724,628.8386254831088,41.31054577989697,51.02734167821069,61.70555354011726,72.10752435574157,83.25674540747629,-0.029056846938195876,2077
3849.7367820786526,21.251394589805418,636.4305181681023,41.58764152590798,51.39695657661765,62.115479339520704,72.44271003694163,83.25028491862659,0.039126015523412896,2078
3837.7989101177627,21.229735153364295,630.1971350785057,41.366934823826305,51.26271347742925,62.19895002049208,72.4395568375046,83.52434032664752,0.14135671355421411,2079
3633.8584600711615,20.845289837252537,624.8260326569997,41.19152597560035,51.4508193757663,62.16078263481852,72.56872748296544,83.4302008785133,0.004092265065579615,2080
3945.399870321571,21.426116113120138,613.461985239259,40.789992082933765,51.68097559790501,62.32425974660046,72.82014991287116,83.78595212520845,0.13384857033495737,2081
3750.3069802845453,21.066297167828587,616.7981919779895,40.92141670230204,51.92467047188716,62.57568965776019,73.04347091080139,83.83565929179969,0.08322626374355127,2082
3452.456359834072,20.49273762086967,624.1394479287252,41.18392141794477,52.27642436286833,62.98172858186955,73.21603862994664,83.8032130415989,-0.14888285613450306,2083
3245.300941668713,20.073619084182088,632.018957322835,41.45730387271744,52.637130198798154,63.34401036502159,73.27427868878685,83.43539318441093,0.06217130633225604,2084
3329.008086158674,20.24534964780851,662.4587187056236,42.470234126137015,52.48221356341673,63.09511494138516,73.05437592578907,82.91179813624684,0.1541670846809194,2085
3509.7386500604407,20.606088676411154,662.3096036327279,42.44749631642049,52.46381251644727,62.585044128604274,72.49160493953043,82.99659256520488,0.17502336828022197,2086
3769.505502176212,21.103349568621738,659.0896189340096,42.319927144225794,52.095628600885334,62.24499052287475,72.12638396497597,82.73127480561455,-0.1924021199030311,2087
3841.6212129732494,21.236569648316316,641.8653639244676,41.741114906544475,51.506543750978445,62.09488244566572,72.35885445245864,83.40634379106471,-0.01837499538705739,2088
3881.7417398304788,21.309968474338568,630.3842269743991,41.3525295861627,51.60803449120963,62.206773429863176,72.51163041476164,83.72431504987561,-0.06677972542656871,2089
3701.422526462401,20.974150967994085,629.7259198492019,41.341553561768315,51.6969019640469,62.544176208631,72.7585274838092,83.81744252414663,-0.010879966192537475,2090
3949.0295474239383,21.433575927852633,632.0013548091099,41.427802682184755,51.86042927843107,62.75940712855347,72.90007552531455,83.95117446775326,-0.14902865899118986,2091
3706.437452997337,20.983396904278504,632.9730495757551,41.46332211143715,51.71634378251923,62.58081690138729,73.10303771414115,83.90246304900201,0.02143415195075052,2092
3961.9930483027515,21.45594036423743,634.3642706210837,41.51332484172308,51.76830835258686,62.811485240545416,73.44413353696518,84.10911349592766,0.07160544516995808,2093
3589.077643506612,20.75920039918133,623.3516114310028,41.14865787027235,51.895074092076655,63.05414369859422,73.68389847797249,84.26158259215715,0.08080240128119485,2094
3280.721728187135,20.145887406729834,627.0045147918188,41.271719372264165,52.53552532196119,63.522402162131975,73.90989515125938,84.00523158672632,-0.09413317556329183,2095
3193.9722460401526,19.966555491794765,644.8769616634634,41.88504720609545,52.76992952104362,63.51885537747758,74.11798954496192,83.99040298049997,0.22181070076744336,2096
3558.5366346840824,20.701762244044485,661.3290609480125,42.41995933812905,52.73926228207322,63.485989285909426,73.67346050408857,83.51197136632999,-0.14544127529070022,2097
3707.010889738886,20.986100118775145,665.6958140465431,42.54460348859282,52.73092021261872,63.185071342023264,73.30430206603728,83.30377129332233,0.090607757337617,2098
3892.678592912075,21.331240349086826,664.1395908636897,42.481707713142725,52.4357546248257,62.65967710987955,72.8367011019027,83.40510575590865,-0.08677115069037836,2099
4033.1755793276493,21.584400127683598,649.0508644086307,41.987678221461096,51.95346209322192,62.472873665141286,72.84412752721225,84.02664920820736,0.2927815186233118,2100
4184.713233585742,21.85199924134679,651.6720551720051,42.0877963536808,51.77432854940098,62.63955384895776,73.03552337433503,84.38746531654978,-0.058513599054941495,2101
3793.8103048242638,21.147577414547637,644.2581544477655,41.84127919080457,51.89671479739895,62.79670199789463,73.33154508628373,84.21831313082347,-0.12871643737246663,2102
3917.7363791772505,21.37615253974267,650.5760714774336,42.056860192513874,51.96542586381698,62.814747177036224,73.5439564920708,84.29927371304647,-0.21512070041123074,2103
3715.360163268993,20.999977840524902,632.4176658819571,41.438564007830806,52.00461137029418,62.86377439675272,73.61427721651424,84.40396448566536,0.0946772317500743,2104
3864.3357378267074,21.27828949748636,634.3946756189022,41.516493110574466,51.89097006073974,63.08131642198396,73.82324566372202,84.59993745678682,-0.07805443703912979,2105
3559.0036790306226,20.70030028557174,642.0698161385244,41.78463931116777,52.078331159500365,63.50409563492144,74.30018843601418,84.83933084262986,0.08282193996856263,2106
3273.9603852954333,20.131000096972176,648.6120828565046,42.00985948039493,52.45578152747308,63.789579365684894,74.72696544016456,84.68061009055624,0.20818793634020413,2107
3515.0762503506057,20.61649381339387,654.9328932645758,42.221718261638756,52.88208468602619,63.886064030391466,74.55553195648007,84.2068238836608,-0.0694732587672399,2108
3331.946767230643,20.2512372219651,660.0066501603873,42.37047372269519,53.0350404752091,63.87285984697374,74.07887070525854,83.72810598533708,0.09278385712881022,2109
3818.5440533584306,21.195408630046213,673.5254807963787,42.79896220841778,52.782810397205786,63.497326737501616,73.80385290528734,83.56535057017479,-0.020995843610233333,2110
4145.795397924827,21.784467621907076,680.9592995882375,43.04825789973533,52.75797378926029,63.117075803565854,73.39568567826483,84.08466059176946,0.08154365012788338,2111
4152.970806337794,21.796713925572288,658.7147449322387,42.30669766487705,52.71537156738356,63.140507775628286,73.48308858451857,84.50764886906497,0.17247093557298235,2112
3816.7854581534484,21.18999389255054,645.9533605888797,41.884953969177346,52.08194069113904,62.910404529794235,73.8638250916146,84.73712390756761,-0.09336654869245457,2113
3955.2983185856046,21.44428293757524,654.3414107845996,42.18263402084856,52.04922603125242,63.14896142277537,74.06621171574339,84.67973048496965,0.030008577594670013,2114
3822.9126615124587,21.201703144749814,663.0985409862345,42.474848607994396,52.16281657415097,63.308644185302306,73.97986718467254,85.02245410055652,0.08124162516419721,2115
3722.611181635658,21.013748474537945,655.1205909531624,42.20476911753827,52.299076859998664,63.15277433169889,74.12036073616923,84.92159694452324,-0.09860560747762581,2116
3619.9442913621533,20.81859869211265,644.107942310446,41.84201835694894,52.288713841702176,63.45799297454184,74.41610664083987,85.13075907227045,-0.08618147129764268,2117
3720.36066151347,21.009611737495224,641.8515670888255,41.77388247028665,52.46459868764829,63.62966672530973,74.75202200413365,85.23341870227058,-0.01759741580694779,2118
3563.897462965007,20.711006478857,654.0166135420097,42.18460776702849,52.84310720511392,64.22673376295332,75.07312641487248,85.0280956617305,-0.06264510243605413,2119
3501.217742235601,20.589342465742313,666.981466269768,42.610739502667485,53.13365569350506,64.47969157398234,75.11084771099752,84.59847421196089,-0.029707451325004332,2120
3321.7539181188467,20.230890809437934,683.2653654962171,43.14306828186792,53.47538366849046,64.19892825529875,74.4131774382403,84.29859451191673,-0.014804466875265022,2121
3617.9523136338366,20.816451398244297,689.1290339088494,43.31449992562238,53.64650254483103,63.921888553784015,74.35003144601524,84.11366285420438,0.09182723666383265,2122
4188.498353668274,21.859312268167916,671.8359681825737,42.73341069029557,53.275280283149236,63.2962254032261,74.04598585492005,84.39954734288393,0.06881551376003264,2123
4077.331090638825,21.663226947168162,661.3238479646265,42.3779073139053,52.6139396566537,63.28152253407991,73.88585168816759,84.73916480479905,-0.15193870880576463,2124
4156.937129976139,21.80298516726671,656.2276163425735,42.22745157400323,52.47087566501191,63.431135852476636,74.43335429803783,84.95404252330484,0.05856219858989308,2125
4074.1062358246363,21.65715321255132,660.4422969652202,42.38218630902577,52.441020579233324,63.687947964480244,74.47551716581427,85.30975491086386,0.10525610872560116,2126
4121.228088448771,21.740510094877198,662.4997707215218,42.44738521026102,52.59023798684918,63.65097742455805,74.89807763156414,85.3668635289483,0.14069555777818088,2127
3973.7009041741962,21.47749043655552,647.0832692302849,41.93021452648936,52.57518386998877,63.64938629178833,74.6683276485912,85.37751741274239,-0.18572185076279002,2128
3836.093630780865,21.22603956826486,652.6867265403247,42.122153757349565,52.476102328810086,63.69344373521321,75.11601529877804,85.84063292392763,0.07658796624131298,2129
3869.734433179727,21.28793334656962,644.1061646927102,41.84639624936349,52.53477907194324,63.70676753938749,75.25867066230872,85.69336025430174,-0.08562045521961767,2130
3674.5134485147505,20.923471762398222,659.8977628483644,42.383956281312976,52.924435484906894,64.48343911600814,75.68521720566712,85.57603935386079,0.03430881752521303,2131
3460.0424225216652,20.507883227939466,665.1902889658465,42.549780017581426,53.45876145721607,64.72346951608286,75.53967064156583,85.24560671166576,0.059587948399670125,2132
3829.225621165042,21.214659622389522,674.9882693429165,42.865766737464355,53.75141640380213,64.54578218578908,74.6506396114066,84.81478266347965,0.053603519122657074,2133
3776.116794160193,21.115482075183426,696.6573589496459,43.56333932162473,53.713789940295484,64.09456921942346,74.51213846299143,84.6956152428627,0.09467521020073676,2134
4269.772743926756,22.000093511972203,689.0686097184757,43.30147875976153,53.75593418511178,63.66359896694648,74.38136563889171,84.81987572240497,-0.10798775633268254,2135
4446.447963737907,22.29950831193712,679.3507841211999,42.99072116960797,53.217642075291664,63.69693901265817,74.66849377964904,85.23810671836378,-0.102777017496102,2136
4091.73608763609,21.688141510946178,654.9913218935735,42.177266405221474,53.029921340412685,63.47213061755178,74.83237957720516,85.47985739459305,0.06802960760798053,2137
3884.026186628252,21.314423128047427,658.8601711398013,42.32674934342426,52.87589257921782,63.94609209339638,75.21883904602898,85.6987454904494,-0.15125731076779303,2138
3881.371289458623,21.30886796089364,678.180875117962,42.974628944627284,52.7222313426484,63.94707245186373,75.30042322128767,85.82998479959062,0.2264088561313945,2139
3960.6611448173267,21.45318586889606,674.994621305917,42.865461766697806,53.256968182517355,63.91088063356886,75.26732152309941,85.76561132858284,0.007395130367888351,2140
3861.3411755721763,21.272116419655852,658.9074843749415,42.32867484384601,53.175853201164614,64.09212333332188,75.48988191937674,85.85822460266749,-0.13020639861533362,2141
3718.9909537736744,21.006603970493106,661.8501156411287,42.43327834566236,52.690267677046144,64.45662680527937,75.74823415694321,86.30929091014589,0.21035567201819508,2142
3717.06662554372,21.003833196033987,652.6934934942234,42.13009932686747,53.35750873024898,64.88241326444897,76.06080398669727,86.22394000405642,0.06492391555704942,2143
3734.445811162028,21.03770684865354,678.2285313016018,42.98613760787025,53.76073737922838,65.0410021586122,75.54506243954705,85.76772863672672,-0.06880514951942374,2144
3633.1147735240897,20.845300543450833,686.6849592705319,43.239386355718274,54.37642736290752,64.96867432599093,74.9529706212431,85.33419078912435,-0.06858037068991557,2145
3796.1997523445802,21.15277756975356,692.3200592373973,43.41899191905754,54.39202255926747,64.5064334935253,74.6808115784143,85.30073118560982,0.10072423105847593,2146
4365.630700253327,22.163514380111106,696.3953336180647,43.544630361387604,53.83545944608133,64.00816203569093,74.85020684132436,85.24600666019964,0.05833329633576567,2147
4412.821668347393,22.24306340960088,700.054892774217,43.66348625895552,53.7757804592684,64.00967061789379,75.27236309127049,85.78118631470059,-0.022779927366315997,2148
4267.407349949957,21.99496715667498,671.2166936268678,42.72489280913784,53.553429583642995,64.08466820657205,75.35229407641361,85.98467654453027,-0.16747188655948897,2149
3929.2308518195023,21.3966425293932,679.9061390218583,43.02184688570667,53.28965987540428,64.34580975285766,75.71778043020755,86.0838895724482,-0.03955090900526292,2150
3993.0004728584636,21.512074499070298,678.2806784042998,42.97106791017386,53.66003660183584,64.35557432630681,75.72359719052899,86.29017577335736,-0.010779913535364293,2151
4147.137493680307,21.78605868354015,666.5909217972471,42.57961026058353,53.646015163125895,64.35632423125666,75.69423465657118,86.4780296097305,-0.1268657427449655,2152
3878.4439046743614,21.303212723152846,666.8996234258107,42.59273499060424,53.20480397696556,64.61141754832445,75.99869161445828,86.70245711805727,0.24468137784045277,2153
3831.000605819484,21.216194061061064,663.2688338401099,42.48154040829388,53.1452539265417,65.03303845107521,76.14994129582244,86.85909937369831,-0.0004406049244960837,2154
3568.4281184144565,20.719390023169282,663.7599357739226,42.502300842381764,53.90895873434756,65.05830509760517,75.93660354214605,86.49500459626087,-0.14678268356512514,2155
3595.4933765012725,20.772633925739285,680.9294242741521,43.06303597624907,54.270937635443616,65.5463079009232,75.92821979057841,86.11480864217725,-0.08406610322876337,2156
3927.808226844824,21.395613429744504,711.7045436730893,44.065182029165946,54.628246882704246,65.28835441930572,75.23488594920543,85.81327203084176,0.01820970961865688,2157
3833.2255140994143,21.221357172665524,708.9918362211447,43.949891277363456,54.78729639108975,64.79390669310787,75.02724760619401,85.5472216138892,0.06429433934517144,2158
4528.98495866449,22.43743159820752,701.4134997160452,43.69863298822018,54.41182862168009,64.36391837439628,75.19896025258564,86.03172900248398,0.10489212805426362,2159
4532.450723121521,22.442548336380103,684.7646034705391,43.155280453057834,53.95209078556793,64.39827838253153,75.43185440011358,86.16041904497482,-0.02099209948637558,2160
4495.996161119858,22.38166205499604,675.9338283823334,42.87511902387383,53.80725541525706,64.40491803724464,75.79532625394411,86.47531694204933,0.17070827619264103,2161
4125.102047197257,21.74682664230194,686.8051001627235,43.24120420587727,53.564758252876445,64.70091780856109,75.82220823034918,86.84023020658893,0.12552977728008516,2162
3917.712444228603,21.375314264846946,692.6829704220281,43.43733436345861,53.884269502298075,64.62962601033502,75.93411201387032,86.62101949144002,-0.05053557461519031,2163
4374.601738058232,22.17825693172226,675.6952324925112,42.8742316188758,53.959672347437234,64.81622714587634,75.71509195272239,86.64694907948761,-0.040660123224344494,2164
4080.3619589419604,21.66795101583313,667.605602938215,42.612442515391436,53.702903328901414,64.95703377549866,76.22580971339022,87.25568986706645,0.09126406596059781,2165
3844.0101436744594,21.240047122475772,670.6830699501005,42.72532625003235,53.6059843185062,65.16508208753606,76.35712264877222,87.00062670482549,-0.07693819076064598,2166
3657.5392110383523,20.890502338931494,684.7267638255576,43.19416154499789,54.11298833291696,65.47978695034223,76.42797841081862,87.00382691115712,0.09288157801261378,2167
3813.5095365746533,21.185263703852506,702.1674232990549,43.76623158846858,54.80617346776825,65.83333782272551,76.16210679662281,86.6563754608565,-0.10784983371070055,2168
3769.181888789848,21.102928971884786,696.4205202955505,43.548167259839346,55.308865278801434,65.41775286770657,75.59907341343167,86.156414495772,-0.1262409062503299,2169
4158.3579881611395,21.807488157295204,712.7901567523836,44.06962201911305,55.24244372008748,65.00834936839426,75.36776917726341,86.14413026275137,0.02320734116591408,2170
4461.862279526065,22.325357863366925,713.6261666393295,44.089795201158644,54.79003886658974,64.83199271308827,75.45095252036425,86.30067756252902,-0.12439911622015887,2171
4516.298951873753,22.415714085844996,694.8777165186218,43.48508150978302,54.409534412162785,64.55380589630803,75.56918785598435,86.51767342943484,-0.10961672347066005,2172
4110.564503357918,21.721558684641945,687.1334595170418,43.24416800312058,54.2029588020961,64.68744896799636,76.02567421291666,86.79961449097506,-0.2312325492974787,2173
4059.713829332514,21.631048439539956,696.1969285955252,43.54719361683377,54.222349369325876,64.8222702363582,76.28110769532582,87.36723383778744,0.17105759089922537,2174
4418.658027918767,22.252392549681282,685.7027780812048,43.20045173909798,54.399521316945375,65.16145468420633,76.35804648323933,87.03987927770913,-0.06397149071870721,2175
4371.421324041392,22.17288229729618,692.3466093421252,43.420728746177595,54.28109122059405,65.22415674143926,76.06223539195598,87.3144964945347,0.08347696187281047,2176
4385.096903694685,22.195696885043642,680.7689714822357,43.042969943450686,54.26847828662901,65.02131494939043,76.09835430749591,87.50225109673245,-0.09223867925846672,2177
4276.908784297345,22.01132318235757,685.5196751395765,43.20976908747512,54.30225053633401,65.58752962609634,76.67982092218304,87.50655127740333,-0.037265285346052175,2178
3855.5986334928893,21.261840377057396,681.0619130246789,43.069753364090346,54.80870020760764,65.86958435143409,76.62811788926926,87.50608245451491,0.1367318837750235,2179
3880.490635114832,21.308569820476794,702.3953520420217,43.76184220955357,55.17172177581572,66.20838440931479,76.50508754150574,87.2700036935049,0.1246790275725483,2180
3920.0973388793523,21.38159319737398,723.8242632343506,44.44284603875663,55.67033275023692,65.83682918720052,75.84695251831673,86.67855791436494,0.0070243260708512875,2181
4155.434031658334,21.80184491164099,727.9081814340494,44.54934172268777,55.52210046670584,65.5902114474532,75.67149498537472,86.70024886632046,0.04449421420656981,2182
4519.55211893938,22.42150910777068,724.4541559882413,44.44381532846498,55.094970874669286,65.14153216497964,75.62770043101813,86.6288575404444,0.03215679376343867,2183
4566.079903283263,22.497582820377282,711.8108141067371,44.03812443980398,54.64674747096185,64.96942609666439,76.06641375041409,87.26279223172332,-0.10002086234017998,2184
4497.204242595798,22.38351906830426,704.6250237600365,43.80403390243253,54.451693265689364,65.23902421686404,76.23009187999536,87.42368901089189,-0.013220643789951476,2185
4499.306608094503,22.387076105425464,684.4408788870919,43.1514760591662,54.90204379116668,65.43099792376414,76.33557650066581,87.81087240365798,0.13164426100439805,2186
4382.356968167112,22.191078578326568,693.8498685073498,43.46659860335971,54.56693117027832,65.54508483398968,76.35729438591173,87.68045585824791,0.0014633305665380455,2187
4362.350249148591,22.157203539524907,696.5832469238815,43.55121540147579,54.5957258361118,65.5602384581788,76.39211996335585,87.83135668961783,-0.07060707378823271,2188
4430.352002343512,22.271793033706196,689.13961425132,43.32002611334079,54.61361709430695,65.69639257828756,76.43616679542664,88.06885619308132,0.06986604956523965,2189
4326.319852304186,22.096073580623102,679.3256504538845,43.00355741309542,54.80314339524842,65.84761000919978,76.64665940768356,88.12701767001994,-0.19752346764341838,2190
3757.287427648088,21.079048683327652,682.7598657806491,43.11316614819386,54.98887987804379,66.23170694887307,76.87777084403798,88.12421313752638,-0.0405059694689822,2191
3749.311978539689,21.065066246540535,697.0491273189627,43.5869576710464,55.500011634987175,66.48014791352138,76.81153262186662,87.63060167755886,0.0872435178022542,2192
4068.420242851764,21.648431256932163,717.8549867192282,44.24557072772895,55.88520556212795,66.4633690580287,76.48413009333535,87.18184242909119,0.035408388202840285,2193
4312.091061056416,22.072557292535574,721.2311098513725,44.32805644206399,55.87678613106769,65.8501851063898,76.13333223394615,87.18439600137003,-0.049944686291588006,2194
4576.629839025197,22.515751057568558,731.1064734778812,44.63872347978283,55.30851437744684,65.41652807773912,75.9642417707326,87.33146008033414,0.10115514390786569,2195
4379.2389808039115,22.185456331194985,725.280008034973,44.46426972518323,55.00184742362939,65.41671170938729,76.07668589546456,87.74325518714812,0.023653807820701686,2196
4709.219248474412,22.73065456776565,705.6649493163047,43.841334323235266,54.748554436852324,65.5752686560941,76.6612356511243,88.08664653578968,0.0015403994491450966,2197
4491.686638481908,22.37440782925635,705.9158688133261,43.856938482349165,55.14767194582938,65.58518433311671,76.58880988689585,88.23486778489418,0.22070820654636736,2198
4362.7794390038125,22.15803082862464,699.4665152994996,43.64708763989151,55.04053058690371,65.74446088780772,76.59619020048504,88.12249858007861,-0.042563751034981556,2199
4280.878494470453,22.017781995035097,711.2915975441185,44.02379787843856,55.09981618494749,65.99455605521686,76.83078494066021,88.28209190598443,0.05865841159758453,2200
4257.363347244898,21.97766481106435,698.160786277225,43.60836371277305,55.194672452869085,65.91479858499311,76.98541110321185,88.35506475224057,-0.002932580634739862,2201
4118.76882617794,21.73552872070345,695.14697115049,43.52422617842772,55.239039324404125,66.27951831191137,77.27264106471613,88.54404345918853,0.19302257449578128,2202
3840.0218248882065,21.233330579595386,702.0965272123781,43.750153832118485,55.46879077599417,66.70257618472945,77.33013177060795,88.42370641943809,-0.2049192016617304,2203
3882.544888361001,21.312191003989906,707.2959482983784,43.91022938789813,55.998274718810066,66.90464335028331,77.52421427834472,88.01800955161468,-0.16232681884604083,2204
3871.956889024825,21.293232010609817,737.9585308237976,44.88305649268898,56.41019812262566,66.6794158093826,77.17614677531466,87.49163850799596,-0.027411219523462257,2205
4369.052879464614,22.16999103671745,735.5038171148336,44.78482459022425,55.97503407233299,66.22179521472897,76.48255785502867,87.48318635341009,-0.06451357211235695,2206
4371.6978961378045,22.173237829153383,745.0242147887386,45.08380388231359,55.257316157179744,66.03904932565446,76.46688890090446,87.77344746926967,0.24904398698799957,2207
4855.242774654934,22.964254206823362,722.0635018083336,44.3546866420465,55.03103267003214,65.72737784203628,76.3365787681854,88.15814597712848,-0.10079153247547584,2208
4645.266836799082,22.627194922221584,719.5657334691208,44.28756514642157,55.24302487964008,65.89232172351323,76.85878347285633,88.39968480052339,-0.08388607841960342,2209
4368.919558796309,22.168106317897575,718.0017154129532,44.236756857210416,55.40713646252273,65.99796984490601,77.02780024069129,88.59757018175114,0.04190389497058203,2210
4464.437680623444,22.328673881289586,709.4711423834177,43.95999440679728,55.39140215821412,66.18650179351103,77.12312473482723,88.61638815325546,0.28221117838595594,2211
4474.248759271245,22.344927065969063,708.5550823927379,43.932981081881586,55.57515153434779,66.22344160950405,77.16999391444081,88.92228154088302,0.2677653222925173,2212
4498.809985578645,22.385922097581513,711.9903219921066,44.04690604732149,55.31353875147214,66.20604006671645,77.48635182661843,88.86838422791446,0.08481737505443002,2213
4232.636088586225,21.934278006294104,700.5277712909511,43.68729199242071,55.443442474668,66.672926717514,77.71871144178876,89.17429642367566,0.07748377547924229,2214
4168.697510980164,21.82403344194156,705.2773052748146,43.84456942854588,56.083572329378384,67.2495912559646,77.93022455299868,88.98084895785284,-0.06305668668769703,2215
4081.8619038954675,21.671508056081688,727.2839234504848,44.551175864108735,56.34192069575618,67.23074670187337,78.00817117086541,88.5754221976708,0.011963149910586586,2216
3928.7683132208826,21.396452178672916,735.3114136592457,44.78663642689388,56.49589382812955,67.02056943070845,77.76857310580985,88.3079343482335,0.05331344037084068,2217
4098.939690394354,21.70194234507955,737.7931583808819,44.858885794319804,56.17340178123204,66.64095823555247,77.21138364596439,87.85336401493299,-0.08693450596806324,2218
4703.406896411556,22.722023075251286,746.2677970478101,45.11458163973307,55.88671630227081,66.24217491940935,76.79032340808476,88.02974097579552,-0.12825920002983812,2219
4669.266548968478,22.6657876417542,725.4539559031651,44.45525090171703,55.267750004555964,66.03615193715186,76.83369727202789,88.57864040433414,0.2505790314856093,2220
4736.2949089675985,22.773952981303935,722.2807952027078,44.3605772046656,55.37835445155202,66.26475763908024,77.1641368912696,89.1337367043238,0.0795223046845098,2221
4529.654072791504,22.437085781297114,713.4513044143079,44.08425286933972,55.57372080143763,66.50763924268232,77.2505199266435,89.21019887124329,0.05310427995074826,2222
4678.190746218726,22.680454880519104,726.4464954532224,44.49505999229598,55.59372787530941,66.58852632069582,77.4536456864277,88.97838862785946,-0.012792345800550074,2223
4383.875753671337,22.19330662790375,712.4094267146075,44.03884051940073,55.69437840885277,66.4976505172836,77.74228143499012,89.0416150564397,-0.10610352718663285,2224
4513.54394490089,22.41054232637644,710.4329672657967,43.99006340131674,55.627527284158454,66.55180908063757,77.89715853769758,89.50367105474365,-0.07941456625874696,2225
4285.338315338144,22.025023642346937,715.0287649284755,44.150954052739436,55.676735106099635,67.06946988696261,78.21179264653136,89.6308611922909,0.19213967562969678,2226
3946.0222941703864,21.427006051988297,712.864992115051,44.08176428072703,56.25660439409197,67.35240315133625,78.75559333739051,89.47566680710811,0.08197663671870976,2227
4173.033843722074,21.83200531806047,720.8660781812731,44.34384155183669,56.786621569592675,67.46394099653038,78.58616860316486,89.25130813429023,0.1395075362788366,2228
4215.859716386409,21.907435112608024,739.0602392779184,44.903459487780985,57.02140828526924,67.35229129648457,78.27472696399037,88.61475802212817,-0.10599521662771993,2229
4204.606801642723,21.887376160480216,750.1194326869967,45.2392979704524,56.2449290511909,66.97904242592574,77.66644745797687,88.67714359059796,0.04600626106489264,2230
4687.087886005761,22.695617078413548,752.9102419098377,45.3207049652488,55.81241573473918,66.61886712341963,77.47161938037051,88.45725439646188,-0.13279176906145856,2231
4901.934447991456,23.037210219173005,740.5692903856877,44.935932736937616,55.470696156476755,66.59139469464189,77.44197218112939,89.03282275178557,-0.015682874325924894,2232
4816.987311651232,22.902632432181164,730.6261574582699,44.63139484844177,55.78246706588531,66.51474060489836,78.02586746999563,89.47201749015544,-0.08308571426653624,2233
4399.197678460151,22.218940888995995,719.6261215616552,44.27179978334446,55.75999132204925,66.8215961211986,77.89446918759914,89.51475360217482,0.04929886847030987,2234
4402.625832086141,22.22526060997936,728.1892907247352,44.5506589792098,55.75245116283425,66.72708074123489,78.23541350631969,89.52432074452685,-0.007289760468213104,2235
4580.219916371132,22.520267605266568,733.6859476004415,44.73183291089834,55.95365778241415,67.10541020706904,78.14996696191446,89.79535510958661,0.1930633377668805,2236
4675.509977552121,22.675997221562714,719.2598798559633,44.27673830568275,55.81248230669498,67.06828780757607,78.40611531036782,90.03773182806823,0.04144992180957888,2237
4342.991796774201,22.12398401560638,722.387278947316,44.389022084498755,56.01370497694056,67.29268046245868,78.79160465593444,89.93578333909552,-0.029294608184713095,2238
3917.7324668275674,21.375571865065037,727.3792853660236,44.545120353486,56.38322535405878,67.73438373946888,79.30558469520403,89.76654257857268,0.03299655735312294,2239
3908.627910512612,21.359860718175128,743.1971897531783,45.04264916983636,56.919138350122125,67.890685022672,79.43701290887294,89.51806619628523,-0.011908383760119233,2240
4041.177285512783,21.599052586509135,748.5568668303258,45.205819764155805,57.00741748127399,67.88367490128361,78.83444912445978,89.30026214637084,0.07454202827142047,2241
4521.224043347613,22.424651084924076,765.5647630228913,45.718338780906734,56.44585931771451,67.35813950337031,78.34097334879147,89.09741889708134,-0.024877979094801293,2242
4865.369827944224,22.980569928718033,755.3068954072891,45.39497359491373,55.940854822108996,67.02029113850008,77.96263951831936,89.08845918180108,-0.12332080868534401,2243
4747.433694778804,22.791885019615517,742.6171519525946,44.99657562373598,55.74329538129257,66.83695439209599,78.15036417958318,89.64281015291803,-0.014729338595109663,2244
4547.951901745098,22.46736020795762,727.5176227219846,44.52127662059414,55.79616223789852,66.73088236791102,78.24040004763704,89.9316241504366,-0.052417169832371394,2245
4503.763993280819,22.39411412493756,738.1944530516172,44.86162873725584,56.15165537501521,67.03102144806681,78.37956708583532,90.13911080279719,-0.04335988017356829,2246
4639.965268221609,22.618004383204696,744.2011733541907,45.05848219054829,55.92596036344109,67.0671192788996,78.68072122424716,90.11928363727858,0.24695667967271864,2247
4741.2895457714585,22.782113537531817,745.6012225103225,45.10823766642434,55.87824200581479,67.16939352559235,78.62605758100699,90.21688105457899,-0.13180294358777606,2248
4748.607831905303,22.79368480572835,741.8334621882608,44.989765806148625,55.915351612184374,67.45911299010528,78.98313274095798,90.51966880605892,0.06573599777724382,2249
4628.973111672997,22.600287315136413,717.3393433447488,44.21442800797416,56.06620185596106,67.66582746505328,79.4923269034026,90.4514701969989,-0.14589867321496075,2250
4399.579343439572,22.220346395874767,727.6215510735909,44.54871324713968,56.823236652882684,67.90226064924438,79.70085380754313,90.47152587114837,0.061619012921272115,2251
4059.257594745376,21.630807342819484,747.4970562203983,45.17715755741033,57.310547703982955,68.19191169310957,79.73567068922365,90.27372792433916,0.21713830601352307,2252
4095.44045400099,21.695753693489806,764.2613705822038,45.68516445021305,56.938110424951816,68.01024466573587,79.22086464630958,89.58276241015483,-0.059887884064230845,2253
4614.469736974365,22.578168142628854,772.5591572000133,45.9393393081895,56.57397649077695,67.65574724588764,78.65526021083791,89.27355648832531,-0.13901558183935978,2254
4981.870216052541,23.162551435395375,764.5608122305389,45.6788030605486,56.27427926627059,67.20461412702625,78.56746066669834,89.64426493971882,0.0534178492770258,2255
4994.333606922457,23.181252193471103,753.6028521576918,45.3382690147837,55.967762713882216,67.05373142995997,78.50141478254054,89.85531719166734,-0.07639359827068722,2256
5048.899376682044,23.265499028907,731.7009972447148,44.65175497727758,55.81184831178693,67.24169128211066,78.74511402982252,90.30281715146535,-0.09810764913178983,2257
4578.969412005917,22.517924234077736,735.2602623665553,44.764860584736866,56.462442593179034,67.42996655441142,79.22099238945349,90.2952754552438,0.012531384148877068,2258
4524.480231229158,22.42848976253255,742.5985018906892,44.994716139189784,56.50464602883261,67.61563200592624,79.4657033496619,90.65119778982215,0.0803247273047384,2259
4651.693369183,22.637108460839826,739.5399316124482,44.900745098826945,55.99655114437268,67.57468989518567,79.45455766512023,90.51813658571716,0.00970005754542761,2260
4544.229632427355,22.46079823843737,743.3481187432692,45.03271911932017,56.177306543991676,67.71209212993132,79.57086558840146,90.96093064427724,0.14474723670231474,2261
4314.786074139169,22.0753095228057,741.6809167020054,44.98394541198619,56.390008154654126,67.87890838568137,80.01651485129979,90.92582925535422,0.04611806655547585,2262
4498.463138666779,22.386051974560992,743.3215488778635,45.047897580134695,56.57550535619689,68.32915306877118,80.16054229371464,90.90542007662764,0.09357800635681301,2263
4055.239104362416,21.62365988061188,748.9757760469511,45.21767617677038,57.22258618128362,68.6889732307567,80.04650773291537,90.54407709314665,0.014889547810609456,2264
4603.051411742351,22.559030855573283,769.2852445438093,45.83931742658515,57.347916801103224,68.53724324279194,79.23616401955482,90.02377184541571,0.20998659234748757,2265
4891.8058906231345,23.022404676665126,778.9565186046239,46.12616743628006,56.85069017852722,68.04386857569185,78.94786654512926,90.05493890330662,0.14647777716308671,2266
4664.596865462621,22.659012706173264,773.6786481063449,45.95639278359116,56.23769814306863,67.5314488710512,78.95889706790688,90.19194332076805,0.0799052362866653,2267
5030.124887309606,23.2365614933105,769.2466340591598,45.822245115620234,56.0270805135207,67.413265921645,79.06803695898041,90.54099545690804,0.043271090184889095,2268
5205.717699657526,23.504147716459716,753.0717331445918,45.323578695434385,55.87652497595361,67.61917495245324,79.41691617169624,90.91269285449918,0.10455474672526172,2269
5098.56269915281,23.341599219674958,740.2528810727516,44.91325989876262,56.214792221881176,67.78506391440219,79.73968229112549,91.02655959987838,0.008248683925289688,2270
4873.973345131503,22.992981760368266,745.3418762820361,45.078555436851204,56.577699502335754,67.93093797659586,79.67718846779756,91.18855496937697,0.13659842751296847,2271
4968.4109422094525,23.140566519121727,745.2327613506914,45.07169843170883,56.33979067739663,67.78151811673348,79.85870071642887,91.01386014298996,0.10489351625851083,2272
5029.999266150494,23.236241069851253,732.6333239465232,44.6725548986315,56.467734493664345,68.03267362175663,80.12613968937842,91.37872691939641,0.1354042887299289,2273
4914.636064976534,23.056877578987873,751.898786706089,45.301849877308406,56.76084783482943,68.4512366501687,80.4057140211339,91.50483931565194,-0.07890184755006824,2274
4358.625747904945,22.150662388811515,734.5554133960893,44.76020451051251,56.88203228609354,68.83568243692827,80.65008698513441,91.5323114856322,-0.13494043382481336,2275
4146.062936237593,21.784407808052336,761.5684399407203,45.601705445265075,57.72351873332134,69.00650524039536,80.34796700037985,91.16006219797978,0.03957088432686061,2276
4624.117693717525,22.594075365027265,772.235151690995,45.927334189809436,57.385231957380086,68.85478119503144,79.76346741784636,90.49329633029726,-0.2411907827725316,2277
4847.811540319516,22.95308356209604,772.465574091673,45.92016620421639,57.18755257978878,68.43201134687327,79.44051132215365,90.50973195366485,-0.061777012753017314,2278
5040.303551880438,23.25294904987578,779.1576447643221,46.118469904830185,56.56532580082688,68.06386623086058,79.39814453806883,90.58525105518866,-0.09983333049937514,2279
4874.6538303317575,22.99430840008471,768.973401615367,45.8098858937219,56.38725159717999,67.90068936851519,79.68327405160737,91.0491013310375,-0.21832354819539562,2280
5208.73937175758,23.5087130692369,768.5367601990341,45.80119736615135,56.26682034278912,67.86372144542698,80.06488748588443,91.36718900005117,-0.027151154964620523,2281
4997.748299710123,23.18621902681251,753.8914220753402,45.34126280106717,56.24406190717471,68.1873322894613,80.18798750867413,91.5419263699652,0.0011208859479515595,2282
4860.56778398509,22.97184972108224,767.8333276162385,45.783184817114375,56.45283473122964,68.23680844901122,80.16719265677287,91.47514471122209,0.12679235063400202,2283
4836.896123776406,22.934171484353676,751.4173128391492,45.262983410601834,56.26110843815373,68.20101193456671,80.44336457425865,91.51838165858209,-0.03879674663939809,2284
4595.026142004762,22.54437993226636,753.3355369154027,45.33029422139638,56.51937939575268,68.27111855101178,80.38363918246631,91.81836130048822,0.013671163729453326,2285
4932.227634695494,23.084423200443307,753.7171691273478,45.35472925995948,56.634906774049654,68.72412267594758,80.86863401781076,91.9603069378952,-0.017307485833177587,2286
4602.046100083292,22.556845735522284,759.3612342872019,45.532453479915226,57.09808625703013,69.11568285493055,80.86460971096977,91.83644680615896,-0.001626966326979752,2287
4274.840852736951,22.008368057100142,780.7891263352376,46.19827678049123,57.39136648338007,69.31253081447267,80.56032960720597,91.43576613304064,-0.11801199417011128,2288
4562.363677321115,22.492395410494574,775.3663423619071,46.00985575610317,57.502924561710536,69.13924438295086,79.92372361552613,91.1063582540205,-0.0520020587315844,2289
4699.337847339378,22.715588221216755,788.7570923229649,46.418160708710985,57.37934787260264,68.74263027411199,79.59292442764729,90.82973793424843,-0.07082187587461486,2290
5245.738750639099,23.565147412870157,777.8327644524327,46.08200307864805,57.15976541968574,68.29499190004033,79.63236000788905,91.0234588630818,-0.012594829322494772,2291
5255.195438345168,23.578673407776776,777.886297833796,46.080503370345276,56.75878160047406,68.38729432060708,79.75974065409184,91.57387632910985,-0.05857882168073019,2292
5186.636883791838,23.47566095510327,760.3301422900182,45.536262226025194,56.56887918636088,68.4673542531246,80.53706806814685,91.64820839361947,-0.06338818575715607,2293
5101.351323302029,23.345611810029443,763.1532144880232,45.62652007517095,56.56449311241251,68.6555979377419,80.50021047733641,91.8963507689286,-0.03508719793653269,2294
4708.409163277846,22.728883124385266,761.8658484561298,45.58580688974902,56.84604939842199,68.74423955252993,80.58829144407723,92.00523759499279,0.1631323419561157,2295
5070.73938994785,23.298927871118124,757.7067846031298,45.45613318683203,56.75365331742197,68.75236657880276,80.48880248962216,92.08818706936653,0.03470818234980053,2296
5086.370360627467,23.322656426910378,766.2272636627606,45.732824145526706,56.6301342839816,68.768592847275,80.66816158572433,92.30004026604335,0.020927681753754344,2297
4586.755747073982,22.53102865524337,757.4241663438584,45.46111375385666,56.651787395732526,69.04200840471297,80.95125468875246,92.5463725407157,-0.05718136565692742,2298
4608.135816680484,22.566557672286194,752.3079799478334,45.304138416214776,57.37570592310333,69.50590788024911,81.08830898226299,92.28176504077551,0.006981358150805178,2299
4388.36505930415,22.20218170432647,774.1930425871928,45.98337317314129,57.86817751399871,69.81880230539068,80.6594592071315,91.8340541231165,-0.17367513275100213,2300
4544.124077712323,22.462390425288866,799.7966506436311,46.76195381551381,57.85110510359249,69.47392418839658,80.17559499187406,91.52637219575917,-0.031867763338080446,2301
4750.006939946276,22.797322950703187,810.9122707428354,47.09132960495066,57.95909022017656,69.28996457035478,79.9088124878413,91.38142821001775,-0.004992425384921023,2302
4994.034175584427,23.18104699568217,804.9998723081172,46.9076581549305,57.81760848501383,68.73793765763568,79.54598121917442,91.64238044996597,0.015130654000973548,2303
5443.037997981021,23.857007063374223,776.7693914419485,46.03520203067423,57.27178094121231,68.70059349411419,80.31814534673397,91.9913238322807,0.05910376189165158,2304
5372.91460361494,23.753276703915407,764.8329785136959,45.67470493826045,56.61619559807683,68.803240624764,80.7459778793348,92.47922120442738,0.06760431241559943,2305
5212.446884632396,23.514270336982033,776.4149644361942,46.033229056763965,57.07759999083158,68.86182841208037,80.74473368120584,92.62051553551194,-0.1080541633557196,2306
5098.164516189608,23.340748249634704,773.4099247738292,45.93884115431837,57.13081958725028,68.95122694471324,80.81088179148972,92.34087758786204,-0.10335577439006578,2307
5199.341115650414,23.494593833160668,777.4253260229441,46.06204139382567,56.996798475361516,69.00129162107856,80.94713617182266,92.65236812274452,-0.06661269743496928,2308
5131.482853825872,23.391642796854093,762.7868671189326,45.61520885608256,56.965703406935305,69.2228892629929,81.02321142117674,92.62165284622974,0.004617916324004665,2309
4700.346100745769,22.71579869348961,763.140997165688,45.63745410376377,57.07025500537647,69.41822307371683,81.25750274352347,93.11271827676221,-0.040574490354872594,2310
4502.256228735383,22.391622469749173,774.6614725466043,45.99022218949605,57.500408213345445,69.86954136688196,81.38572241394525,92.69253658953518,-0.09581717481425717,2311
4311.475818663446,22.07087914483075,792.7000192992227,46.55130348767109,58.064040568271686,70.13882838930019,80.97935067840022,92.3388613728438,-0.17521039456297147,2312
4795.170002084588,22.86933454346893,795.7587131740587,46.63190339123106,58.342753757181455,69.9253423394668,80.6262682919084,92.02896771241618,0.07200731732094269,2313
4907.292321756504,23.046253806031615,816.5958934607577,47.25577387866831,58.11811723821953,69.53910038875608,80.09659480261618,91.7544671250458,-0.008729830906975688,2314
5443.043478287461,23.857182406269107,811.3120306184554,47.08380607126799,58.00128604385741,69.15289781983132,80.1541593561842,92.03419829729671,0.08429299247720778,2315
5197.14281896558,23.491274827357245,791.9960859592941,46.50150784131981,57.60518323185107,69.04611040364615,80.4657288127974,92.45148652144572,0.058875859745951845,2316
5293.708930715445,23.635850013645932,784.389048073665,46.27107733147002,57.165176742556234,68.84776505645245,80.75197836621973,92.7735148112736,-0.022541606691735785,2317
5234.374066528522,23.547062199584413,780.5132927902142,46.1484074555142,57.36841292866956,69.277343536404,81.21691229746851,92.80812954980928,-0.0626394900537446,2318
5297.735906382056,23.641907496656728,778.4341689197415,46.09180727787725,57.42522531033831,69.30017047583351,81.06723067937618,93.01336460785718,0.20346758971383183,2319
5009.739726476301,23.20483240688981,777.4651726162848,46.061633315571775,57.37946906595521,69.3919869335558,81.12640342206134,93.13636091580844,0.03907852902758513,2320
5181.337967317245,23.467061617895123,766.8505792618577,45.734556747386,57.22985352912729,69.5312716817624,81.22363224633976,93.40099584115893,0.05835980475312132,2321
4695.256255939572,22.70734749406668,764.2485501025801,45.65820141193724,57.43797771055029,69.79365290355798,81.53458291320497,93.43757846199124,-0.09045509281058804,2322
4852.113912254973,22.958923814421226,774.7178892648247,45.99178088686636,58.0033815122913,70.34611830367956,81.72647467224321,93.3476325641758,-0.07052072853082932,2323
4429.912384038426,22.271748314583107,792.2123999344752,46.5329013919443,58.08006180385546,70.29359114297797,81.61308720954243,92.72461183281091,-0.06032381417632024,2324
4742.477124943262,22.784966091949734,816.7718643871276,47.268874752157,58.535776014620005,70.09335177614135,81.06327513428019,92.40632268017949,-0.16902829120037863,2325
5334.096277192768,23.697428722126304,808.2744112878993,46.99148042350573,58.89140312394155,69.8212464514144,80.46506166060774,92.35935484941638,0.2146544792323574,2326
5403.509033097227,23.799544176678182,809.6465481129815,47.02834248863818,58.35773722172809,69.51805837143394,80.40698306056724,92.66869885496982,-0.05070796670338042,2327
5522.127953573958,23.972060394877346,787.5015413522749,46.354507416909875,57.71635130621813,69.35935057102915,80.58417311577,93.13731434019341,-0.07004071762641194,2328
5187.631262633499,23.476572973333354,797.0723309895612,46.65021410803978,57.35824571775468,69.42342711116534,81.1805964176836,93.04391521920502,-0.08143560243549126,2329
5474.946182102631,23.903168461805755,783.4540275182464,46.239991246581916,57.83656695538961,69.7320402365601,81.30592918626714,93.32476924150605,0.00381268154874417,2330
5058.434540919905,23.2798039150664,802.4043211159853,46.816453082471035,57.471920191220775,69.890914119984,81.33351821550194,93.34550561380705,-0.07097087924451953,2331
5108.619346403567,23.356504301433663,795.4820572019928,46.61064013165776,57.70410019835414,69.61838302102919,81.29084983305019,93.47109009122904,0.039043344921914316,2332
5047.956634280623,23.263336886588068,778.6798640233233,46.09570302158771,57.64510680783316,69.85826423822374,81.5916476337967,93.67857985021075,-0.08277740194808912,2333
4748.342998583818,22.792627080528046,786.3138654601911,46.34595683874141,57.51714813866242,70.10237517440571,81.99688382969585,93.86747295493139,-0.01705239122982678,2334
4626.5880319553,22.59623528098581,787.7070793885651,46.38960154776145,58.1489556303998,70.43659904798035,82.22252942632112,93.63946767992886,-0.014476838375915804,2335
4504.891294744813,22.39680128446765,806.7678706652194,46.974032717991584,58.65436052893694,70.64398993410221,81.91266734119627,93.5097474931045,-0.0017386386306708812,2336
4613.492509506832,22.575930590238254,810.2590443675881,47.063117100918916,58.95474281142251,70.6874170588772,81.57454287817305,93.07485291273116,0.15553833904007333,2337
5057.575267891155,23.27931493241961,827.8741356131385,47.5780497292729,59.0794756194207,70.29080515696792,81.1975289115878,92.82802569612983,-0.003830813213100007,2338
5365.053277377476,23.742482367266447,810.0300972966679,47.03997868569825,59.061250887327176,69.77654938470876,80.8873382105658,92.82957393547758,-0.067191436622018,2339
5410.333534574206,23.808389007093332,798.9020641302186,46.69879777554016,58.27838356279889,69.82324446123236,81.17924893931159,93.45307661237055,-0.017152964723869606,2340
5203.539443933036,23.50027305604967,799.239757317042,46.7177193240448,57.86381899277988,69.60049284411733,81.45043666523343,93.948056550936,0.13441353649187301,2341
5213.54785508552,23.515642550984126,792.1621139933201,46.50054550800677,58.04548047386736,70.07000882094306,81.74175709562154,93.74626312341837,-0.0169974285028637,2342
5191.135093661196,23.481700477985317,808.1294058960019,46.986456649854034,57.95649465532112,70.07343712503527,81.70303610010916,93.75574888548938,0.13239276665806796,2343
5351.354886504664,23.721614334403416,789.8979380925178,46.43121641009898,58.24972521237434,69.96682819371324,81.64228934961572,93.9499694875307,0.05941480464059347,2344
5227.9288342897835,23.5371372707286,794.5213142800515,46.57903545924137,58.0007866087202,70.07897734160169,81.84849875601691,94.20121421130158,0.0238874324944845,2345
4980.881074255331,23.159961088776264,788.852129299332,46.41617237313309,57.99147680589503,70.58301199832883,82.26606305573529,94.22353405955742,-0.1375364147067248,2346
5113.737579276932,23.364752400882303,799.8914387035536,46.751969889889196,58.3479780137585,70.98446967823602,82.55634324096413,94.28035037808486,0.014057528279507805,2347
4716.423739609521,22.742482111768847,809.4382813674157,47.03982723917554,59.34764775519915,71.13333421274899,82.54309936893026,93.71121787976877,0.11003921899536478,2348
5027.423800981536,23.23321822600311,811.5926528124195,47.09455930278544,59.43835809363141,71.12851433409355,82.01765317335636,93.30884305926375,-0.0023530623537210667,2349
5103.311079578111,23.349382607054626,832.5504284790553,47.710815741222696,59.44937185871205,70.53283443443607,81.76617102227596,93.2227070429182,0.1115715701798372,2350
5495.7860303530515,23.933761166615852,837.2716645426228,47.855536245438145,59.29247671947254,70.32045588983374,81.12636320348831,93.6234320330737,0.07085615848373332,2351
5818.528692573101,24.39409060716358,820.6686219260387,47.35647226906565,59.04758692591145,70.10695858013895,81.5661589506936,93.83971015002842,-0.09265218346195152,2352
5684.472644428729,24.204812989147324,817.2122757105097,47.25449081162397,58.59904495455916,70.27518341179048,81.54471427545329,94.31041419699476,-0.18150348911862194,2353
5560.403738852614,24.027201063902794,798.0108842049922,46.67568577083893,58.378849082181425,70.2443946443642,82.25722564544031,94.42248366354431,-0.008644865541402228,2354
5355.077649694498,23.727004412625384,813.8785154263885,47.156144913032584,58.46157415071257,70.53706986648906,82.14555290610379,94.26917894563047,0.08724341692015913,2355
5461.678094819998,23.883686639056386,807.8264451706395,46.97336946802621,58.67076216736695,70.31464644018403,82.34979668152643,94.5585410456853,0.04863704386248643,2356
5393.688250496253,23.78385294879667,803.6575984148377,46.852230364958245,58.710567728132105,70.74057473219132,82.3900677099282,94.73243012599303,-0.07292679819584334,2357
5052.831081620978,23.27082295104404,784.3083423795388,46.269438960635185,58.65429376575737,70.91613972056308,82.82093812663817,94.76602425608183,-0.04791938904156059,2358
4940.369054539017,23.097138015642035,796.2917889892411,46.63954503988265,58.729207583689956,71.22648900065231,83.04469543524921,94.75443449618368,-0.002592275207982139,2359
4919.439516746698,23.064850277984,819.2253420345711,47.33092226770209,59.27210356746599,71.42186069354484,83.17216170753706,94.44263540398475,0.1511838342876808,2360
4809.70964738386,22.892266723164727,835.0094636940297,47.79561379002263,59.84451624245671,71.30468335369721,83.05502374423008,93.84560115149151,-0.03702363622686849,2361
5030.4386469324745,23.237432661480735,846.8420203250083,48.132758668880605,59.91335298170353,70.84893264802287,82.47563598114245,93.80654048473738,0.1477514541943261,2362
5209.192360420169,23.50957296415036,829.8772430654053,47.62390950703914,59.54432173627348,70.46724076797055,81.93911084613391,93.85087876597323,0.058848595345023236,2363
5755.9981996812485,24.306086199737315,818.8086999892387,47.29914742807821,59.10478348625901,70.17218702810777,82.06068031280914,94.39560229172746,-0.10644060312583128,2364
5318.537803084453,23.67243339707906,818.5678633969729,47.29309765397901,59.13137243468174,70.6131443776072,81.99016105761008,94.62901022688284,-0.016201563389323614,2365
5253.341199347253,23.575671930502153,824.7188776821245,47.48245152342538,59.122560099420205,70.74781888984569,82.60694647725622,94.87748704902583,-0.012686877615202617,2366
5615.657863707232,24.106330197255225,811.4550709892045,47.078445792795414,59.17719680212299,70.79963661121882,82.75187342907176,94.73532853184196,-0.03461613600997941,2367
5386.666441967916,23.77327488658934,804.9156770256977,46.87873705004478,58.96143617603307,70.92472368552349,82.76802238673712,94.94573058326948,0.07381489163330344,2368
5647.181152570224,24.15135776712298,808.4142198035148,46.993538929295724,58.753425355463655,70.99199424415488,83.26321331041338,95.4391741798776,0.15427490015144638,2369
5456.435251205171,23.876196144286066,801.5419593094125,46.78775620477623,59.01250958376344,71.17418519180019,83.51013192673538,95.23558021606172,-0.18882209986724166,2370
5142.644226748649,23.408773467915363,804.5539870949056,46.88616165148302,59.41160058799884,71.73140798298432,83.7940294730383,95.23882940474195,0.01837573817907016,2371
5060.547553420857,23.283954937476075,828.7507400482655,47.61896791751181,59.82439566956708,72.05223991070918,83.73475918573506,94.7299552866597,-0.2264009742495585,2372
5322.613513631954,23.68009521570851,831.7990521435713,47.693885241706276,60.50473578079872,71.82705161340682,83.36899523557362,94.44248527253538,-0.02157768511535411,2373
5332.762347445003,23.694819266112315,854.8236518465853,48.36280783683045,60.23098392070078,71.17047322208832,82.98143460534962,94.03433429126494,-0.1262381005028561,2374
5427.572363336968,23.834454639044502,842.3439178127843,47.99008331733362,59.79646105856061,71.04225703232082,82.60697205103533,94.32250428435036,-0.04789178528321589,2375
5657.2595857928745,24.16596320123732,828.9105159294487,47.587977190332744,59.511061929751754,70.92747607497905,82.74402725079766,94.85195692894861,0.001083206047924686,2376
5901.687658752907,24.509841198389015,824.0726707492371,47.44894352869249,59.291338521900045,70.88126222161912,82.95232917913548,95.33533362974059,-0.01574228102852558,2377
5520.717781576146,23.9694852143847,817.0416266351085,47.24416687519156,59.44176956921334,71.01918747211276,83.06915461780828,95.29817610788979,-0.0044372359551817266,2378
5773.013988418125,24.32998855589493,816.6978008450961,47.231755011117514,59.51111942196504,71.22407234716019,83.25183506453425,95.38979762762837,0.09244835688697695,2379
5673.156566652196,24.18878383230689,823.5027713625532,47.436979683520505,59.36907622524435,71.24016930141183,83.29910067732469,95.39902828791122,0.018406782076952257,2380
5290.113687798328,23.63005468340554,818.4132294681019,47.292628931456974,59.501973432143544,71.24272027900841,83.71424011740406,95.47976516700882,-0.06971158458551965,2381
5162.255301672426,23.438000175669018,814.0672521639775,47.158169935001496,59.422605919943315,71.41701763601223,84.02840002857766,95.64336241707834,0.09798397814479905,2382
4982.408035055918,23.162539122242617,811.141140429513,47.08264253350052,59.75567680606794,71.94518530682205,84.20071447852185,95.67952572182318,-0.051349217441506646,2383
4792.537422861998,22.864570286777173,819.9128081775671,47.33919091453939,60.186760722960756,72.30880796977718,84.1844952589683,95.18086754972754,-0.04138585496704325,2384
5149.043403551465,23.419249688898905,842.5245407253294,48.0110271290069,60.57090149885488,72.0431648632851,83.85231465815677,94.77767176599029,-0.03653790061138967,2385
5213.588372953462,23.51689248045299,873.2971557524485,48.90231520570657,60.76362811606168,71.65027886255142,83.49010122556511,94.70858339634601,-0.07473836010498679,2386
6027.1397763517025,24.683267448129456,848.1897790660098,48.16253931812356,59.968781815439954,71.32664459562356,83.15863570070964,94.97967171891642,-0.2213574623095288,2387
5994.617445801054,24.63802018446467,834.8041639091841,47.75541605012844,59.90557719675323,71.26045935620793,83.2376601641482,95.21559591141363,-0.06602875371187038,2388
5724.776610840886,24.261354543317793,832.5121110104144,47.69753944327288,59.811125540855905,71.21244218762686,83.64752999795459,95.74449380647533,0.27761196575361347,2389
5912.16204731143,24.52396364612826,827.3359595929725,47.55072418096038,59.886383006909895,71.3577182932703,83.74996975404338,95.73333344355312,0.04768411126898514,2390
5311.219265078289,23.661553356323065,831.6903188112661,47.681325116559854,59.72165692744606,71.5260052519737,83.81263330069399,95.87856543840765,0.01496465984459531,2391
5357.5894994069085,23.730420822510442,835.1833399683476,47.779501237628686,59.70357169510317,71.54058643973157,83.74115715112679,95.95646417254973,0.10221282705262742,2392
5385.055075997066,23.770596640760196,829.5326651823709,47.61958497183896,59.864084777186015,71.88116868283973,84.15641531111359,96.097100476329,0.08295696118548929,2393
5651.075618765538,24.15674364808507,816.9379153881441,47.24797290630811,59.88775786146874,71.99245682045671,84.63038861843125,96.18866552458528,0.19053466044672862,2394
5262.394800459791,23.588771324852218,822.0880777471432,47.41079006829649,60.28420777027338,72.32529852893319,84.74388589176863,96.09873914244753,0.1364702437788823,2395
5016.588996728032,23.2160694092282,839.1820078647143,47.916430126574454,60.521210919547265,72.7003702097088,84.51773799316071,95.82330592354204,-0.014223190966612382,2396
4819.112617048256,22.90656476014823,849.6370513661267,48.20783876067779,61.032230060916035,72.54009179359689,83.9847549558406,95.45333216809121,0.15239981010956674,2397
5577.09783004389,24.05216052592687,872.2847547430558,48.862788775380956,60.98247598970125,71.9515834840987,83.89072863777398,95.09913658212051,-0.07130947942136585,2398
5927.534103619244,24.546142918821438,865.8816663742299,48.669811519579476,60.12709905181823,71.49452140680762,83.61450114249267,95.55885792621427,0.15279883901618926,2399
6033.9104062746965,24.691627128180823,849.7386130838258,48.2069907051558,59.81618926142538,71.66765021967026,83.76270407452498,95.97996339288214,0.0753779080528714,2400
6022.138885874654,24.675565879358427,844.4057518123911,48.04284413787827,60.00402465087586,71.56263482688895,84.08147194497163,96.26509024667844,0.18013558167627286,2401
5800.3163752928385,24.368155843144773,832.2644663303793,47.68753827063737,60.28716688149896,71.86234354263507,84.22897749974784,96.2817060405147,0.0038360143082646855,2402
5676.097816789814,24.192632449138372,832.6723209937126,47.70804676312378,60.309129025763546,72.00920710524346,84.47979470483375,96.29392203358032,-0.07656476792661458,2403
5892.664258420702,24.49686553159466,844.9424237010234,48.0753915477563,60.19959717605355,72.13436131184389,84.37071768986036,96.4515205076756,0.15005211088612125,2404
5783.249294343956,24.343998877836256,842.9879983248188,48.01828399715099,60.313614549778706,71.97632739577529,84.7280335331168,96.56787516427306,0.05030207205535471,2405
5298.434199520597,23.642701957136136,832.0081473825826,47.68880018705741,60.31610205391194,72.25563582284435,84.94623663987049,96.71125081087962,-0.0492817389717278,2406
5175.6685931322945,23.458643378764563,830.7213671043864,47.66627177257652,60.68133925250076,72.89081516937061,85.17699179684278,96.63696084948377,-0.15356362430171133,2407
4879.750167436629,23.002160347251603,848.2004222088675,48.17678354634123,61.141301335577374,72.96506291161465,84.67262501538904,96.23373066307563,-0.10527524298487462,2408
5270.994799677036,23.603084287853793,875.3440592535279,48.95943970114078,61.279549604953125,72.80940791187913,84.27290845055009,95.90061535965293,-0.018317803620779848,2409
5434.052287881648,23.84412664269605,882.0472522458255,49.142553467993366,60.822710533742395,72.40002440311582,83.83492447689781,95.60554267093148,0.03568182184639621,2410
5848.763544824981,24.436479082148868,866.5317384478526,48.68718688649541,60.25620172063719,71.97274928722108,84.07712540212012,95.7891802160775,-0.11226694052899522,2411
5777.58880150418,24.336220800833832,841.4240153847209,47.94874455314115,60.26550800047028,71.8435108895563,84.36464414574974,96.30271608258518,0.08793357974385611,2412
6053.087787247085,24.717773385290307,857.1301314424484,48.419592333586294,60.41784056436631,71.90324738900443,84.60654731675656,96.65159925179289,0.01143510076537779,2413
6038.410341291062,24.697866176569036,843.4431045346956,48.01442689637562,60.460225244877776,72.03284335618257,84.62943921973952,96.70452934679408,0.008546782653049175,2414
5514.822546220732,23.960774523195617,852.3835887232552,48.284695840473695,60.57879844866334,72.29874957575964,84.72154513289422,96.61230736657811,-0.043801614915718205,2415
5934.758810706673,24.555172909443172,840.9482018058837,47.943834205235454,60.465724172952825,72.1644384632625,84.940032386294,96.82247221692342,-0.02824591991134011,2416
5932.772041343515,24.552519253389036,841.3600483986108,47.96579945385938,60.40813024829253,72.26076962348256,85.28468008105337,97.0522927630503,-0.044389604030609486,2417
5649.019724713238,24.153672513445827,834.7923275895912,47.771383995515066,60.70866178291932,72.71792241944657,85.54346899388528,97.36303878220154,0.011715177484724545,2418
5051.693771899855,23.26931443479264,843.4234837221902,48.036159088808674,60.93493470996148,73.1181731675412,85.63052722895696,96.86376750128689,0.02202130541454285,2419
5025.8168401787125,23.230209432029337,859.1845014575559,48.49626379758672,61.484473890441,73.40972578288229,85.05038889827438,96.68671980072087,-0.05528781038116881,2420
5173.370604150181,23.45583302312521,874.5823620803993,48.93716292529326,61.51346064259767,73.26378392798621,84.68625620146797,96.46560441635138,0.1805172479376882,2421
5420.523962760104,23.82419920831523,877.4594880541002,49.00973050234941,61.07499206489831,72.6165269062505,84.16127240139072,95.89130553505603,-0.04198498589157446,2422
6157.328931025353,24.859738664457815,867.5468103408259,48.71628513728231,60.548480823050255,72.19124210308394,84.50050798944271,96.36259440924567,0.08723620916133092,2423
5984.502811354563,24.624042319662326,868.302785620551,48.734965416261964,60.609949223785755,72.29475575380164,84.75672104849636,96.77184624148217,-0.14101923638492192,2424
6123.735755842961,24.813593615918233,856.0540660957868,48.37957217344591,60.562511577458395,72.36892057868985,84.90888425324094,96.9926764346614,0.016475210390471503,2425
5919.353241351992,24.534154643153236,862.4394599986895,48.575537374794,60.767465324641854,72.5959944749818,85.08907883498108,97.09989763205179,-0.1447599953887652,2426
5788.837999438955,24.352143297938536,865.2169433304975,48.66135717323119,60.66251917340513,72.59731456439363,85.21828833237701,97.1825453348811,-0.004993289634925709,2427
6075.136580987633,24.74778297408596,860.5494653035535,48.52523123054926,60.44179030333963,72.5084483199867,85.3031452620602,97.36312084071788,0.030655096793882525,2428
5890.315848369536,24.493495235508036,846.9070239888617,48.125453656649185,60.6715641485233,72.64096601916145,85.49975413409928,97.64012813620387,0.09128103798272369,2429
5352.409476814098,23.722417618107905,846.8950289790375,48.129501504838046,60.90261980105355,73.08769132710661,85.69290865201829,97.79025614890864,0.10644732600673101,2430
5102.000425483681,23.346407843676026,848.7512008736292,48.19669408614476,61.047228893564125,73.59542745743602,85.5761856206433,97.60701964703847,-0.17552483693003892,2431
5322.657940002334,23.679517699291363,872.1547927735287,48.87454142323445,61.699102861429814,73.6047889444412,85.39409592469279,97.20861172052776,0.06187149844245802,2432
5484.04905421564,23.917241017826623,876.040852316603,48.96965902785448,61.77366782698741,73.45638935348296,84.74171008036448,96.89346294010154,-0.011500715370273163,2433
5689.364450565095,24.212397798241994,886.5981984308419,49.26549468042596,61.370414113325836,73.14858450989854,84.39239289610917,96.70844644590092,0.1821049994847682,2434
5877.448885688762,24.476014210806035,901.2944585973162,49.68753145976696,60.739025897661804,72.58049326109034,84.59187050717826,96.8141225284463,0.04758485710704116,2435
6399.970140719985,25.182029269022912,862.1724251110886,48.54941588095438,60.284157650561504,72.54894972568661,85.03955061309838,97.39689967093324,-0.002859144789927242,2436
6020.619777829782,24.6729290630295,858.790633757692,48.45729414105677,60.86410831983428,72.80823816487211,85.36925376095871,97.70647279713633,0.2465858757153896,2437
5790.3431045552825,24.35392639596212,870.2044087200059,48.79314843220949,61.09836006811741,72.91320338926857,85.29943713816076,97.77064669764566,-0.01703207209798789,2438
5861.829226295049,24.45383868989156,869.8086563526607,48.79185922711675,61.071965143434475,73.08124079052568,85.21451562175352,97.70971601846084,0.01166185023038663,2439
5912.843738164988,24.52501328090166,857.8295817903194,48.43467736728371,60.85718382475463,72.95295152914865,85.23242867312392,97.86682895974587,-0.0039271618459774905,2440
5893.643812326325,24.4983079240644,848.308984184254,48.15725916325758,60.950485248440465,72.95491124507075,85.766808320024,98.00402211160535,0.05841371010552137,2441
5807.049270995417,24.37764022740735,856.9532751451259,48.41899684487977,61.265426110045354,73.40092152995823,86.09551361481728,98.26896765979862,0.01712727615456816,2442
5646.872354102711,24.150951221052775,854.79892347605,48.364039001511706,61.48524344681833,73.68439943778604,86.00020397606019,98.0973679653932,-0.0067659673619247275,2443
5117.657585222544,23.370941711814062,875.3453513974562,48.960388252187855,61.99108821849405,74.02192772355511,85.80076609350374,97.78116056318387,-0.1070004186831552,2444
5287.680083035728,23.62773500620408,888.2850254142654,49.327792074999614,61.90963764727653,73.65624760698633,85.1941319743688,97.2249072854688,-0.0355224530897812,2445
5928.912616638994,24.548065424590014,892.514270047197,49.42499340308837,61.44822858841094,73.58298596161433,84.91006832991128,97.10626619288817,0.12752445270824717,2446
6236.702351882679,24.96604042642503,898.1305538508439,49.58844217259535,61.01684242199975,72.8558987270885,84.71395931780464,97.38678352128419,-0.04072539239683281,2447
6371.370088685519,25.144336841071336,880.3987678327561,49.08074228495147,60.74551409571161,72.97172618427321,85.20929521318364,97.61998912407809,0.004476342093379627,2448
6248.723961769569,24.981543326721297,880.4248835981896,49.087098325451564,60.82484055388833,73.22325141578504,85.53555490436918,98.00133424124701,0.009146893532197315,2449
6116.060784799268,24.803353355944058,872.5284405943707,48.86420655254226,60.85665418992052,73.2746196376428,85.71865663174302,98.17676986604981,-0.11178021753048291,2450
6141.417520618462,24.83746157192312,875.7891039767603,48.96480862803308,61.182263115553106,73.33631670307209,85.60891360517851,98.22050890342996,0.09001632676405831,2451
5944.385991737645,24.568308533198906,876.1617531767237,48.969341551973926,61.010464989446774,73.3705140720791,85.6646261082671,98.32850815321675,0.03022197426936417,2452
6116.053299369293,24.80300918415884,860.5328533120438,48.51423817000371,61.2114744206493,73.38002588900902,85.76915329018375,98.44462898945174,-0.20603352460383695,2453
5954.010724595018,24.58165525498566,867.8703581816902,48.7414351235613,61.40277561328697,73.80091019047686,86.27792777574732,98.84400277892537,-0.019907166159309788,2454
5490.519501741025,23.92577700389456,874.802968509922,48.94488881509841,61.78499751527333,74.16084422604898,86.35573045561057,98.5112686504771,0.1739973801410464,2455
5158.633519646244,23.432927999756377,873.7862663328484,48.91424625058281,61.85889668152019,74.2992021910993,86.09600625501781,98.14188406804243,0.1738976876293986,2456
5673.2550021339575,24.189687267366413,896.0492010306991,49.54589172860052,62.17640688728705,73.99228948243983,85.67021615100349,97.71035055864316,-0.14819067230978306,2457
5955.0069009874105,24.58437343281221,907.6738652492446,49.863369889847014,61.684952003814644,73.71706253822974,85.29601842819771,97.55870715000931,-0.10177214269522049,2458
6042.388922008418,24.703380081851716,900.4971741994918,49.652769391722,61.252110070465164,73.34567671276463,84.85902978253579,97.85137133042541,-0.016096190319500648,2459
6624.647421684895,25.47364768405871,889.074106076801,49.32005889263837,61.01529415953552,73.22492808555324,85.45717861606792,98.26647378905292,-0.03224067375218164,2460
6466.682021108139,25.268987565059494,870.5507772096001,48.79017086741845,60.955059970389506,73.43584749601574,85.81257421905953,98.80046020808993,-0.018056115336629774,2461
5974.199460171678,24.609371467790663,883.1776236677313,49.165725817917036,61.103745071718805,73.5844107178765,85.84597481004289,98.77503078067289,0.11595531083185424,2462
6059.185081361024,24.725826818825876,876.6087920665389,48.985204183965514,61.164970153985834,73.89901492234422,85.92152957636688,98.80789214998465,-0.02977469241094995,2463
6242.0226587199,24.972319406128644,866.2454863789759,48.678717893512065,61.384948506054265,73.73768605340045,86.08064578219584,98.83395136588408,0.21280761372011814,2464
6119.154246176034,24.807354738905644,869.1831942559535,48.76356495825597,61.32001200089555,73.89268345387843,86.28036079148616,98.95570619805552,-0.15183900530381533,2465
6004.638696213063,24.651075355618048,861.8022458003039,48.55278505236771,61.6221598045458,74.00068865962527,86.26909179824688,99.24308989980923,0.20974040781763614,2466
5776.225751546835,24.334629088873335,878.7763197134103,49.05934855155488,62.07591068571611,74.52139773686623,86.60625853475338,99.0368261639665,0.0006761061388356531,2467
5280.7826071640375,23.61693082534577,893.9072440241818,49.49574223904966,62.159566932779946,74.72649678785528,86.51312310981277,98.69358282045569,-0.1811683534504736,2468
5736.916203004,24.279964126988695,909.8595978667785,49.933919876270046,62.14321908503991,74.69061468496815,86.2196086093603,98.27998302657448,-0.0003931439609975824,2469
6160.262619548858,24.863752673793186,919.1840646841086,50.185516530893,61.91383868855028,74.3391823554913,85.88708963203084,98.03245863087203,0.11992062674084142,2470
6075.306466295798,24.748063348360233,905.7185699242085,49.79634747439232,61.52302468327446,73.70075832735519,85.46861299415349,98.39530455807689,0.21442026772186715,2471
6625.613335384307,25.47468104999586,907.859415917012,49.85510434265944,61.19652161543768,73.5382791491224,85.51569275491498,98.77666859125821,0.194181822040145,2472
6430.901125090209,25.222300955002712,888.7365844017162,49.31888299709408,61.03207395650293,73.86857127906046,85.98698907913818,99.13438437945071,-0.021713309215251053,2473
6416.442813001092,25.203305604411426,878.0602696462336,49.0138846156233,61.31282475767421,73.96384593925248,86.09425919194096,99.04321685365318,0.15627617502434607,2474
6266.328980458992,25.004874899482132,889.9352876427478,49.360921349088414,61.495714688643375,74.0086694000674,86.26496243864352,99.11976788451172,0.0278425070350371,2475
6282.887046697675,25.026895603338996,896.031910777388,49.54385242924419,61.34084200027758,73.85773703947075,86.44922822767704,99.23033608865822,-0.06415284427359669,2476
6207.226610882633,24.925990364508795,875.3228455448981,48.94427977328113,61.315339203976905,74.23953793356728,86.50846451287143,99.45605432782399,-0.14543324302624921,2477
5742.307431687322,24.28607918810348,882.375577032265,49.156894771700664,61.8030055031679,74.58510051089475,87.00763867475355,99.56960544878255,-0.0030751783863223487,2478
5655.929430489091,24.164000466692347,886.6762929827951,49.28605951224511,61.8949237404446,74.77815366132769,87.2643344611624,99.3224543927647,-0.1602236407838204,2479
5541.733220217345,24.000461115582517,889.8331706680084,49.37178553218496,62.409490465075834,74.9833460259594,87.21987265020813,99.20451213592766,-0.07984686791721995,2480
5862.632362203256,24.456466851495335,928.5752081085194,50.464462829455364,62.50136906281453,74.89016963829464,86.91326907012147,98.71055118954175,-0.021753848851394683,2481
6176.6480818890905,24.88584540339814,921.5593854697364,50.251208306352346,62.41427578907219,74.65447144713632,86.23778517466486,98.38707050466635,-0.024576680857540927,2482
6567.808275301647,25.40070568050699,913.9270877064176,50.02369265731366,61.99656391526733,74.00597425627066,86.01681485568407,98.71741706922623,0.07153174901793481,2483
6625.211940975608,25.474339738938912,912.2890331874555,49.977587420428925,61.27874702069682,74.10624193988787,85.96214333984568,99.26671305836388,-0.09524665646324092,2484
6627.00084462813,25.47649677275832,906.7005907889154,49.834055674466335,61.43927278591914,74.17897579725678,86.54779575352717,99.40189727964727,-0.10484151416241726,2485
6158.696348039846,24.860393106154923,896.971131050045,49.562110887974875,61.394873543720855,74.38252117459163,86.73563773005328,99.48676497813459,-0.016996000108804355,2486
6561.429103146591,25.391939655063855,899.542159234948,49.638152173196474,61.54257089478002,74.63158972012681,86.73744465873496,99.70954887492036,0.0668706620305299,2487
6252.7878513740525,24.98684449126257,893.8236967463481,49.47486376098875,61.68068955724554,74.38175556674527,86.94862248001947,99.81075984584169,-0.031157842696879184,2488
6465.191445812774,25.26706674301059,886.593804848386,49.26515221585029,61.65439087880491,74.50995973042569,87.11770295667017,99.93432306921237,-0.002893426288513256,2489
5765.588504445514,24.318836781744967,884.16498204803,49.208748570680235,61.84835048100037,75.02595837792965,87.19147382874834,100.16662450654486,-0.1409014086056761,2490
5805.725780736495,24.375833126751555,892.2542381819162,49.437407592594965,62.32211178261215,75.23013126039886,87.81830404700789,100.01465788620852,-0.1326914170992258,2491
5796.060560951589,24.362833431543958,902.5635541236152,49.73447287091723,62.56240022190297,75.44203469666675,87.73246108065685,99.60935753664049,-0.06353271325314107,2492
5770.870846748051,24.327606513500474,919.030871537909,50.18361804539207,62.68074466328928,75.37724586746793,87.38724078260643,99.18850686049758,-0.05797526668094674,2493
5889.887180922639,24.493797334020165,942.4883169917811,50.83380521135759,62.37198763917121,74.85768420923438,87.09920717455833,98.96888121165462,0.007321895306977202,2494
6356.750183751215,25.125471040895707,927.1457173126307,50.39401297171896,62.60013904335621,74.34795323475807,86.72135299717739,99.2442396368695,-0.007148283664910233,2495
6446.167592539105,25.24242666959497,908.5187597867925,49.867177195730676,61.73862269484662,74.21123780053513,86.66036151674186,99.57381549881495,-0.10565776549858757,2496
6710.630483482675,25.583233935230524,908.6777472640206,49.880544221677695,61.544205744229245,74.4572116865935,86.9908972244967,99.99004820073553,-0.1597991360191342,2497
6649.132713732938,25.50500460530806,893.3336460618831,49.44983702061208,61.69420623473617,74.62929218054364,86.93752394645993,100.16492206562639,0.09249707194042878,2498
6706.111357995733,25.577765322815967,905.1322188068184,49.792016897764874,61.888601685074946,74.86770593819021,87.30828102441134,100.16654999810136,0.08045980620611512,2499
6632.543647525992,25.483614804520297,900.8862202579708,49.670539222391305,61.918803240773265,74.71070233983468,87.7161616662156,100.20142168537805,0.14382466069308905,2500
6526.199178041416,25.346457837577816,892.0584107552853,49.42451542947198,61.83264051643504,74.62357505818561,87.60517691442023,100.61112742598225,-0.27968301573124216,2501
6205.520928197263,24.923358361320105,895.0218211810944,49.516868352589256,62.02972311580154,75.3498986125496,88.0212220609915,100.66241689594895,0.1202594230762175,2502
5703.581036575207,24.231237288131112,900.2635555067882,49.67479376792031,62.46175138329791,75.61013481901497,88.49043187678421,100.59943784584769,0.06344248316912947,2503
5825.420762330798,24.403740350332516,909.7132339459278,49.93508168916195,62.88031380408174,75.69675975422591,88.50637308982857,100.15429459804605,-0.11745899960844403,2504
6032.787259337452,24.690719550948756,940.1558839444804,50.780904662511766,62.86912436312056,75.6462310903011,87.94140194933463,99.61941432493116,-0.011212102039942726,2505
6352.414062600473,25.119960858775954,937.3219967718036,50.68254944579367,63.06131540423515,75.2741534493563,87.43972583217374,99.4765429188075,0.02409788995417569,2506
6730.4430231967235,25.60909053225011,935.8998498732491,50.635060225905704,62.566345172126105,74.92393500338909,87.18031058505291,99.6462260115619,-0.017051810324470135,2507
6862.977465283187,25.77605430541428,934.6367218359726,50.61438912035803,62.365701501342464,74.74871871377077,86.99046672519106,100.1607358502395,0.049116308520945146,2508
6337.691852510523,25.099209172144615,913.1301911414996,50.009144351226865,62.06531898859658,74.85977535865506,87.50918806171003,100.5125150122871,-0.10784194596445454,2509
6727.651181838221,25.604850792214528,912.5446752623524,49.998647525601854,62.01103153462016,75.29768081804825,87.79729055488178,100.71328992930947,0.021928499296717478,2510
6671.212738883164,25.53328835427513,909.3688939756066,49.912554707740874,62.03730820781642,75.13930178335454,88.03246031001196,100.50633891240444,-0.2947413065987675,2511
6674.246977427025,25.536788027172783,918.256613801349,50.16131989280395,62.11024187093062,75.25002541881125,88.04897950327337,100.8820902837375,0.050036420785379725,2512
6459.294228744452,25.25923892030182,909.8340738276119,49.92386860554214,62.044313491009824,75.12533639607138,88.28326223671488,100.86256451509217,0.0106652042269184,2513
6318.713636647942,25.074625620609698,901.7432875766187,49.70551925408795,62.1674618246743,75.58010784280843,88.5354192576521,101.11932304697879,0.02017694193317796,2514
6034.020961781815,24.69132918730678,913.4619035584243,50.04252873160924,62.687186785228185,75.9464789994112,88.84590663935502,101.11814135326794,0.0823568383399856,2515
5856.946044735696,24.448033688715988,925.145848122428,50.366972475348334,62.95485716079278,76.28765589845524,88.99946259476424,100.8210118054044,-0.06697401321390095,2516
6248.826022227464,24.9828483510634,932.9055540575831,50.57494150020812,63.25125853249015,76.1482250053354,88.35822666453679,100.148856919368,0.03576279264154971,2517
6561.925123844374,25.39348355116858,949.9060837361639,51.032847362418146,63.33443590723423,75.67700966225142,87.97276205920502,99.80586059340219,-0.04976718518504047,2518
6733.20153779034,25.612452979412524,949.8206116356106,51.02873369051953,63.09320945514515,75.15319910095265,87.91086099077968,99.91047888919988,-0.01299628614739487,2519
6867.4667451713985,25.781296265200787,924.3912724662118,50.31490372593944,62.70549561784804,74.9699203191855,87.8826082367791,100.57607242623122,0.036406418946306925,2520
6893.031171384783,25.813217495055355,914.7455889388102,50.0491480275847,62.322023449591384,75.28503244122723,88.02797624916236,100.96997274786695,0.029528621360115206,2521
6322.933742543786,25.079896972846253,931.8371216464562,50.542980372202805,62.39490814546166,75.32408176449196,88.16013687019345,100.87723460580695,-0.04059435260331593,2522
6541.941573211471,25.36649134420459,923.4729725158941,50.309057369900145,62.775355029817476,75.70082705728582,88.68575408597198,101.01332601669523,0.13607830986511768,2523
6499.551646215659,25.31147415518443,917.9342026773459,50.15090329788196,62.562292939846536,75.44865493841985,88.65715844868795,101.06858397608697,-0.06507759057903191,2524
6508.430207632609,25.322957072696433,900.4552275602723,49.64575866976633,62.48753724152469,75.74023373067136,88.71655128844324,101.46398735039519,0.020855928185472123,2525
6396.008491947034,25.17642386740457,917.4637338193443,50.15158614956591,62.612726703774726,75.85752036209418,89.21061333307436,101.56700716164747,0.007756172481588772,2526
6326.85255641384,25.085713683804098,923.9353739404455,50.33522513965578,62.89936444420877,76.45521183009383,89.36467813997335,101.48104024070622,-0.05245905503020182,2527
5982.714308437913,24.621801112777295,944.2015023639916,50.90325035762535,63.379951112294535,76.68274693819382,89.20861299341767,101.2092840936166,0.16563669714191442,2528
6097.1281206213425,24.778241710648125,946.4004283786669,50.954746868222706,63.989757960625525,76.31821458171316,88.78710777906264,100.69578592332769,-0.005136778900174049,2529
6315.52525639075,25.071224114922906,950.6872102774009,51.05481048240264,63.84179311443094,75.96694472857736,88.39622049478028,100.42162824234339,-0.0012216878977847258,2530
6603.268089161925,25.446231162467072,951.1073084117359,51.05796030722456,63.378761063352755,75.56031362338199,88.28586168004207,100.60759359893846,-0.13790824212346356,2531
6590.252341418591,25.429177572028266,946.3140665377196,50.924913044837666,63.20492157894284,75.48224214221997,88.37867434297276,101.08780962580799,-0.222039688644412,2532
6796.319103812303,25.691775825548216,932.6679315661362,50.55293660338528,63.061559511175766,75.61543019373607,88.5800788063812,101.4282117938949,-0.02425167693359833,2533
6864.797601842237,25.777965995555263,921.9459621143872,50.255571556008896,62.796272915312926,75.67920312378502,88.93293546752145,101.55875920193941,0.13603929215566574,2534
6803.723860155202,25.701027956458844,940.9929072653447,50.79439858774702,62.81233273402655,76.05796452956447,89.09439706358141,101.73268296843054,0.046249211789998156,2535
6808.791001189456,25.70763651408652,926.9426045377253,50.402651812355145,62.7877451966471,75.8664822145842,89.16857951870955,101.72356890717447,-0.10848782331087697,2536
6344.396367320617,25.108101710110795,933.6131106781535,50.59940341812393,62.75725209306965,75.89093287015106,89.36218317323545,101.86516446337001,0.0714341252761957,2537
6499.095426123196,25.310963842228563,924.4433299085734,50.34456234910546,62.996866291186485,76.3039485414824,89.66990489217388,102.0845532598334,0.050921479681785176,2538
6389.949867174859,25.168730759849385,938.7019250851145,50.75225090618718,63.303763889315135,76.7466342056316,89.78699034355131,102.13031848019851,-0.01897348979997314,2539
5880.103328346516,24.47974276332822,944.7404264687652,50.9101924553271,64.03987384871382,76.90472850245253,89.37926034501875,101.65910254368472,0.2501345229646403,2540
6284.138372963438,25.029689774766425,953.7001925065941,51.14909330514026,64.23570589265152,76.63806895796515,89.16006502995577,101.00782680196451,-0.021073317578293685,2541
6618.57338476475,25.46643032049097,980.3532979625883,51.87428054263977,64.11358726240627,76.36340259355462,88.48472681812454,100.89585579156609,0.05225169183566184,2542
6964.598827178382,25.903060653577896,971.4518169611746,51.621047549409006,64.16360743733352,75.80467472839952,88.62399674306369,101.04993975026788,-0.11384933300603813,2543
6815.611991609741,25.716101167535513,939.6306093719234,50.73786854460911,63.796266162097275,76.0298399417054,88.93105862845698,101.60759172746998,-0.04460904535118868,2544
6884.098181464485,25.801993966063588,945.0631910573574,50.903946153891425,63.03341609448769,75.87151527578189,89.08366805185938,101.82627120512652,-0.09335860707017114,2545
6989.576080091068,25.933577846335485,945.6256396305808,50.925298128021396,63.44327445142219,76.27274411603038,89.26287681097786,101.98600253569855,-0.14488297727144503,2546
6897.66745683106,25.81926918685314,944.5491691457627,50.8948949255555,63.39522889418078,76.33032375507676,89.55892753251337,102.19008470677986,-0.010682723592459961,2547
6952.021406275754,25.88670667897853,935.9238334775995,50.65526258388802,63.139619171102375,76.29640466346493,89.57196099049618,102.25263321198257,0.030398295055210668,2548
6579.442264849861,25.41473752592885,921.0806687430423,50.23436013111673,63.19491150628196,76.38663522821963,89.63441846969687,102.26302543257381,0.03585975259848231,2549
6910.477001142534,25.83505937758124,935.8328929171862,50.65961841272973,63.151012521156474,76.7928424280878,90.02867231793803,102.50744696791995,-0.08838418217670303,2550
6187.465627494708,24.899525400523455,941.1213431043722,50.80941818243597,63.60759684296651,77.14566696658366,89.98476142032634,102.32545883650913,-0.0059167013733695435,2551
6228.567707522748,24.954581048819588,947.7893909125315,50.99410392119124,64.21334924670077,77.41201991085072,89.75723639299319,102.26776474336265,0.21778478526726103,2552
6224.676336181894,24.950210030482644,975.4150865594966,51.749384266496946,64.56232701076772,77.17193064430887,89.1725535959236,101.57019689488406,-0.14065380666233038,2553
6507.459215952261,25.322835326412694,981.4351081731375,51.89900987475634,64.79830696686957,76.73827467620596,89.03148294737213,101.3010519958854,-0.006836114582489585,2554
7059.330516497683,26.01980946022044,978.781748326733,51.81612744407185,64.3868712690979,76.36924676441741,89.07003821449702,101.53885457266983,0.06210645845728949,2555
6808.899053574028,25.707513471801008,967.5111472856239,51.51013367127715,64.05454745069879,76.24837968824849,89.14310056342512,102.00972721088296,0.04832609980829666,2556
6875.9740362932,25.791843657181314,964.0633176962652,51.424021187982525,63.92998545217019,76.37864876190751,89.83989160763215,102.38298909150133,-0.019753513915045626,2557
6920.255981544611,25.847033256111683,948.6041948983531,51.00105877223629,63.97941520910481,76.37182644369668,89.86544379503778,102.29356459213405,-0.04525518582273461,2558
7151.487357797402,26.13248744182147,952.0906993705684,51.097529290683646,63.62820774876767,76.68561221523656,89.76707966997795,102.5762180373289,0.12094423599364289,2559
6986.202218951889,25.92927975378813,951.4477163386106,51.08581902584741,63.72674081536131,76.71538868481431,89.87159642930996,102.61407219448674,0.04045176882347607,2560
6622.3498073983665,25.469813587859353,944.4884889992753,50.89415405120706,63.80366286491968,76.70130698096095,89.95268890587855,102.94901970715526,0.03720242412023667,2561
6867.414141936399,25.780868004150133,930.2091709727301,50.496937585528684,63.56687144923361,77.14318815688846,90.25704394467796,103.05682737215703,0.16107310946036024,2562
6323.93317523857,25.081254006009058,935.2452545396261,50.64242005842474,63.977538747844704,77.40833493592945,90.21939888052736,102.87467028314292,-0.09425285579472742,2563
6020.742412488895,24.673609051883307,966.505733930526,51.509729858711275,64.49453749386132,77.80302421512788,89.8863630188355,102.51717558449666,0.028868014480945444,2564
6198.140335748224,24.914192097706195,987.1769060593435,52.07294092443807,65.26790470059188,77.65575020781647,89.46588904110496,102.26209437224536,0.08955505301305933,2565
6438.024701340069,25.232465070006295,987.424733333578,52.05592279233316,65.06660891651623,77.13891742045888,89.05995188162039,101.89666768547485,-0.07752631301322105,2566
6927.323654942662,25.856428781151955,974.0461300745333,51.680670842961085,64.76649419464646,76.72651029617816,89.3080505466733,102.28944840914848,0.1840371924427865,2567
7237.680158571974,26.23716032305853,961.7529109110726,51.346095775469756,64.17907387293842,76.38642924541756,89.65492566830044,102.47257770197443,-0.10692291724792183,2568
7199.2278437268,26.190596298387252,962.9524953031708,51.38746396783946,64.05958668543458,76.72595411639146,90.11426372787164,102.82500101310217,0.0461532484257878,2569
6743.233053851471,25.624118063884392,944.2391275311278,50.8740152183251,64.34633226210003,76.90958615769343,89.83245412900625,103.08944410693307,0.07501577462616738,2570
6991.80799229739,25.93582623305343,960.5878307655463,51.32968402923129,63.88388630754576,77.1834905179311,90.0687525249353,102.96816822719084,0.11209470441569619,2571
7069.894020486259,26.032511119479327,960.1578416762669,51.31822799849865,64.11018087883654,77.0311877247917,89.90150721946517,102.96603455314991,-0.047266830028352164,2572
6945.4798264159535,25.87834503930297,961.2687112421837,51.35324210288669,64.11333143589778,77.09310529700375,90.20048845938013,103.4207133479531,0.03489708595380674,2573
6829.565673292508,25.73361127543425,937.1274160212143,50.68899919814785,64.27710737446205,77.6338813481535,90.58612442241272,103.52162533831289,-0.04125983717926989,2574
6542.09888545905,25.36683087059015,943.3046041818075,50.866338890800286,64.26293507563636,77.76809118636712,90.5103883547052,103.46791565659127,0.06651006952212377,2575
6121.314229952715,24.81029339457385,960.2984300437904,51.331389571288,64.89552746835552,78.03171356525242,90.32839972047041,102.84600926539582,0.1837151486322045,2576
6500.239319242074,25.313615277392003,970.7071227265828,51.610677779634834,65.47940135168267,77.74403571330814,89.88892474126766,102.38553871436488,-0.0737511979412805,2577
6578.999462477567,25.41528740008903,999.3339103727801,52.37686692357969,65.318364715878,77.48020339770474,89.50537857882053,102.44431767140208,0.026109907196320517,2578
6951.079311768171,25.886009324397772,997.5961558982061,52.32034406194527,64.71519809472146,76.92015527478408,89.27861417331228,102.6370055142214,-0.033304779270025175,2579
7519.804573389901,26.57438694058524,981.0648557897796,51.874382083882125,64.63107479174396,76.95870286365998,89.84631055807927,102.93273513145873,0.027815914385551106,2580
7480.839554692437,26.528187284317802,968.2455353619707,51.52984710368745,64.45624224987932,77.02983750710827,90.1725988668453,103.53317608159085,-0.03441353636202599,2581
7274.113798636354,26.281140666331357,969.2584856406718,51.56589569334183,64.58186328677428,77.27192256611393,90.38688641096022,103.58323829992526,-0.028738616294741906,2582
7334.475212165455,26.353687204553918,963.2778541383722,51.39909697787873,64.72421185943627,77.31831695335906,90.34277457655925,103.58550934933135,0.09774280623608239,2583
6741.854093563896,25.622318599036465,957.7560213024342,51.24418955947961,64.49934548807396,77.16197821625686,90.2509457735083,103.62411840201278,0.10956236560040365,2584
7136.505638204038,26.11403563278903,954.8484305992248,51.16601464226644,64.40910160959723,77.47965305436217,90.54653026136663,103.77203860899992,-0.09744208211297134,2585
6509.112351199222,25.323673376084187,947.9041114204383,50.98489504955876,64.34377419928191,77.85134605620262,90.8361816207819,104.18098142652816,0.04610690275555554,2586
6548.558078775964,25.375255356199357,968.7342209703183,51.5670706703122,64.86075405764302,78.1403189646402,90.87286396030322,103.79225397826983,0.010863398129714883,2587
6734.208891160256,25.614021414761368,978.073812583961,51.81791791493036,65.56040698996036,78.2732520394911,90.75634658010982,103.24638978998136,-0.0006084392609129029,2588
6432.724386202384,25.225505894708053,1004.4057033412138,52.530020775025385,65.85709014070856,78.08014249809756,90.32099153473474,103.01618643035614,-0.1315862876362464,2589
7109.287728013275,26.081606939851497,992.5472568404646,52.192151313870845,65.8018258355256,77.77023644387826,89.803615263844,102.93752367214566,-0.021226024900341672,2590
7545.065056301612,26.604633529295928,1001.0714501982832,52.41545309450977,65.29161713512889,77.16149865252552,89.73977520360569,103.28774711303399,0.04148008736459948,2591
7762.71186866713,26.85778357112193,975.2446244864254,51.710442636546006,65.00702264995937,77.22182572467352,90.09971452642839,103.64442121380871,0.1350318063587542,2592
7110.755344107887,26.082374658460708,972.7837183397631,51.658854285128726,64.88052622465497,77.29083884638968,90.34058753487622,103.8650642311367,0.06479098131417899,2593
7614.747673553508,26.685637831091654,971.7204830127727,51.62474074688221,64.7792930203139,77.58053354984685,90.67884129703717,103.91932024275022,-0.11991081252397105,2594
6961.080551116117,25.897903915621256,978.909036750993,51.82136234231261,64.98587683972674,77.55801338861643,90.57391844819087,104.02739742544908,-0.10053583901986916,2595
7016.039021330197,25.965867754761206,963.3654201987362,51.39812238243964,64.99311020984852,77.70134850058396,90.45496774198774,103.92569970146909,0.04916744303068467,2596
7025.062403123833,25.9768481835533,965.0654060177326,51.45060849165452,64.69364652924584,77.63106581576248,90.84322111690186,104.35749273605408,0.005981178619117833,2597
7141.243078298771,26.11968179965288,978.1635051907526,51.81751840226289,65.04522820947108,78.05215275615777,91.25018534038425,104.39005612090764,-0.11097254057965994,2598
6469.928492066723,25.273243242502417,971.3357091650743,51.634584049396366,65.44747865875513,78.63234709063107,91.28977779436151,104.56120078233776,-0.05222380165853108,2599
6190.266674604733,24.903530311582113,979.3465626734558,51.84833780827427,66.0248955472124,78.68815944774754,91.09228541326726,104.0386709036344,-0.020450255642254216,2600
6522.149845703607,25.34183171078553,999.5193388264992,52.39510034378341,66.02350923089548,78.38703380705377,90.80633025177892,103.69186305872259,-0.014722177787598443,2601
6876.634589088682,25.79359215598945,1010.2906270324632,52.6709483661978,65.81411212112008,78.13849195342513,90.23611463628762,103.38415656194763,-0.0032271226614943613,2602
7250.160722652024,26.25236534902013,997.6619464553363,52.32010549534987,65.31551267123744,77.71766441220299,90.41186497628895,103.51628696163665,-0.0533204586491409,2603
7698.915545377312,26.78379512784719,997.5812419232223,52.31999192943553,65.22088099784091,77.56933569718592,90.23286502233258,104.08532478326025,0.03360395309800265,2604
7512.0944723730245,26.56488585443853,972.0979107528824,51.63515637612536,65.24467901561694,77.69685976935335,90.65980976214334,104.41587514937936,-0.015108327733834576,2605
7316.782368495255,26.332410244050276,978.5518528638642,51.80782384265529,65.1665250518694,77.94123827885532,91.04692539389916,104.41298811851495,0.1283591014465188,2606
7118.25977910761,26.091462041292598,996.6869135641041,52.30796458490652,65.3683591840915,78.20137932678743,90.97637294964063,104.58216210809088,0.24576686688304605,2607
7660.155907194013,26.738564584906683,988.4922220247263,52.08421898065054,65.2962746901374,78.09632349970668,90.94117747002369,104.57274577922121,-0.0020210085841063947,2608
7383.557649759245,26.41225649706485,965.4940996703848,51.454804811855745,65.4479291063943,78.06293074707737,91.32677481448776,104.81631148608699,-0.020725189041459414,2609
7238.2415215288975,26.23762320782295,988.1068681889806,52.091170961721666,65.37803772987562,78.33249967201041,91.3728728188686,104.97547814480437,-0.13029128736478254,2610
6777.082786431043,25.667577103508375,982.0444087762528,51.92004475479498,65.67052813868297,78.92942108895211,91.71481903881532,104.94126951295502,-0.009151869511147872,2611
6475.617533160368,25.28101573883034,984.5706953338504,51.98922307599777,66.24370220704132,78.93887885789349,91.8916998070566,104.67180138794134,0.19078452009644753,2612
6903.288479010829,25.827219073095605,1010.4244033509173,52.68570191178643,66.54438238487052,78.8883060200149,91.19157218550566,103.92720418192987,-0.22626132437255528,2613
6994.486640173118,25.940232350744786,1036.604356402726,53.374183617147985,66.09641485172071,78.45006268909184,90.95195183920858,103.73877067103678,0.018565792299237056,2614
7638.819279540717,26.71422508924932,1019.8250726907795,52.91731122605718,65.22817520644381,78.14400357796309,90.61232684787313,104.0326659562203,0.02232564188933462,2615
7465.337228636082,26.509491806167933,1001.2752633642301,52.42013019498139,65.23120921214105,77.89287568559138,90.98683230680986,104.60027957367497,-0.03639819253226229,2616
7870.267834715801,26.98113144243808,987.8172625649061,52.06024555777417,65.36121835654573,78.16876516551345,91.17848932510645,104.84795648460144,0.06861572938052027,2617
7324.1687829861785,26.341162085151275,994.187036331665,52.232858624791604,65.56220143922337,78.3972703395008,91.24301062138696,105.08423727159814,-0.01866666193776735,2618
7277.582218122294,26.2851227491201,982.6781725992278,51.92140636961203,65.54518710518758,78.42409684371427,91.244294249026,104.86369893064517,-0.001537250106218009,2619
7328.405347712149,26.34619248342902,998.8066907048124,52.36144231354129,65.66731502498297,78.36198667918664,91.66910715528329,105.16855974067667,0.17382953518084499,2620
7170.389433648674,26.155391670831115,978.1166109412878,51.807198596138655,65.4013781382066,78.4227956158718,91.45574589704606,105.10935253083969,-0.22317340032225885,2621
7068.1048148384125,26.029857566011035,987.7183546651014,52.0745373387409,65.80048323603647,78.87193102278665,92.07692546496375,105.37344332599831,-0.012775082265388158,2622
6659.161449059882,25.517448395493744,988.1036954326728,52.087937232509084,66.13825446228921,79.23403876204014,92.40784965203257,105.35194981883315,0.08250690960820549,2623
6721.172015141803,25.59736514867583,1015.0237860479116,52.809994466602895,66.50157962502925,79.5325090548418,92.41879095610066,104.69674875834922,0.03893727581224143,2624
6566.477805252026,25.399129351010014,1030.009884519111,53.209660716336934,66.46316185090022,79.29066840647008,92.05441464972759,104.39522363613843,-0.14098843665573088,2625
7218.645222919485,26.214721907080822,1032.7569808573355,53.264124117230224,66.06357200050223,78.85303396907646,91.35667493450443,104.34217586166359,0.03411344435019647,2626
7783.182374779005,26.881916059326795,1015.1295488298291,52.786292296533055,65.5759464210969,78.65365084963915,91.24293111608759,104.69469534476241,0.1352383099229667,2627
7417.229179919362,26.452370137535702,1008.8611846441597,52.61686347990554,65.58600132758959,78.23202377294068,91.29303711024413,104.95474849173416,-0.0652380809991386,2628
7899.8573281636645,27.014990767840057,1000.8824791157131,52.413259793556286,65.51058384007902,78.34935407137127,91.64138249783424,105.1835617380018,-0.10906429742593447,2629
7740.940740629141,26.832339546195467,1000.2305187764373,52.39147429594542,65.60602361967081,78.58580549790948,91.59361950990298,105.3609929642316,-0.0018638133518672471,2630
7415.080517576556,26.449633666055213,1009.2247554712625,52.6401972484002,65.81685934393556,78.65084403507919,92.01237445303613,105.457565724132,0.08762325733472291,2631
7538.230385687932,26.59585189665297,1004.9793503856034,52.52481256008717,65.77192397315575,78.71085378627471,91.9669578434388,105.71617300715135,0.05617743804950526,2632
7699.703088926368,26.784359399277847,1002.8660961860264,52.465330002004144,65.68676181382891,78.85069143165633,92.08786544156382,105.90142556306085,0.02613849258469806,2633
7027.850499976634,25.980084679855743,986.3522863388004,52.029836190876814,65.88066566178647,79.0948160481667,92.67851610357513,105.79275489372748,0.08701989943165302,2634
6828.24758059857,25.732106015594145,1006.9040300919908,52.59163032827944,66.42522024678668,79.71790841141666,93.04266363915158,105.49162854349909,-0.17569336953291947,2635
6451.91160230694,25.249769401639295,1020.6576949681041,52.953544272528475,66.611416926161,79.82444661526827,93.06705961282202,105.37410268215258,0.09558502353395432,2636
7265.37669738255,26.271404817822646,1043.1618176474208,53.55534361589005,66.61713794135957,79.6732284124973,92.69892561622876,104.96454125615834,0.05797991764666073,2637
7263.010650303553,26.2684279146512,1047.1585138071803,53.64935104176841,66.17911075986689,79.23048266927502,92.07590471799372,104.8052792122651,-0.0700153526085253,2638
7396.667659082398,26.428439154498573,1030.178784540698,53.18497994595667,65.64969536482103,78.73525941742109,91.88656194783105,104.93672959484374,-0.04317391646291971,2639
7704.8714483168615,26.7904138044359,1027.5010754213565,53.114135381668625,65.85802504929507,78.69731992093398,91.69777377900121,105.36257556224355,-0.03909716008034942,2640
7545.575247493629,26.60407234474358,1018.2153501836323,52.881083461528796,65.65061994474155,78.77741512651006,92.10405592794093,105.85866293676584,0.022727581636916707,2641
7587.445430312654,26.65341064202799,1010.5937235547818,52.67568015021859,65.80663675375428,79.04413960406815,92.24146958351415,105.93077113738838,0.027742161319388805,2642
7364.715426485368,26.389960872474063,1002.3810183686938,52.451517547956435,66.04736880585149,79.23327297346769,92.57662749347179,106.11041433366861,0.024454777493934453,2643
7346.665499964174,26.367883299962195,1020.330082104341,52.93807218880404,65.97041261796832,79.11664908008055,92.67713469238196,106.04255764352797,0.027246707589119054,2644
7709.682446420283,26.7959865288993,1009.071578253719,52.63676363421258,65.92343065174057,79.23736419670485,92.8088759414644,106.18630113718885,0.011075610779033367,2645
7433.915860481985,26.47214095351591,998.5414311425875,52.35495815849195,66.0021105690166,79.51236227787585,93.29647318771025,106.39949718874288,0.040155227583535014,2646
6842.804752977007,25.75021332421951,1003.8602111209605,52.50330037916215,66.6092746487357,80.29041490306302,93.57142990098119,106.3235183916981,-0.044887018930427784,2647
6863.125937621393,25.776101244843016,1012.8655079841999,52.748666471913715,67.02328690294398,80.07718074000903,93.57404555469104,105.85963504334717,0.00948376974900287,2648
7243.6918543693155,26.24529601887814,1039.2732619569556,53.44362798192927,67.11622129004515,80.00272553621014,92.90406523042647,105.51048551460089,-0.06342184335615665,2649
7151.9416177911935,26.133334815449402,1053.051838946567,53.797583947025146,66.4877744037612,79.79023876259433,92.57561854645674,105.40807304529734,-0.010870596845776459,2650
8073.4035395139945,27.212159128771486,1055.064078845434,53.84520593811407,65.96350088352327,79.05755984282474,92.60377979630196,105.49092450208961,0.05452117833780047,2651
7695.184507291876,26.779121618736294,1046.1994422165071,53.6170723014933,65.56877600076197,78.94244603687004,92.37564154328294,106.00756285492272,-0.025144406794287918,2652
7742.525421946131,26.833915228719178,1013.548129086087,52.74453260209244,65.51608877352804,79.3587306954157,92.50532538053476,106.17528144843119,0.054210729077949264,2653
7752.655215783219,26.845739174132838,1017.7140851527992,52.85516045474062,66.14098343261314,79.44662585112947,93.11122502858487,106.2817023210463,-0.14677721254245277,2654
7797.020431754872,26.89699413945311,1015.5361280034464,52.80312273827284,66.05902918417878,79.40991763812411,93.04544291028917,106.31260484442282,0.01574087642409618,2655
7420.255627508568,26.455593252900545,1024.3057029826016,53.03924507166289,66.23954808977996,79.62449675964706,93.3161279529097,106.54047611938768,0.09659972318828171,2656
7867.354760385914,26.97777729957033,1009.1343118817879,52.63353562281935,66.00249581675718,79.7603202163401,93.44329595358822,106.78814208742914,0.060574371243969055,2657
7686.820578392369,26.769373399412014,1011.1229036476373,52.69251536621604,66.30960427024002,79.84347111075401,93.94959031016246,107.1138917298978,-0.07511225100561614,2658
6673.686952596061,25.535907080794168,1021.3184192673734,52.9786038975131,66.87436397011595,80.59643468000606,94.0420376456105,106.53206340352556,-0.18939835811634373,2659
7133.717438951386,26.111190877255822,1034.9230060307991,53.33412590883678,66.9736895261244,80.44960896767283,93.73577037216471,106.3050365545489,-0.009936948915525077,2660
6925.280688879055,25.853951751764175,1048.8229823090114,53.69426104367441,67.05837916629868,80.30236344973457,93.4990884590493,105.84920669171653,0.07062803350312943,2661
7833.728814416782,26.940184068278043,1049.7424674200818,53.70501497383795,66.7736693425338,79.92332022183399,93.22732428469799,105.75464897114311,0.03098978022403244,2662
7943.640931909326,27.065445219735203,1053.179320810592,53.79528904844748,66.34204546566443,79.5932966650725,92.79511170665523,105.9498907777172,-0.21085304612637246,2663
8323.388650412962,27.490280650481093,1031.2275486569613,53.209231129710446,66.01294233232485,79.49940127590791,92.85843180468646,106.44248544848328,-0.14822822026170954,2664
7666.2297990158695,26.745435777994352,1031.045806724031,53.20624592227843,65.8582576670129,79.56636134336502,93.21127988772906,106.79562551037522,0.029814981435980277,2665
7626.583753995861,26.69921263883804,1035.9213194849403,53.343082340730646,66.01783840863537,79.5746136422344,93.44954098851682,106.79266322676489,-0.005302547355694728,2666
7860.010495254865,26.969148374375305,1016.2003919379806,52.80637225890696,66.17514815912511,79.84252698576445,93.62417404554908,106.85666019951074,0.035496995250337546,2667
7861.988918212421,26.971989251945672,1017.9702201339937,52.866666430609065,66.50653402294283,79.82830197595871,93.69741233971983,106.86879993388777,-0.05532699110679784,2668
7657.0816736703455,26.73464101616341,1029.3439780621927,53.177063187627084,66.5402893974302,80.06269155368948,94.04686936411653,107.08026040235177,-0.010065681931580951,2669
7784.450910008928,26.88260556903811,1005.0337781038584,52.52710958704025,66.21203411278016,80.32679406254081,94.26524131299323,107.41207977820993,-0.16458644750411905,2670
7461.706840649926,26.505121985754638,1022.8922332877546,53.00795051343304,67.1501909112172,80.64392348837929,94.48625700334345,107.23722802072686,0.057130495343623605,2671
6618.8969084526,25.46613754798377,1047.480068870223,53.66299917573757,67.48103042490717,80.84385478569025,94.15791037343459,106.69627543459359,0.16816021273796067,2672
6963.98384693002,25.902129421900174,1050.6347865270322,53.738034421164514,67.12444186129552,80.74461717301233,93.54014117699339,106.46792461519966,0.20922931791024607,2673
7426.462059037132,26.46408086173292,1063.8675006107314,54.076785191494096,67.12368799188998,80.28212729613932,93.32401452915384,106.32118470705333,0.11206993143367117,2674
7859.624524899155,26.96920590980327,1065.7713323152648,54.12160026924673,66.54028944080622,80.00966431414449,93.41701572301763,106.43543419309559,-0.0013845848362830536,2675
8283.124557143985,27.445498128649916,1042.5070032461556,53.50529298993137,66.27071260115551,79.6017688053846,93.43450919569369,106.79233329808663,0.09204974767744584,2676
7957.1334344648385,27.080069104157587,1050.0760897186055,53.716490715502545,66.10205888955225,79.83788423628486,93.85710982656659,107.07546925896926,-0.1542002039785738,2677
7837.048095398365,26.942998348561296,1039.4058250071782,53.43072470338656,66.21706519305745,80.24194066139084,93.90495374723731,107.44073069243761,-0.02772194429010776,2678
7637.690302967056,26.712127283572627,1040.4127944665793,53.453923832115215,66.59044246028574,80.14511020763463,94.28622355822996,107.22237665030352,-0.036982218896513944,2679
8020.489931814483,27.151793885078035,1026.1894014810239,53.07617809552138,66.58123713005794,80.02405458454807,94.01776574906377,107.47155424448577,0.057216976725416605,2680
7831.212042865868,26.936138984245755,1027.273000108106,53.11556830441769,66.61524803820477,80.59402924070692,94.42185817744158,107.65342706471915,-0.11399667412340375,2681
7386.081548784145,26.415132687153708,1031.3373967557154,53.227626317626566,66.64937225824764,80.66228714186892,94.74900524475086,107.848127794177,0.0269738684028085,2682
7095.619313823834,26.06367218661314,1034.716821726468,53.316366090938466,67.03185801660712,80.95711227056826,94.77542588698154,107.600669207278,0.05146418238593053,2683
6961.409161551196,25.898436361157756,1038.4158737343419,53.41600216356252,67.59280300107567,81.17449880315752,94.580266299271,107.40130821263871,0.2895212563462882,2684
7169.57564014202,26.155029569972037,1077.017176335854,54.42985097652098,67.49209195068177,81.04355842956878,93.94140608183461,106.73842841425007,-0.1272551642126088,2685
7967.166036001977,27.09231800602637,1070.6723902018882,54.25509354025917,67.34146351670178,80.73748363060453,93.47848198539923,106.65503611840028,0.04656513590833541,2686
7885.079125939667,26.998527464807214,1064.5805607610057,54.08331445146113,66.74044960182533,80.31794424457985,93.39357851042702,106.75616502477493,-0.19754932184469426,2687
8286.684002071981,27.449501274957008,1062.7831450367162,54.04126866778206,66.66819378629886,79.8857761908167,93.87648906000624,107.45904702829023,0.034646838677567036,2688
7865.888415904367,26.975943854179626,1050.3071604575275,53.71089795979184,66.4038302730771,80.19814515958136,94.22923013738986,107.51980230467255,-0.0875477230056716,2689
7896.5096966306955,27.010821397531345,1043.5940943906269,53.54530407983831,66.72837233118805,80.35426253046501,94.5080948574186,107.75344981085063,-0.04548585704596525,2690
7950.129896093604,27.072055095657312,1033.087814523712,53.255544203100364,66.79972091491666,80.57105529952047,94.47608375097776,107.7891473061104,0.03887059081608008,2691
8458.879170928654,27.638462490813687,1056.6254764579428,53.88248154701437,66.8091483415814,80.44615760203702,94.42267200657561,108.27351733514142,0.15279021368780796,2692
8079.078532631178,27.217704198461888,1032.8605236860822,53.261263594540566,66.44142049481657,80.67396279621408,94.48831702665704,108.08416316481778,0.0488056515552488,2693
7925.200326934605,27.043661830479742,1040.5278208798186,53.46344578333924,66.87197976585715,81.15372305887756,95.14824924975703,108.29861883700184,0.03723621674131232,2694
7497.46566556078,26.547718208409414,1041.8057070180364,53.50445160122583,67.27759272331484,81.52959993165963,94.83625751242538,108.10461578594857,-0.0050721553126599405,2695
7194.605243874147,26.185247506765467,1061.099456120374,54.00990803447271,67.68748332036834,81.62414004454894,94.65795380409239,107.72124806783792,0.09131698873072588,2696
7630.968671708323,26.705448151419475,1069.8289067307442,54.23267224464856,67.94541807342695,81.44683683847619,94.2407061320286,107.37723411895959,-0.022951649867539517,2697
7888.924921255305,27.002992432744286,1086.208207687046,54.64645764992393,67.60320002773246,81.11952548929561,93.68715511494212,106.9591516959838,0.11594044819480409,2698
8274.499062870716,27.43625474042189,1080.9203755769195,54.511488518507726,67.50752775286502,80.68935555261899,93.7453474415678,107.53721120963012,0.24191375236912688,2699
8644.769035382787,27.839649473021133,1072.4514721174123,54.291640393245,66.88720923895957,80.38476532184455,94.34678498800392,107.89129053899062,0.1193728770482258,2700
8451.537133830725,27.630535375548888,1050.1141639449072,53.70463053926403,66.69853431931973,80.60915108162568,94.72766570617858,108.12981673701908,-0.17848321389336014,2701
8094.7288487702335,27.235456699819224,1064.730565796495,54.092491165533595,67.01863982065017,80.85130063131217,94.89605141691916,108.30276490503675,-0.05132605224634809,2702
8375.758755762341,27.547693767071586,1064.476807893706,54.08710413972008,66.7736263049865,80.96165363226325,94.58079544324777,108.2804770477273,-0.1482163841176097,2703
8352.4358742228,27.52194283713477,1053.3236531925938,53.785967330691385,66.87586393925785,80.9369709763804,94.66240590309289,108.49698918293281,-0.04897931075355161,2704
8259.065136348945,27.418655552973746,1053.4606039537227,53.79699051412167,66.97707423091542,81.0251479923978,94.85185359226841,108.56893965945818,0.12090469686058221,2705
8087.053538880067,27.22695519854986,1058.5025032021845,53.9376174212679,67.03515013752332,81.33911251644223,95.42474537988903,108.72848622584335,0.1097806366347927,2706
7121.318398940335,26.095049422985568,1057.0009606773951,53.90074918373088,67.46952209539111,81.8346373302462,95.3249166329529,108.6750734605599,-0.04425970401709636,2707
7659.168393169205,26.73817913243264,1062.7358190306159,54.051835329557356,67.7522599330279,81.96917713162378,94.92634794730506,108.25733946449445,-0.08376649990436005,2708
7288.727435291192,26.29922622486077,1084.7211917236868,54.618707285960724,68.08450735191761,81.7460252669152,94.36266767906704,107.8406647455398,-0.08802809700080044,2709
8228.799435424999,27.386063389068767,1098.6891923599478,54.972177883990064,68.15481593026993,81.37709627934417,93.98932003557735,107.65247790954768,-0.1273200524032053,2710
8108.8276360601585,27.25171346939619,1094.2216815318218,54.85033764789963,67.80331734740248,80.79238298424217,94.07858369165305,108.01651786251858,0.040310993985133214,2711
8368.517210646238,27.53927309858969,1079.8905388329715,54.481611453345636,67.35649048026241,80.76259500339665,94.5313620457279,108.36328227841467,0.200870870454942,2712
8340.953684127917,27.50913543470585,1064.7853427192229,54.08688681283591,67.21304049735927,80.9546352652381,94.94753923229585,108.61905817927888,-0.01263093513778315,2713
8427.54775893162,27.604185289957805,1071.910139616634,54.279480997560846,67.0938273756115,81.10752885571057,95.00233582403231,108.7379835898746,-0.08090247815630525,2714
8020.181610884121,27.15128503885929,1074.5751816490313,54.34397671677448,67.24975490501924,81.17190216952612,94.87585668530302,108.72822214985128,-0.0023836029992347248,2715
8056.547929724733,27.19234902759418,1072.73042831037,54.299408526912586,67.13555831880726,81.4881611974605,94.94124372743232,108.85443468763518,-0.07588866078976103,2716
8440.980609511156,27.618659276421713,1065.3540103175242,54.10657181854679,67.2489714394579,81.68954832373225,94.99931047890958,109.21397927394982,0.12545526461520248,2717
8118.403401768405,27.261892530109307,1068.1742901243251,54.18953805473636,67.51639706139443,81.63202007867284,95.40761540553763,109.36433928469869,0.04960280976167786,2718
7646.509884027979,26.722670987674533,1055.1862007302113,53.849053791475896,67.83534291405866,82.27069401971139,95.30269976592695,109.10012080280967,-0.032376439479464315,2719
7284.937688927456,26.2942778956009,1065.9302733407267,54.12648966203326,68.17724884776854,82.33239248739663,95.34654749172039,108.57826597259039,0.049284150856407645,2720
7688.816134794672,26.772577698005534,1098.8195197227374,54.977550479612,68.40719693335703,82.23767521593705,94.83917533268894,108.57055239751084,-0.022918791117827464,2721
7600.069329487075,26.66902738166991,1106.5849837957894,55.168201330666975,68.61721984932296,81.82044304302352,94.45003675600985,108.0316262964358,-0.10583225288577368,2722
8244.787709702458,27.403403448353636,1107.0401435693377,55.18119011714715,68.29353288456683,81.41573819874593,94.30963766868071,108.4057823832435,-0.24965997950630509,2723
8258.10465025863,27.417454694655365,1096.542890871456,54.91012439185213,67.98211304977421,81.18283157852282,94.46489624369839,108.96351678187013,0.03377072898879668,2724
8586.871255521159,27.777417816841794,1079.9758193113305,54.48065108872846,67.7489847703245,81.30277629155353,95.11218030226142,109.35339134931141,-0.007072108855096625,2725
8443.71716014353,27.621767381555163,1059.071653818649,53.93121586962845,67.60322372799615,81.6057660613246,95.24484175202838,109.33031820899981,0.03609810104833313,2726
8062.847110092895,27.199447645119758,1074.7736024573978,54.34913258903137,67.33169790297421,81.81278633298317,95.21566805144813,109.17754244666368,-0.1309958194954815,2727
8107.140154659152,27.249261148760986,1087.8836194371088,54.68680550666969,67.4169307551751,81.62942854563074,95.29250844052473,109.4164812242193,-0.023314721662939627,2728
8206.93434166867,27.360616100479913,1062.5233108012976,54.03032340462964,67.5545375143421,81.76737733595797,95.4270153476659,109.81699097179802,0.09854358742941127,2729
7778.807598053252,26.87559463520102,1059.654358578214,53.961032564677986,67.61921083142433,81.9814230727924,95.70635138112638,109.65418801113242,0.03728002566626673,2730
7665.629893872402,26.74488769461062,1064.7021070421777,54.09909741323292,67.81374167044079,82.49937894595627,95.85479376648694,109.61853321295317,-0.16522666732579178,2731
7708.402902189801,26.795060726689375,1086.1552180223748,54.65119107108682,68.53291797671206,82.71210988881334,95.72815116421438,109.12741004857818,0.012987504139043662,2732
7690.083563847936,26.773941659070932,1104.4746534463955,55.125505104278304,68.95085218578124,82.41617919762864,95.64900114243248,108.75151335083312,-0.16931747241029022,2733
8367.482252901456,27.539215690566884,1118.356603612056,55.47340542102565,69.03808384842793,82.14441841395308,94.76826197730438,108.72229376071417,0.023047516227954284,2734
8349.9118110611,27.51919571120803,1103.501166911207,55.08011152818257,68.80005194013634,81.66206411755422,94.74009376214936,108.92232286224431,0.11119383889693057,2735
8516.083919399094,27.700585910090698,1103.9559877007957,55.0926882537951,68.0170349213433,81.59967487054395,94.96733392858874,109.32476599224843,0.06576942394619,2736
8748.78540974898,27.950992271003656,1074.667072762446,54.335092450539754,68.02167024502181,81.82267182637014,95.2759353633872,109.6204887113511,-0.05958843054724053,2737
8376.2304707651,27.54756531104505,1090.2826338333157,54.74859646297097,67.84851867550074,81.95130703776701,95.36885950991255,109.48587211808083,-0.05480774628714136,2738
8189.630751959012,27.341491563010738,1084.7792199749952,54.59807914469707,68.04091947359048,82.21468045969384,95.69316581566896,109.9329467246802,0.11497725901185044,2739
8679.528723141118,27.87691861017048,1087.559426072668,54.6727216092693,67.89366397964294,81.8625747738171,95.40476863783286,109.79314460884657,-0.10056346842614822,2740
8067.601807180581,27.204506086421055,1062.6185087064143,54.024237044545764,67.92146370432616,82.16314285449721,95.9084426373182,110.05394439916753,0.04675301792939362,2741
7935.004866659702,27.05465573345794,1080.5955441333513,54.508939545072714,67.91978460234841,82.45590863898963,96.15726943194707,110.07705426703956,0.007888855867289704,2742
7824.227280087885,26.92828752654001,1080.3447551511874,54.49783302196048,68.40043729158263,82.89828748441498,96.4841411531765,110.12074366756637,-0.10745909140082593,2743
7689.795153114997,26.773319873640737,1106.4284507793072,55.181677223851636,68.89402560083063,83.08237646467815,96.47994787872837,109.78410017330857,0.21102368511391237,2744
7681.12496951915,26.76349059861717,1129.7949080951416,55.76637389115222,69.5655064030306,82.98743094001486,96.16319237559759,109.27291135895267,0.17408315925815088,2745
8297.169523649209,27.461569025408725,1110.322224229604,55.257188738841414,69.62969300941593,82.39143909598072,95.88873909451301,109.0868029453399,0.01472188905604943,2746
8525.584473622082,27.71122587703702,1114.323034638309,55.356196198815184,68.86279790644524,82.03247852799754,95.3433411458674,109.49859352904691,0.07017530353646627,2747
8641.176867858054,27.83577708680959,1102.4514558820947,55.05009156482781,68.55459825057562,81.850623395945,95.18318700020788,109.86821818711282,-0.05351103063364816,2748
8646.455226416467,27.841121759462563,1085.9004795154806,54.62288591226703,68.26836006109615,82.07681742331428,95.69634709783466,110.06178879819268,0.06642428564252366,2749
8636.935685749886,27.831137448128125,1088.6002747871937,54.696531908655,68.20727949230404,82.25212331023987,95.82771979282195,110.31600204548742,0.20954870304333278,2750
8687.424671163144,27.885550533322974,1085.7785387360354,54.61876375492347,68.40220408492634,82.46815483200898,95.93984249183954,110.07118228646127,0.10881700477746266,2751
8703.061550662496,27.90223128871213,1095.5284099748026,54.88179270251177,68.2204261651544,82.42816074267935,96.01079627442697,110.15947599011994,0.04527396883444347,2752
8282.294913887932,27.443924945836656,1088.3484083650944,54.700647792350004,68.56863073482658,82.39387683708232,96.45084046574406,110.53687463444949,0.13186316079585186,2753
8366.670725407163,27.537268279166778,1083.6954719821501,54.583086558506665,68.49540824098305,82.714749906401,96.68593048838126,110.83430481074835,0.07907885126285963,2754
7679.824322653231,26.761098676449787,1078.3478858075212,54.441189105442504,68.94605728168698,83.12780381038209,96.86672795186347,110.56896297788445,0.14159925153188727,2755
7417.265173740762,26.452884022842188,1108.313703390378,55.223583782652064,69.0965765922377,83.41263337409113,97.10513703524364,110.30781991350224,0.02625093986304683,2756
7976.481239745544,27.102795054040136,1136.116402829763,55.919774136920594,69.73435615657733,83.03633401871481,96.92774979973463,109.75271232141121,-0.1615061349113567,2757
8290.040611007847,27.453940888063627,1129.361152804459,55.74182741616149,69.91326646683362,82.84027363859018,96.09791250500079,109.84751866988029,-0.025008924841337012,2758
8999.140295177678,28.215870687627884,1140.169334508202,56.0158425472942,69.3454867100775,82.41775807530887,95.7705075194721,109.88863188578773,-0.015019462452352698,2759
9129.408201175194,28.351268619794716,1104.262777951554,55.09099190678987,69.2063140167089,82.32104339518264,95.81049287348998,110.03955883811018,-0.13935752632950515,2760
8892.381531298735,28.103228507461996,1110.4004809033695,55.2541046325567,68.8773038688466,82.42869828042681,96.09943244342871,110.54212475771885,0.03096639066117773,2761
8342.821393190536,27.51096818053994,1098.1090684060812,54.93804484785269,69.14207900286532,82.37325482450112,96.53524925982694,110.81212255565775,0.03895354409560428,2762
8559.059493121804,27.746958607211877,1117.1160473995474,55.43378855622823,68.78115558142045,82.74677383993368,96.1246225452172,110.60810159651614,0.08228479168972086,2763
8947.189530602633,28.160975287643744,1101.8592311273883,55.03637328893135,69.04558983368386,82.67371233348014,96.73236738930936,110.76677982855217,0.10335204355964817,2764
8541.98851714591,27.72845933770853,1096.5046132114862,54.90436809616888,68.79704488007653,82.88289781011876,96.91700008501162,110.93400363822327,-0.18702547092352514,2765
8494.643602232498,27.677022677223242,1094.2713526420823,54.84969126620112,68.85814322298177,82.98512174885973,97.28968291216228,111.16442426110041,0.08463064584221491,2766
7857.0062476461235,26.965924595068824,1089.599088942083,54.735744737986984,69.2215169924177,83.57734339993138,97.4637864195684,110.80858986977478,-0.03911725111825012,2767
7986.489911747049,27.113953714104916,1112.594086866801,55.32104646123024,69.37850498019509,83.87242792761677,97.54764271510874,110.57476814009362,-0.19966056655091532,2768
8206.851918060132,27.361546851539686,1128.330214052508,55.71707054163466,70.23354947006251,83.4995004648852,97.2171454420641,110.29504399677978,0.04263467699714907,2769
8471.113759431131,27.652311613898725,1137.1060720450657,55.93007296538687,70.13416570081935,83.13253096261445,96.75568782163874,110.20024761714168,-0.05256078712483713,2770
9292.494254454547,28.519558337665938,1137.3014166425112,55.93301588858072,69.89959217325747,82.7594453209131,96.47072517411077,110.46619718586929,0.056810528708995646,2771
9217.301910675298,28.442112730889086,1122.8314664380025,55.564455677970976,69.41280736339088,82.54185307321549,96.43592696021953,110.62398864392048,-0.04243849816516149,2772
8731.685420619668,27.932759297800477,1122.5765165339737,55.563324043742085,69.24381992757404,82.7968871126864,96.5597695920831,110.93608595812634,-0.11107754229188611,2773
8573.006088219052,27.762100989626322,1105.2881428841847,55.12420460571511,69.19711792218189,83.07621183878314,96.96786529921299,111.17015013812501,-0.1127223371349994,2774
9037.100505399312,28.255101630006862,1121.804921371861,55.547828637608,69.09075623448504,83.24234423252058,97.30403326634908,111.18172902154987,0.04690777820172821,2775
8867.205263464892,28.07653055815429,1106.915649843351,55.164531947030355,69.44605976659226,82.93985534572289,97.32162048285392,111.13205589609481,0.025486488524678635,2776
8417.114245103083,27.592484476296907,1101.5071802155667,55.02675833741734,69.15437446836643,83.15546722599281,97.49659643406149,111.45510297664396,-0.06319528629317696,2777
8731.612376054409,27.93264242213469,1106.4034847667892,55.15875061724465,69.0785329203875,83.51230794464594,97.95388375451161,111.62647628179045,0.0007125258531753792,2778
7845.234495592457,26.95231425662032,1102.8886183816526,55.07292310590104,69.66430531522856,83.9557638601379,98.1648897326777,111.51841717633583,-0.02687281443251039,2779
7680.035679349964,26.761885737920405,1128.9558185405695,55.744475975747875,70.02521216563167,84.21279473168727,98.12630886939893,111.15697414660183,-0.11297810190811274,2780
8432.714531117243,27.61082061149361,1133.3609744619002,55.84199246050771,70.76058063509227,83.89558852087814,97.57620511871828,110.69865929327337,-0.16823916332877237,2781
8797.112918849005,28.003085114890528,1161.0882698234052,56.54491864987244,70.68434256992873,83.63117734796413,97.44508921961025,110.66201515926629,-0.04470043209160218,2782
9160.245907809694,28.383531341455555,1149.3099405081125,56.23853569785882,69.98496062791722,83.15476537711527,96.96682888583564,110.61477038693305,-0.18547501061169125,2783
9444.159652280814,28.673801709822296,1131.9836911723507,55.789991439582444,69.71962959549917,83.05870741611696,96.94420215340011,111.12393189807953,-0.12647892526907165,2784
8937.670982118692,28.150755566898656,1127.3529443803354,55.68310979248728,69.43699480200208,83.16250320236873,97.28413562148155,111.37352393627978,-0.058373534708608316,2785
8658.292818963691,27.854007926204968,1126.63056139457,55.66773407020699,69.68885661619176,83.28002731567095,97.61989753858805,111.62825886853524,0.018215204290688524,2786
8537.228829285203,27.72343138086474,1117.0239620741334,55.42223906330848,69.69962641525441,83.46503515536048,97.72213753054027,111.64756742983771,-0.015505937520475506,2787
9159.427108373968,28.382351886478947,1107.9659762513056,55.18556672173661,69.78041483233277,83.56424170848068,97.86782266538758,111.5916313542239,-0.06481516452942439,2788
8730.339900139114,27.93082772089697,1110.5720421030246,55.26309451261932,69.52125736264605,83.47083261508098,98.22374825190379,111.9222559453467,-0.03323971486522673,2789
8336.096601172092,27.503667446763,1112.3917748306035,55.309910926825296,69.53229945154635,83.8319503101747,98.47099817607243,112.2148488226338,-0.017337054870105385,2790
8367.563880960635,27.53834893477382,1112.2639725549018,55.3155036624073,70.33916437074699,84.28579711167751,98.589783075268,111.8613944708281,0.083396052778057,2791
8131.129365662242,27.27673512250312,1149.014732108987,56.25442932132283,70.61474957163236,84.40143951915788,98.4799640013683,111.64029650422773,0.14218632908329962,2792
8604.074966080376,27.79667148702097,1162.4523834931279,56.57793566080917,70.92691844609631,84.43268201396099,97.90567593625006,111.07115703515721,0.015090695692601908,2793
8503.00782381426,27.687036422249854,1167.6821625187604,56.69398688343876,70.62508928193529,83.87789124831617,97.70387083071076,110.98247796643746,-0.0396314603667208,2794
8969.727931733856,28.18495843571583,1160.5379942161571,56.51252090859224,70.12497162950137,83.42904034545482,97.63754485992922,111.45331743793454,0.19429985179902964,2795
9443.766068386622,28.672913423296194,1146.1139847368242,56.15002602520983,69.97644531889114,83.19837298440999,97.55701488392886,111.67155287535248,0.12018476020787738,2796
9160.631942867649,28.38324444010418,1128.8087871966661,55.713564547861026,69.83012345885173,83.39029785446473,97.85662419991243,111.87781036404245,-0.12033677359653812,2797
9118.996182260189,28.340200185835883,1136.208489060795,55.90641217678241,70.04476374826932,83.78314017874327,98.08998466092837,112.06462180457471,-0.0692153396386862,2798
9060.078701180404,28.278833795392185,1139.2788541453176,55.99088085859848,70.03876613718909,83.64615589006122,98.48754768678889,112.0110946576516,-0.11420483770836505,2799
8756.235218875823,27.95859494335158,1130.3442291549065,55.75909460348199,70.1554452382323,83.85894631715168,98.31743607131244,112.2175251965847,0.06546278576634222,2800
8878.560579865796,28.088041974381163,1131.7935080963966,55.80176677182136,69.93911724859571,83.70983009440123,98.62212992726423,112.51133439544724,-0.060523760639641225,2801
8562.383475605806,27.750537835517214,1129.8003915010322,55.75777751764123,70.23505813398407,84.21872771642924,98.89122715741962,112.5547119876294,-0.24588209778245154,2802
8418.113061055803,27.59381931488327,1123.7606170509237,55.60617486795484,70.6073456011716,84.91958196274265,99.02571883992391,112.52590570414355,0.04614712645145952,2803
8079.087561142266,27.21843754520139,1137.3015998733713,55.9430904681639,70.87690080789568,84.78439869308501,98.57708665365173,111.95671092009512,-0.19119497884148662,2804
8555.064080995247,27.743732685199237,1152.7103405124021,56.3266718506727,71.40871271917422,84.71077579428616,98.14971946939912,111.59588316257734,-0.10309039031989309,2805
9189.466732387991,28.413973399808505,1179.3563110107455,56.985422178551325,71.06295545012749,84.08277562308278,97.81624917662057,111.45586024294937,0.018957606792247582,2806
8958.657816232997,28.173242274000952,1175.0879975478442,56.87897091079189,70.35899686521383,84.00352774877564,98.0134524016321,111.6518473922866,0.08508093873733549,2807
8982.511455272414,28.198011198442515,1148.3991326680045,56.20399192419202,69.97651599438973,83.6622560193795,98.1325981325809,112.17140833144308,0.003478984845542972,2808
9330.958218478829,28.558152598757324,1135.3699524036956,55.87332973823959,70.2150301389747,83.80941132303172,98.31682583659011,112.31300296330676,-0.05954884869308772,2809
8857.634604375147,28.066239552154226,1140.1996674176464,56.01129935924423,70.25339885282517,84.01323078830089,98.70969620034,112.5226717643535,-0.016256800969280904,2810
9046.857515069962,28.264946100191565,1135.3372173462628,55.88145924307627,70.18820771523521,84.22913521083818,99.00102593978256,112.62621439417325,0.14080225331775872,2811
8815.799748006548,28.02208596090126,1135.7956831714503,55.89310695255905,70.18277761586509,84.25107707668106,98.68460787734712,112.58599827377007,-0.04537297832648049,2812
8928.405301373044,28.140649544311657,1125.701849880967,55.63903903837379,70.2559333392417,84.46884208877356,98.84312534910568,112.90907746746976,0.05558642090990629,2813
8848.914228516898,28.056994861813592,1140.081729411168,56.01459859469224,70.46041103019253,84.6167284874188,99.28282171439352,113.04001624459192,-0.038052027508236747,2814
8510.706942755292,27.694739778630826,1141.6137899047085,56.05887130306133,71.14034317648073,84.92991358768643,99.51150943347385,113.03872959978621,-0.03598974027895524,2815
8472.611285604125,27.653725421050474,1152.5994045424823,56.33283597351682,71.35098105987562,85.4110185694668,99.09022358447426,112.65963388041509,0.007181522551001376,2816
8892.47423809757,28.104078689589034,1177.3111943016959,56.94032890870272,71.52448883816574,85.23402915155891,98.49527018863594,112.0719462180203,0.02064760319177703,2817
9176.332344379485,28.40020266920587,1192.452794927248,57.30973338803349,71.17852192459591,84.64541650006171,97.99434930426635,112.08457686123323,0.01366030757728789,2818
9595.905436632294,28.826918649452363,1186.6344522223078,57.15756794282204,70.34646085030296,84.11665455693267,98.23444307411762,112.31269439523538,0.07244466097898743,2819
9237.037179383096,28.462031738570865,1172.5096157509304,56.80345736563357,70.287820502215,84.07781784414274,98.40499756288932,112.50050458035028,-0.015116736898262964,2820
9563.234350560107,28.79358270913361,1162.4279611587272,56.5637026336465,70.15424585105663,84.05720811970271,98.7468882935851,112.8826622945016,-0.09910068910191486,2821
9048.349755287256,28.266423567954362,1148.8348747409955,56.2260754776961,70.5468167490035,84.51197449253561,99.16990167935525,113.0280099466638,-0.15487983725214718,2822
9565.69159116057,28.79634161833732,1153.75746049368,56.34851639387742,70.72262140801449,84.5181957295891,99.10415803484484,113.0956458253533,0.027306620254692326,2823
9397.760753681665,28.626465268156014,1158.2444566903046,56.46187670299672,70.62992488960654,84.42842477392786,98.92328602657766,113.17055721870832,0.047860173674825694,2824
9005.785538093229,28.221713773279237,1130.7480495052587,55.76148724739749,70.35601124730253,84.68817221449962,99.38708989512911,113.5043251747335,0.037750358635139036,2825
8557.541675154724,27.745077162221992,1130.563621922443,55.768684816487905,70.74271533716043,85.04302029359148,99.51359227371731,113.68196252559788,-0.12784224115816675,2826
8328.764044782336,27.49542591804321,1139.6579166474348,56.00262876826399,71.30023891749043,85.32393414697789,99.30636826852087,113.45939039135959,-0.026587374672151765,2827
8369.958876527584,27.541331471585455,1155.365453696001,56.396449222910235,71.72096841421684,85.65670420566565,99.36151451147441,112.99938058558361,0.028843871656876876,2828
8266.132871884416,27.427363054546053,1195.2933860062756,57.389940288734415,71.588784687283,85.32489774470186,98.64714015095535,112.51507185407894,-0.14777625366921907,2829
8642.249913914064,27.83743915400377,1181.084121049517,57.02696362738576,71.13682173640464,84.93490462603104,98.37743390602174,112.49679415945857,0.08664289846936486,2830
9887.992146578652,29.116631171276083,1175.1911519514833,56.86158604346377,70.94509032730751,84.39561957914968,98.61778723078262,112.79497035408255,0.027531784141058786,2831
9301.416122115479,28.52807148484119,1166.3912207916387,56.64755144314093,70.55627397749655,84.36973783302757,98.86430647782166,113.1694975180596,0.08024398202466397,2832
9473.78725991923,28.703511451054855,1173.6671051751716,56.839449705021025,70.79815351522579,84.69967458040301,99.3540320815837,113.40461848168026,-0.1483503405142482,2833
9653.374514137437,28.883870280435726,1153.6746580091076,56.34213492455727,70.70493117416875,84.77507273014793,99.20810186165885,113.70976951943479,-0.04408449265353551,2834
9457.76334643442,28.687111120183076,1146.514526140829,56.159358776958484,71.16290508358932,85.11374242269606,99.33034953167707,113.53256134425172,0.13900627257574272,2835
9214.976284296077,28.439044905897518,1153.3031384173428,56.33767159036423,71.04434016957019,84.99808429583614,99.23503426623357,113.90998885802586,0.12740426617091702,2836
9589.02846418294,28.819424193172978,1138.4196597065143,55.958585134454296,70.78090166766485,85.0131752542239,99.70847329005629,113.8137671844215,0.03895892301133444,2837
8735.154434885193,27.936104736076164,1151.7751115639892,56.30412206391085,71.19528948050521,85.24664258320219,99.8367495648347,114.1332826007903,0.046262516133029466,2838
8550.617056863326,27.737808134728024,1152.169927865969,56.31751414630194,71.41017390769879,85.77610585783009,99.98632432470268,114.02652642864928,0.00765239104057723,2839
8525.54841772917,27.711278885599487,1182.0872427316738,57.071633317801144,71.82100711052523,86.0795665933555,99.74342855767652,113.47884030719091,-0.04797143963211252,2840
8514.937547533167,27.699853299033038,1189.81957467571,57.246277096391076,71.68990228857979,85.8218028213285,99.09837740271965,113.16892984103373,-0.007759162274797652,2841
8952.159382550328,28.166581154547103,1202.7155791362698,57.55064281576273,71.43261119725895,85.28467268679815,98.62463147146033,112.88752661006062,0.00960553684862853,2842
9182.998424727088,28.40655988988627,1196.6976864682438,57.39655815437642,70.75839126228537,85.08452578974777,98.79694678882149,113.18414794567643,0.09549513685091901,2843
9975.129494377237,29.20181869531136,1185.7061405246307,57.127067887440504,70.61985981662359,84.80590264992445,99.11279052944919,113.67271867404796,-0.044839727609409435,2844
9757.215767422531,28.986972728607522,1172.8862834473803,56.81835373123099,70.69106866473024,84.99208286172755,99.56394286515908,113.96583789466078,0.09715998026195624,2845
9832.3179454655,29.061570606135078,1173.0874181689921,56.831104091354554,71.09482956127252,85.15385660311831,99.4928964841131,113.93113427412328,-0.08986400523919903,2846
9601.095467337036,28.831475792991156,1168.197264583126,56.71087604506102,70.98573291775584,85.22607614553912,99.47518828403246,114.05965506009973,0.050938235247604505,2847
9623.66113620861,28.853996636121252,1180.8365371790717,57.0270222503971,70.99921957015403,85.17187872267145,99.52692049563733,114.25829661841172,0.11088395013664297,2848
9799.015966425291,29.028459194418588,1161.1712189223379,56.535939605647535,70.89403935484866,85.21105994764233,99.89242047155172,114.52789390412148,0.12377269815337516,2849
9445.192901364144,28.674543182520853,1163.5963112340748,56.603064604090555,71.15371764169859,85.61882737323418,100.09556847338075,114.62420499058943,-0.052944891694974155,2850
8587.526883450704,27.77777872464456,1166.036830026836,56.66253283875079,71.7617951796438,86.07604098263246,100.0820085803478,114.37618959852323,-0.18578388759018272,2851
8559.482430307895,27.747933570528858,1175.3745833859266,56.8972530464655,72.03779120704473,86.20302445899166,99.84570332322791,114.00690435063987,-0.05474272320871468,2852
8606.366147760013,27.79887836563596,1211.2881602273135,57.77865506951288,72.32966856352354,86.26898339581558,99.69240916862991,113.61388146071688,-0.1313190984525511,2853
8991.601629512448,28.207891176103633,1219.043783090807,57.95510959507836,71.48111925612645,85.5379694837011,99.08083272269222,113.45657028143668,-0.17404371491083082,2854
9523.746695738644,28.75407766778855,1197.0708958954287,57.40350613497911,71.04484861328766,85.40472584600099,98.92578526803908,113.59201899117005,-0.12885404891324012,2855
10260.631108463398,29.47816307222392,1205.9785420747949,57.62798380332944,70.91976404507385,85.14454729955543,99.27919058046909,114.05400575662404,-0.1643113095658402,2856
9818.232307320255,29.04749105374334,1195.9225202383777,57.3887166874943,70.72214801506522,85.26521744664572,99.53810954112832,114.43148032686672,0.22705907784163923,2857
9829.801891460333,29.058692001562086,1180.0697554302835,56.99879320422017,71.01963606998235,85.71168378583668,99.82682115458418,114.55879585187499,0.1081417902930697,2858
9505.702309625194,28.73555416879649,1167.9063882093321,56.6974172610958,71.35811004511514,85.52970478842653,99.88349921960068,114.38437559116113,0.0922963130284197,2859
9488.08750958912,28.717789290552524,1171.4905382279603,56.783039310890366,71.26671288698215,85.50316356945189,100.11197382767888,114.5313684965023,0.0622196636107955,2860
9240.93108459445,28.46581622679151,1164.605540911827,56.615066862882095,71.32628013369022,85.7109294539706,100.13361015658923,114.72297293296494,-0.09223789086877786,2861
9569.959900878734,28.80035808621853,1173.2207187294096,56.83947440536788,71.59161190787938,85.96560540119397,100.38076107870279,115.01030137734286,0.01562940683675571,2862
9260.11448251312,28.485768723869818,1179.2248094632585,56.98907878698627,71.81147640337525,86.28828144841746,100.34650714988588,114.78673954841055,0.10502430456593095,2863
8490.50208347659,27.673059674236015,1188.5794817506783,57.22460046024207,72.06176027784626,86.78657521371424,100.4705614126344,114.38213246451336,-0.08317834518578197,2864
9146.282729035436,28.369258346870485,1227.5009208957488,58.16982982015753,72.24285557439407,86.52493789604537,100.07447617391259,114.06565038611068,-0.020418974483697616,2865
9100.63958084717,28.321674585890726,1219.092790212899,57.949763716277495,71.82814692331465,86.13344192232414,99.76292561602052,114.04555434264297,-0.11378991273207209,2866
9523.880044039814,28.754312595315984,1196.6316659921613,57.39259597994409,71.414745422264,85.74696379971896,99.50756905884573,114.08070791922474,-0.11062355369241117,2867
10193.619108541418,29.41385660663544,1205.1101828323895,57.60055207539489,71.20372099052045,85.50891681912897,99.50391655263124,114.56862933717264,0.0032772581288310343,2868
10161.378780101484,29.38240570067574,1201.0637805457523,57.508688382720386,71.08311724703753,85.58365320523036,100.03755506624721,114.84985864067322,0.17832658600859871,2869
9989.749299026556,29.21568752004985,1173.0498733383458,56.81717525732751,71.44218779694516,85.7983684704634,99.9458083755293,114.96486080549647,0.025701985189621447,2870
9927.12492640969,29.1546263224946,1184.0916462119899,57.10087931674609,71.56154439872047,85.93529383773888,100.2210282626431,114.98802069792671,-0.11110383142256373,2871
9597.04292713514,28.827533701555975,1177.7321298332083,56.93898281866324,71.55929385308661,86.06187375613129,100.23832958934742,115.19076137971823,0.04029495832729551,2872
9682.81687509852,28.912956533116915,1180.7921896594912,57.01919169558878,71.36114518311979,85.95540648638928,100.44840540227398,115.36884648403363,0.18264050339453897,2873
9612.070338486508,28.842410390435184,1176.022318420478,56.908301538954575,71.65635495493437,86.34836187052039,100.82771130978483,115.58085100706535,-0.07445110787335175,2874
8844.005848465324,28.05180709272501,1181.7133899169291,57.049766901797035,72.06098862818241,86.81597979245572,101.22540751434485,115.3899034578573,-0.0892199514893996,2875
8854.2807776399,28.063268798075004,1213.6088621099657,57.839315465113856,72.45669857652409,86.94870954973364,101.02989368327579,114.94518519497535,0.0981186954304018,2876
9183.59101624861,28.40754974286988,1237.0544736108657,58.405207302700155,72.52882303354936,86.82526704737182,100.40248264485737,114.53640280516193,0.11460579129001776,2877
9445.728383427651,28.675646387092463,1229.9084245081083,58.2150695364195,72.14240753220669,86.56415341865696,100.20846549224126,114.24848091856332,-0.17562517779101394,2878
9936.016681813913,29.163857168447596,1233.8340432172054,58.305759362125286,71.69672809481439,86.01828402631934,99.96385721060453,114.70486471693197,0.05403989430107602,2879
9942.570982355599,29.169661891845376,1202.4803040321747,57.53635475903617,71.36182659698706,85.66888593180815,99.7260576435689,114.96438039674817,-0.12143079469326944,2880
9811.365161036556,29.04074892628347,1209.151045667838,57.71051792932869,71.39361714520803,86.14164493443602,100.18859974984856,115.21998775359769,-0.14362306678780049,2881
9981.900480066579,29.208129701911634,1183.7161512841778,57.08460515289494,71.32327205783496,86.26709079457642,100.54709782028692,115.43257567916177,0.038073940214626005,2882
9682.280594664238,28.91256313543733,1214.684667791579,57.85422189750677,71.72662912701401,86.43190222260658,100.45579777415082,115.42899719196781,-0.025657186687998736,2883
9711.52555739822,28.941424761175817,1190.0147895009277,57.24128097905451,71.4879783676966,86.14922494495748,100.81142073766107,115.72270520042314,0.03415717298501752,2884
9699.405674943067,28.92961661903753,1174.3859593719476,56.85276883725822,71.7379554907992,86.51336807919566,100.73182934483698,115.79556562254221,0.09045962698891304,2885
9139.5502399752,28.360978000452413,1192.3469780898736,57.3065353549902,72.16289471700162,86.65104123213625,101.23262881120979,116.07769761667039,0.04693961552299692,2886
9196.29446447025,28.42003248038612,1194.9466309924992,57.38119566398377,72.16683218380452,87.07630470325664,101.66143123042471,115.95179533029247,0.03875071576584929,2887
8667.631148996561,27.8642196834861,1223.9726106551511,58.09140571072702,72.62685894342337,87.39499781557609,101.55286754635415,115.69988017141311,0.16768678201450635,2888
9306.96744094733,28.534426345129134,1246.2749233985855,58.620318195533365,72.4655741849442,87.15974867773255,101.3065277884068,114.98823578331144,-0.02083739461758043,2889
9481.310095266104,28.71153260171185,1245.237756841725,58.58661784727386,72.55887367509857,86.81999227761322,100.77513787880021,114.79831848707582,-0.04169601487059409,2890
10464.938091411503,29.672893189837474,1233.070705967228,58.28125496342661,72.09944369997953,86.31395137134714,100.45994193605432,115.06683683898206,-0.14858237617116898,2891
10430.173257584273,29.639675690665914,1223.5444628121072,58.05685729911901,71.74817040815348,86.2405883452122,100.19235352213394,115.44518617448384,-0.11239803472184756,2892
9945.0229844736,29.172111584931493,1207.1090321562215,57.65098011859702,71.56485277627516,86.24361307573584,100.77549134590107,115.79264955627951,-0.1618388366474624,2893
9465.871046979537,28.69500653899398,1195.380683145492,57.36987300666053,71.6566454015279,86.5013681525075,101.06761460782697,115.94969430486934,-0.12381413802999877,2894
9550.518683545944,28.780492710399024,1213.4709504530958,57.82003759744322,71.8324776926411,86.69718339285157,101.0439816050992,115.95641325021431,-0.03771980884471263,2895
10192.579628882093,29.412442286004126,1199.6898668615293,57.47934231419468,71.80051817783553,86.61848229937826,101.38573389044807,116.07416752047021,-0.03564938602331199,2896
9684.19312044915,28.91430077662631,1196.6882062466896,57.40833136285271,71.91098606951205,86.7702661888301,101.30956237429073,116.19704340158331,-0.11583533121046917,2897
10018.0928135638,29.243418287494137,1204.4270860338802,57.60649645548816,72.01757411890007,87.11114240491926,101.6826775306242,116.4112964789089,0.07440884803062112,2898
9474.912548597564,28.704521791699797,1209.3898880127101,57.732528606973446,72.30547718856714,87.57485236367515,102.2859636580768,116.27147409852054,0.01937102734020166,2899
9242.290366999936,28.467718186783586,1208.2233145648165,57.69873245867826,72.63855583993528,87.95234416414789,102.22310773099922,115.92910514985795,0.003702935769015323,2900
9334.374919593683,28.562397568656067,1248.562549429777,58.67799763987223,72.99027289416262,87.68715937135353,101.9030721334096,115.40608109535538,-0.13559923986163935,2901
10028.324782888174,29.254249038826448,1240.1503034664636,58.454763673546815,73.01061006946532,87.14576144387307,101.50970412820793,115.13671649522054,-0.13671609325214146,2902
10284.010968574084,29.500552510728998,1236.1457945303773,58.35726933899366,72.43090221139833,86.68060756573794,100.94924593090688,115.61428229206132,0.020734791679207706,2903
10335.024345759319,29.549103327698692,1232.406957570142,58.26305067580498,72.01931818979432,86.68842082110008,101.0535097257305,116.07385307306954,0.10685346289237954,2904
10467.71497575377,29.67516488373406,1230.8432032499484,58.23781846280738,71.81532197001492,86.62758020730378,101.33800620296883,116.52191046636345,-0.11034074533161858,2905
9733.282641589552,28.96304822179646,1221.0964585486029,58.00433935596189,71.89364089014391,86.94414820365616,101.58792934075015,116.38409563189312,0.03171465436782602,2906
10334.154668755335,29.548459374330147,1229.3165688219508,58.20724762171828,71.85595630792852,87.01182861666314,101.78534709944039,116.59897801399853,0.06291171103139702,2907
10378.47332815778,29.5903397734456,1214.934987434565,57.85498442068041,71.98771676191251,87.21595418868901,101.88856867769871,116.49403547931179,0.067882995835405,2908
9584.030661515613,28.814038166852015,1203.0907459390712,57.55899019397333,72.04338434750768,87.20178336445127,102.30701601300484,116.66966961919634,-0.05169803111681415,2909
9321.884827985466,28.54885399579504,1194.7112475226268,57.36607995795936,72.12608944910193,87.51752855750078,102.72639560128825,117.07728905948059,0.050548611462533866,2910
9071.961941714382,28.29137277386531,1228.5979276017113,58.20386011560732,72.5202583808723,87.85180521438963,102.79626600012851,116.85891712383541,-0.067565501205983,2911
9325.58374668516,28.553330506645658,1223.7528865714203,58.074258646625424,73.04689118443643,88.10363817653383,102.72420940394872,116.44149003960028,-0.04907725036179891,2912
9303.072677569458,28.530052525747067,1264.7329549163974,59.06098208646357,73.14531404313381,87.93348870376207,102.35226975652414,116.07461838414345,0.04773606822732948,2913
10129.793967198022,29.35254456436589,1256.0663618876204,58.836631638288075,73.3267860486674,87.52327163391676,101.74590312163733,116.12592681020544,-0.0920803785502116,2914
10252.800150501058,29.47065338784184,1256.093004073507,58.83508998235986,72.85051413755562,87.08217285332796,101.69451878303686,115.83251703408196,-0.042368221140227,2915
10622.908281004497,29.821204672917546,1230.665981256043,58.219730462801664,72.5733054109958,86.96584445740675,101.74550419653657,116.71083261482798,0.11886370189569545,2916
10243.624439619192,29.46141535549029,1230.7405391511759,58.23474378569956,72.28238827618462,87.05949618176602,101.9967559310479,116.70863447071848,0.036609964108968995,2917
10053.304608512315,29.277646319165296,1223.8505100795678,58.066820353848684,72.19262352592851,87.37458059775291,102.2148393591656,116.75524372138965,-0.15679002503716974,2918
10047.368029604362,29.271785064299127,1235.7500633722,58.36032103449544,72.2603290063575,87.27765170658331,102.57455814360242,117.04351834649168,0.05542384154368255,2919
10078.450180013462,29.3019925377255,1222.0724392908733,58.028565780634366,72.25730568860367,87.50887578766597,102.39208687786784,117.04591967252246,0.01218429531747632,2920
10067.831963780638,29.29161014261746,1220.0938673388673,57.981342110344166,72.42274503554802,87.4932570611716,102.65803612870792,117.2951993394538,0.10692431325678958,2921
9680.83003384023,28.910956258860114,1204.0990758701041,57.59053196699778,72.38986723719216,87.84855950882435,103.04045069783737,117.42185540062562,0.049068167276395847,2922
9651.516328790538,28.882106970674172,1236.2791480285491,58.38267907525055,72.79341309799045,88.19484227657973,103.52960438905885,117.4269819177052,0.048920528602265576,2923
9322.38859962164,28.549724024057983,1248.1142561380748,58.66895672743472,73.28325470248951,88.50363056210138,103.2322125635144,116.97541414547787,-0.014050918746230085,2924
9575.15654469265,28.806375400593865,1277.5466578937164,59.36917962515634,73.76136266981655,88.36164145143836,102.7135629502139,116.43019234714568,0.09919595139646692,2925
10279.909010180803,29.49692099213463,1268.5277971453677,59.141466154025245,74.0233953629309,87.75103672055856,102.37412732280558,116.45656806642235,0.11158226965743766,2926
10685.690926043098,29.880252258119043,1269.0461779980499,59.14199189995811,73.4248114178981,87.27151582941545,102.04233578522724,116.53134999554622,-0.16980117737290348,2927
10866.95352448081,30.048137419580346,1264.904647554526,59.04959588050699,73.024404683477,87.32952357712136,102.03614841883493,117.06312736798435,0.050880936605014984,2928
10861.89999110002,30.043311734991633,1239.596646774199,58.44391755178233,72.93901421420667,87.57588647780433,102.5426130869702,117.16033441699864,0.1648502708538901,2929
10093.467890230871,29.316715679217413,1237.5881205980268,58.40619171810707,72.5149345602633,87.58423588250326,102.79201877834694,117.47637583649694,0.040266744718093474,2930
10423.124627452711,29.632670403627873,1231.0929172657566,58.24428033783409,72.83843384970949,87.93636920788933,102.87087026480918,117.56133701475045,0.08330185296212463,2931
9891.68337408256,29.119551545196607,1229.6100231744858,58.20802399978479,72.73065372402158,87.74292779139208,103.06399217950243,117.57136153730666,-0.014122684089428747,2932
10437.914837317827,29.646468696370565,1235.1278812425035,58.34626797473649,72.349775367792,87.83247895075449,103.23712757090387,117.72375644094106,0.21581984559754128,2933
9753.083830891732,28.98255390299614,1227.718446108272,58.16953896667769,72.7387561930317,88.2674592313823,103.44115816956692,117.93137091392701,0.02345983841880882,2934
9571.394340999721,28.801660773572802,1217.2073355740356,57.914145653485726,73.02540118149638,88.70682244861564,103.74547969757278,117.92422323897058,0.21708230024062236,2935
9803.526901807707,29.033473301833357,1249.9649327471448,58.709724157700634,73.59591519429196,88.67668113419997,103.40647845897566,117.44892133956391,0.046561058765911933,2936
9489.846635653399,28.720201980493115,1276.2156729880921,59.333488901091364,74.16239649808664,88.6324995576093,102.79804678002657,117.04584183178648,0.17657364784913038,2937
10079.788001565968,29.304152126896952,1294.1068572948075,59.74708330153757,74.20449008993027,88.37853308972585,102.4926741792425,116.64361741476742,-0.083423974390395,2938
10449.524838773288,29.65813513884641,1265.086723228081,59.04919359351749,73.82330833652146,87.96684126298038,102.5753704032185,116.97570768048953,0.07658187274608641,2939
10931.318476661922,30.10741453574258,1276.429579976113,59.32486015984228,73.27836662815672,87.7650109983744,102.76601382787639,117.40447400359093,-0.04921208147483594,2940
10809.616564633418,29.994662336182298,1248.5621651476465,58.66126835855147,73.42067443133656,87.84076187852948,103.19094284737236,117.85430584724547,0.04624926545719904,2941
10660.710544029913,29.856387849639162,1248.5696168219886,58.66456978399576,72.97437444649431,87.88495082886378,103.36498346637356,117.95515792767704,0.08563889423025746,2942
10665.624676512949,29.86097873232112,1235.3357754580686,58.34566722716617,73.05109541569416,87.93700366098956,103.4377978060079,117.72325053389257,-0.03110162472988247,2943
10210.811795065574,29.429939166956313,1254.8486664502905,58.82501919781717,72.95670591913813,88.06534451360368,103.24687702164978,117.89112583012944,-0.15609949889336996,2944
10108.52783920138,29.330911547142353,1231.8275945259375,58.26384694756477,73.03212236511261,88.22788259246563,103.70237887490214,118.1824402441763,-0.12161907771935654,2945
10117.222293079003,29.339512221463135,1229.403325199949,58.214175674582194,73.2121514290027,88.45467866663449,104.05008114959011,118.40375640577294,0.10114619908847765,2946
9931.476218406484,29.158807872917418,1251.4448058901644,58.746824561860656,73.57707923114994,89.13984944142588,104.29534377865829,118.15189603531886,0.011673888250521626,2947
9346.644305057469,28.574577375569277,1260.2486358949557,58.958418815129484,74.0564450312475,89.12971527928427,103.52414976770255,117.99939435256914,-0.04106093636817093,2948
9676.745892712786,28.907734873045854,1299.6877295482577,59.894204961606086,74.56164527763056,89.22216292936709,103.15193244916335,117.60918421416257,0.07907885211840321,2949
9989.55705616355,29.216138298879187,1291.6823124854882,59.684806065493056,74.51650016345572,88.66716943534699,102.44422676683197,117.15910830125117,-0.06041366901672664,2950
10665.575106512368,29.861486110389098,1290.6335181084253,59.65993962915817,74.36408546684962,88.14592991291744,102.69080043456516,117.56108779006202,-0.03986322912947266,2951
10621.43667422996,29.819675965495907,1263.4112991853342,59.00465231819805,73.96765884134132,88.2834136283268,103.17282991348912,117.96424342940169,0.007873414321421825,2952
10518.520993129667,29.722859550637985,1257.193670508957,58.865593002049344,73.26330348593405,88.12119273431553,103.47566965773896,118.19719578826042,0.024378719373272663,2953
10974.784733394608,30.147249118723156,1248.897058914428,58.67387242663585,73.46075633515046,88.49749070316706,103.795013107751,118.22465710442354,-0.07302361621819414,2954
10894.980706281838,30.073889082728986,1253.5962724031713,58.78602535219512,73.2908616084178,88.32141788476477,103.64004837408369,118.34059891391176,-0.11172606724355594,2955
10652.25385399265,29.848573838965116,1258.5244974566497,58.90830562248322,73.39743842139556,88.54971317516048,103.82309647142303,118.43493091699455,0.10475419663029002,2956
10276.807682096114,29.492956597080585,1244.0371763353285,58.55924410288975,73.43304834831079,88.5823990322544,104.02208312525212,118.65704412225851,-0.07358749733242059,2957
10015.844337666433,29.240889005748702,1262.5715785906714,59.012997771389195,73.41405007517356,88.87772263341635,104.14848204360462,118.95675877012526,-0.04192219442049486,2958
9653.009268644517,28.883206991338447,1260.4225036045875,58.96836178823096,74.30459263692427,89.40409341588868,104.19162372864878,118.77052437209531,0.18459275766278868,2959
9856.102790345863,29.08512524158382,1284.7560582783285,59.547146319690206,74.43199439397887,89.65594022897339,103.90280022194534,118.4307649619991,-0.09546303234392287,2960
10206.62520385059,29.426726610983575,1290.3556898899137,59.665961948788855,75.19512118347109,89.35891780839701,103.43043004422307,117.72284517733185,-0.14264177316292712,2961
10271.587558246223,29.488980268623745,1315.7274857360055,60.254107172311755,74.98562124681274,88.79066305272214,103.03768933605393,117.97520929940194,-0.17887473286622235,2962
10628.92381820326,29.827154223025886,1293.7854981281885,59.73233771750539,74.49528077490206,88.64063348119505,103.00426549802344,117.95819583965798,-0.172207968863601,2963
11007.564063192634,30.177089510995135,1290.5981153211635,59.65967715718025,74.19202147128763,88.33015087823729,103.50409843639632,118.34615146007512,0.07160815269607017,2964
10575.96186370265,29.77670276483097,1268.68497868143,59.13881342909257,74.05305933363901,88.5903872381735,103.86085074547826,118.75696513554344,-0.027133920594273442,2965
11026.560792018174,30.194503045778085,1279.1210409199691,59.396881237219404,74.0358087321971,88.63858808942935,103.92793654649282,118.69911914062473,0.006765670221171293,2966
10455.17115949777,29.662783872500135,1282.6925336349957,59.47928118085054,74.0953699748204,88.8140387066854,104.10319188663851,118.93887393135292,0.08604020506847176,2967
10601.403237010283,29.800767009234956,1267.1121066742032,59.10987798855441,73.97928237703596,88.98384270072445,103.92616475221668,118.87015346204848,0.01620318488739845,2968
10233.231986354584,29.45122734981298,1259.4717861445083,58.927970869549846,73.84921219843923,88.92323476366855,104.10737355645867,119.44205277047459,0.07225708222563541,2969
10009.284725351266,29.23449896665155,1245.1258169294463,58.57974399200783,74.09548970728629,89.26053171482395,104.40251115200812,119.36794190404692,-0.021048110817797044,2970
10198.566398161121,29.418178013144562,1258.2415976743616,58.902521816004764,74.07642897104704,89.6082171226426,104.54223112691871,119.41409571136197,0.12791631656965244,2971
9809.525986407602,29.039345613670477,1272.6179611491389,59.24867686998418,74.7718338327441,89.8519699354123,104.2033579077076,118.66312934607706,-0.10437572273312185,2972
10258.375406007124,29.476180488214087,1301.0951718838028,59.92079583088749,75.35092535054089,89.52929102043235,103.63418481007106,118.07464380762852,0.08974352077534065,2973
10719.071264764216,29.911266956744296,1314.6481377059602,60.23049043903798,75.38153540285477,89.1948507646293,103.14399963640157,118.24247827332071,0.13571916895657465,2974
10517.380057838394,29.722141146460967,1301.7155913212725,59.919324951532744,74.8670311589186,88.97910178554478,103.35813012958316,118.34375616790378,0.0405732654670628,2975
11395.429566415789,30.527879445073495,1292.0846334911084,59.69330499101853,74.47293681859934,88.99628129536522,103.73516335457249,118.88674141817035,-0.028219338914525695,2976
10767.351500108975,29.955518766637844,1269.3350317674826,59.151230457173895,74.54992543706463,88.99473363655238,103.90964820242253,119.38297857406934,-0.0447655519196681,2977
11113.05634794052,30.273449036453155,1284.723708665557,59.52765296084004,74.32513856147506,89.21053239138332,104.27490051924654,119.33230504150178,-0.11016058207050672,2978
11114.612581009618,30.27501418620311,1271.944644656921,59.21933871072563,74.39216433427225,89.01910398289417,104.07253017715078,119.30029805223583,-0.021168794947928532,2979
10818.076727301008,30.002721141682105,1272.7156022366173,59.23900073386979,74.43217187345144,89.16276519541495,104.20531668598991,119.43751905775574,0.023671477983794913,2980
11296.652497076866,30.439295456985818,1258.0974261756355,58.890204869603565,74.39792371656469,89.55425211317075,104.43780213804592,119.73393173154324,0.10082710055912514,2981
10431.990212879726,29.640967718241708,1256.7097512768005,58.86402271300337,74.30511430688927,89.71642362986852,104.66757779006673,119.9357511063017,0.006633379283157867,2982
10561.5391982692,29.76367458613113,1278.763712435454,59.402981787441114,74.64088773679421,90.20828071466075,104.70057215054513,119.82229087580721,-0.048135120085990996,2983
9575.498673911927,28.806043178318312,1293.1632196525522,59.73980197881224,75.48775826310572,90.15131182450682,104.57005232674905,119.31459050913087,-0.22707797945040978,2984
10605.813736678863,29.8057805454981,1308.25794523378,60.089830579469606,75.74252610001258,90.3551689153693,104.18083403363556,118.92360183686753,0.22402515447315063,2985
10702.448060940676,29.896036050727428,1338.9769779336468,60.79658720090869,75.6281697744005,89.60127339348526,103.75509805924158,118.7489792043265,0.026857129518005507,2986
10632.800019618546,29.830380290982404,1316.8186492854345,60.269132237209455,74.99531045016857,89.3506132778337,103.62479755626042,119.17263913125697,-0.08087644274274025,2987
11646.6189030663,30.750879095424377,1295.61312133869,59.77084074288942,74.97177541154129,89.16100296266492,104.05035736767955,119.42046734049782,0.09033064446414646,2988
10988.118334803583,30.1592139251254,1295.8761426279823,59.78536514408806,74.76795396700962,89.20616160749124,104.33746692227594,119.62559704697313,-0.02053904433374927,2989
11152.088787930279,30.308726856492378,1279.143718178486,59.39355989099857,74.82945336250442,89.35993742041559,104.49314686076316,119.61718422835101,-0.0281976367843725,2990
10568.288353462292,29.76946273029772,1295.8126714086825,59.77968786780039,74.77443164559818,89.43805351836153,104.6673013141319,119.81472475059864,0.14470578616837,2991
11053.072344810425,30.218610048677913,1298.929429299697,59.86233656253391,74.93509372081213,89.70180301003961,104.58299283318028,119.93470010381493,0.04505774263188411,2992
10566.100821698885,29.767580451269534,1290.4610133537487,59.664172495298416,74.75599363392566,89.58980010234157,104.55699294695626,119.96372201314166,-0.185388690464819,2993
10435.69054772817,29.64426965666711,1281.3340304137694,59.451870110734674,74.91067076201841,90.08145279934126,105.16830723294119,120.37856217044066,0.09939000677948054,2994
10568.990872575252,29.770534033212407,1271.2639284996776,59.21285706445358,75.04620211559272,90.3123730455959,105.11424245418632,120.17686682300192,-0.0124319833279741,2995
9918.881390833882,29.146698195350616,1306.5768231256268,60.0512322726368,75.37774975779514,90.50694372335896,104.9998135934353,119.69749111701779,-0.027961309498823823,2996
10176.824049290979,29.39783914729694,1327.8069022551667,60.54279539449133,76.15669356602466,90.50151401065722,104.63411347984162,119.20833653496125,-0.005815262525011861,2997
10864.217227455732,30.04594748688498,1331.3731374624367,60.61997209191979,75.82612000068958,90.02470478661732,104.1387644054636,119.0917477971301,0.2805312048103098,2998
10771.2643711059,29.959594780128416,1324.9189225218563,60.458288367502426,75.34443497767589,89.70858074305131,104.05065971924799,119.54573680229498,-0.1019373959230437,2999
