X1,X2,X3,X4
-0.977838465691636,-2.4949171683237648,-1.0148329102355564,-3.5192260383795495
-0.5792215227248583,-1.0720558997885639,-1.087948633854816,-4.632150414453558
-1.3359467477366331,-2.425600683212357,0.1783334308339669,-2.542513394937129
-0.30972273574750087,-1.1062337610989685,-0.8458582351854687,-4.646113714494396
-3.9045108173958067,-3.332875541151164,0.47204979233337396,-2.3608175519746206
-0.6924990026496864,-5.277450938182441,-4.4679157774422755,-6.654289153763125
-3.0850964403532037,-1.3280108406692812,-0.699660275317184,-5.655710629513033
-2.2330359356167877,-1.9726639785709659,-2.5261156801883584,-4.399927170748051
-2.5755619549791033,-2.604159463649328,-1.162786648881779,-4.700480621447191
-3.4028968172071097,-3.4759207872062063,-2.6888871651654163,-6.873076984656282
-0.7181279364583818,-5.956387970833406,-5.222248177848084,-8.323893638098784
-4.570389346519721,-4.3039845849588065,-1.6562020668496262,-7.988357861346145
-1.4449504434431673,-4.550083762885235,-3.717359462926684,-9.08326965258763
-4.057145084082991,-3.124350602917457,-1.0920761292512022,-6.041031653602059
-2.7515967246870994,-5.582947304403529,-1.5619679446414083,-5.196985927237143
-1.3848786849660821,-3.3733219000717094,-1.6185309390915803,-4.857793312769909
-3.1228775985994845,-2.5525687099131784,-1.0263726687413763,-3.8857791535835258
-0.07751645676188113,-2.6465412867854177,-2.530693355661026,-5.381927687055372
-3.7445170205911382,-1.6999372241073916,1.042170216760188,-3.9101787046176155
-2.1104992023951934,-3.021715734601026,-3.585724068630349,-6.3145606010522375
-2.7885566696591098,-3.175614189928007,-1.8286831496567537,-6.664546640674084
-2.3741916092261177,-3.7410808356652314,-3.3201034558655893,-7.785272317458885
-1.2564632047567845,-2.1679646565467534,-0.48044723868559025,-6.829800430906921
-4.1437423871419945,-3.724817283335444,-0.6126716268038139,-4.173284684422923
-1.5929914219481147,-1.7051498347658067,-4.022517205717541,-6.416332224667338
-3.237921198261647,-2.5299238135207545,-1.3888481478767998,-2.965619232432033
0.5338825219468042,-3.304652713388073,-2.080686195403038,-6.557471163601612
-0.3703475902275455,-0.6159876919431833,0.17638710483516795,-3.907783313516173
-2.6581732831564153,-0.13054104405197653,-0.8307486938946372,-4.522912223225571
-1.269052867637006,-2.6819932298789846,-2.7808123125094637,-5.690024665271987
-4.411489242546034,-4.425078416054628,-0.6762803948684901,-5.2446995234974585
-0.9582921868085874,-3.274004063288946,-3.887245673247513,-5.6400040928797806
-2.0753134127964494,-2.715304044037813,-1.2203914842096162,-5.824248752166967
-0.6023791140942678,-2.903744244338866,-2.9963124852925653,-5.665001944500981
-2.4012669779603364,-3.4402593340782133,-0.4042627147482446,-4.925959183772765
-3.161080618387947,-2.9706778146332855,-2.1022370211601773,-6.0779384997505375
-3.8270686121231168,-4.746794138646463,-2.850512843352323,-6.806718386010541
-2.7808629361371056,-4.356292944127698,-2.862884212209775,-7.215737241570213
-3.277138274968255,-4.056717102389204,-1.4766880861737866,-5.834499580443371
-3.1205043844147946,-2.1776072975247462,-1.9201451480341358,-4.853333939512259
-4.095970224845689,-2.1059367046830966,-1.9436750066320734,-5.531730640082159
-3.5680490525215123,-4.6687941717533,-3.5174464585122727,-6.669301809273661
-5.196144971848028,-4.441074258547376,-3.421437577958452,-8.698962977784195
-4.889638909135875,-5.983396228748277,-5.200831618800859,-8.120992829386935
-2.029077566103113,-3.9986278925451435,-4.504867634646782,-9.502447127659334
-5.780227148264813,-3.8009758003685366,-1.6036119577459207,-5.701961018305877
-3.8953488877669518,-6.324820362119471,-5.4104678402643325,-6.183432955623945
-3.651272531735107,-3.574590985724626,-3.0202219710961185,-7.543911632682093
-1.487426729211006,-4.697183589633037,-3.8864747032999505,-7.8903861646569
-4.0117416777444515,-2.9267359552229757,-2.850933272375827,-5.96522323101638
-4.00207589552594,-6.228123957479411,-2.3899872213307662,-5.5706536887793945
-3.611989731815192,-3.8880512009770616,-3.676075311786597,-6.426335624316631
-2.0979765692249313,-2.2175441934001716,-3.726625438676045,-7.168372455525256
-3.5365653089413365,-2.5112985679497366,-2.7722283966773835,-5.165531712346502
-3.3001369694268012,-2.7435931103402567,-2.406216272422669,-4.821488594029016
-2.9919830261718943,-4.84411834088488,-1.2652018640734737,-4.842424949198737
-3.021297276154378,-3.537299275911464,-2.7966602819436597,-6.130649873543776
-2.921135868928512,-4.715120181162871,-2.6326011955860844,-4.780092480287488
-3.4127542570638982,-3.966061563487223,-1.2652768552537375,-5.02496047423487
-4.485532227547639,-3.4042412444893397,-4.540649110009431,-4.99648228668997
-3.4405423855925616,-4.707288168319534,-1.6215571391254442,-5.570522235225475
-4.0198022418599635,-5.533863309595544,-0.30833360614768024,-5.560138014628836
-2.948669237634281,-5.719776073330768,-5.922179322908054,-5.486422838993174
-4.2716054682809474,-5.15304911111468,-2.4564386190241816,-5.416381525629962
-3.245562210045821,-4.08800907164628,-4.136231406494322,-5.04294831448448
-2.8433581091169255,-1.7407359856229503,-2.8612215389413906,-5.189086428498858
-3.477252898284426,-2.2071390922769476,-2.693071556909464,-6.525508296151118
-2.5442572649764,-5.798636939112732,-1.9700432201481828,-3.38774536265237
-3.8212738357048197,-1.9383224868517341,-2.1479757189491107,-2.9885883005766267
-2.894825344419696,-3.205928229053866,-3.9679262827638127,-5.788164010756021
-4.05387400595372,-5.136211818551898,-2.488045436830881,-5.6546947289195995
-2.869544859678753,-4.567743299643318,-2.728314967800566,-4.535211883400988
-3.3963522338785492,-2.372942332968891,-3.4793572155082844,-3.745748598588301
-1.2522410387611917,-3.0522099581498026,-4.36331547607282,-5.582375120480246
-1.57223388667388,-3.422244677418969,0.9909499698263666,-1.9544091652320783
-2.2672109698009546,-1.774853150211205,-1.9002137890475406,-2.95580562726638
-2.9839465828710843,-5.059783090624055,-1.9511217627602864,-3.8285698473435987
-3.9441930738231696,-3.720959195346473,-2.78495267212244,-5.635672974170609
-0.9269508577272727,-2.7083375505384533,-2.607266754976394,-5.448873291670678
-2.4954642551013864,-1.8499938187321847,1.0312292369092255,-0.24700815448899105
-1.116937510372503,-3.304356236378649,-1.4164375623518248,1.2154722892925585
-4.484291405960428,-1.2643843019595753,-2.4119151558379937,-1.1198579035622287
-1.6031268105396554,-3.2241858433307486,-4.971556551776872,-5.209943973457245
-2.2512007936294873,-0.9127061459782677,-1.681466223758641,-4.149795533945064
-3.159726217234999,-1.8683735767112069,-2.069193834436857,-2.3266054558985916
-2.155593959450944,-2.172021267968903,-4.2497322433346,-5.376807302286258
-3.558291607241194,-1.932659774489712,-0.9051342473863149,-4.1191551186242314
-1.826893586639056,-3.183263001212412,-3.932953843674434,-2.28691886158612
-3.1969173862388955,-2.2584710741827685,0.03178669281451052,-3.3283022432128035
-2.5967981700029883,-3.4581094140823248,-0.7369013117853958,-2.5062511215775993
-2.928233051051805,-4.019853586287634,-2.3256920686345683,-2.2815203123923347
-2.9249823765196226,-3.9677729608161796,-1.9036138004232592,-2.5669895632839013
-0.9060713458522733,-3.0633380970842667,-3.5719331232998996,-4.032641718146257
-5.627608322310557,-1.571558887166729,-0.10118075020270434,-2.100546924203837
-1.988285022437315,-3.285867065844039,-5.000279081282816,-3.650400505468279
-4.101408265308734,-2.4045525673578605,-2.6778633395382054,-2.1910541560088848
-2.1606397097913694,-2.61645380579965,-3.570461600499972,-4.27134998538805
-2.875654386901794,-1.2254301167997734,-2.1942597762384586,-3.645687953847355
-5.650845798529546,-3.285872297481054,-2.62568291252519,-1.8746312916161965
-2.1039742209554446,-4.019141883436434,-3.5709967360072774,-5.274220317461473
-3.1487768177549547,-2.450310925467557,-2.4684869694000886,-5.265707924841409
-3.6661683702895447,-1.6388609525246491,-0.7839984544300878,-3.0120484184748997
-2.148387588630186,-2.5065064175010066,-4.25799432905699,-2.6790976755918847
-4.98703230753244,-3.5250638633002684,-0.10327979772555351,-2.470514664241679
-2.187505250621663,-3.8508336843152207,-5.006136467932645,-4.345089461574165
-5.120803073347647,-0.6684655773541925,-1.751017433033946,-5.63531526178053
-3.2612929828114803,-4.335615506993933,-4.586838572156138,-5.534617371124114
-2.334550736289958,-2.2826899467793513,-2.952763057787039,-3.9864556036582526
-3.5415074031842533,-1.6267684106420757,-1.0662833526764177,-4.392602699333086
-0.5287163880458663,-3.723053168300811,-1.3333791253185923,-3.347626222286517
-3.1537433492882565,-0.29940196157366283,0.7675515945189489,-1.3714494650335678
-1.455918006499097,-3.8417622055562335,-2.927851011772453,-3.0034476824010157
-1.0002125166213152,-1.8095457904259884,-0.9804791827947242,-2.433884045296992
-2.059719546103376,0.1348274062603645,-1.5822478869654142,-1.4338998158699572
0.06352372446346821,-1.0834729722073653,-2.6393259494573957,-2.36169252939823
-2.903302401230525,-0.5251205900186271,-1.0954819261578943,-2.9428723821899907
-0.6296513251586097,-1.5936062259933006,-2.760215227968549,-4.993258465716323
-2.649181282226197,-0.6805901051281609,-0.25411542911194573,-2.278631545676214
-0.3551015010361399,-1.76224978387134,-4.031160185532462,-3.8495475164478075
-2.47113240199623,0.3061295182423426,-0.3304349034096777,-0.9612927251797263
-0.8468516087156711,-2.3670217756523195,-0.4608807970474593,0.21591779818308243
-1.7410429210825793,-0.5219816077421406,0.44442978210158823,1.4895340367510759
-0.5767693520036148,-1.354416002250002,-1.9780184133927294,-2.1779553502747837
-0.2972032223280998,-1.75522000406387,-1.858288390885678,-1.883338936756629
0.2966952806468792,-0.8055087111634653,0.22206772860234672,-0.5559602952423361
0.1587472756167594,2.114447853210047,-2.0800720256899967,-0.2781232908106671
-2.294214075871091,0.6183361238519764,1.2371519363760848,-1.0071365831735526
-0.27596421109162855,-2.576133069665281,-2.0489587185801135,-0.5094976086346465
-2.467715841694411,-1.5703614153164733,1.610528951704098,-0.7519958139183993
-0.5079143075886493,-1.4516429114107319,-3.701138158931995,-2.228937959591621
0.35674415023789585,1.708632978158284,0.5118147791369139,-3.8627600975047054
-0.7635303808321741,0.48233339558692334,0.18488648337611824,-0.12192746009090705
-0.6585404590056126,1.2306112394110353,-0.9418748361378197,-1.3220654452357061
-2.6293404777036917,0.1799591676029365,-1.8966758324166346,-1.639267832159807
-0.5504452904208702,-0.8446086413089586,-1.507724475451237,-2.956895449355836
-2.3528583131140257,-1.3490431629856836,0.23578115244016162,-1.5979815107714817
-1.3281281130231033,-0.20770761301787544,-0.09715884852533097,-1.7155159147391663
-1.1936899145085753,-0.7223532221138335,-0.054452227557890476,-0.6167896057858321
-0.8234222592567013,0.633594517095771,-1.5488472605625954,-1.911218745450535
-0.26330613024028293,-0.7019545647964829,-1.662600391022876,-3.921204952059269
-3.8794297947834635,0.3459621035712803,-1.5791363377146128,-2.084586668369977
-0.4913503926014334,-1.6456309580770077,-1.6303194901873008,-4.524024215671173
-2.464526281413441,0.04829589037618218,-1.1712545983590128,-4.001816743414186
-0.24349604055637425,-0.5269376519984366,-0.49139115615944595,-3.9198406562922825
0.25229347582434514,0.4314010428515783,0.3302752084169672,-1.09736994736193
-4.124701194474662,-0.017264792829403963,0.5317376622534367,-0.2914169609403536
-0.7106318835796497,-0.4609143996727707,-3.6066292681400283,-5.475940478396103
-2.703707415150697,1.1970358732010864,0.09216740613853103,-3.5557476344389514
-2.058658361521954,-1.9198562263233763,-2.17843669495736,-1.824255333649814
0.25024207839033297,0.11507490918067909,-2.016139980686374,-3.6610367407302036
-2.7233231652976495,0.1456381817204987,0.8961984493604666,-1.5642030894972314
0.6163890832487456,-2.021473582521512,-2.3226306414592504,-1.221258377791331
-3.2844589517459677,2.166749597559959,-0.30522351213983034,-0.5155838147043499
0.09262905082960626,-2.942440920933225,-2.0277403859361227,-1.5592015167791196
-0.44863688068877905,2.0195324069274245,0.010117585035119767,-4.051840632669912
-1.0824690370968533,0.4184385274239247,0.13000050720678125,0.6377105967303995
0.31827699397867926,0.17632267804324486,-1.3198350880316692,-0.269667800084467
-1.9131207551396847,1.5748738019799773,-0.9544997094980125,1.5396492754161493
-0.6578922423352389,0.32928323445058316,0.20457735840252766,-1.5840650796548545
-1.3284074981545846,-0.24769411568555877,1.020297616895383,-1.8551783967992612
-1.0227031721684048,0.8760718385987434,-0.17894103726170651,-0.515956972965562
-0.12167138773445751,0.5938242048427143,-1.2059732231089972,-1.2529819743596253
-0.46808771674375016,-0.16199266860977413,-0.3976550833486385,-0.1510054762582682
-1.4483178970132575,0.600710633583063,1.0078572725014645,1.2864139369026257
-1.023256637768745,1.5247493589462409,-1.5124843551780194,-0.37627648173220124
0.24594501306814198,2.260564584057236,-1.4511613465622937,-1.6245635612960805
-1.3160522415641656,2.0490858244483126,2.0689906860909666,0.8817956465678072
-0.9333213691281244,-0.8987214166394615,-1.1005194748652047,0.17275612734619733
-1.1798788774575177,1.039972070650001,1.021768233211346,-0.2643735322592037
-0.1339038129631146,1.3461923058681584,-2.3422950126560163,0.4848466872375141
-0.45554087663402854,1.9344833702985793,0.4110618324140101,1.0869198744110413
0.6039825631733491,1.8874220143872091,1.7066498979093923,2.5784213490601418
0.1623628596854504,2.1755768206840544,0.5129367951975412,2.145435038693085
0.5538719097479775,1.4817107958373477,-0.1341142045194359,-0.7690739233558312
0.5683460246852612,1.2324976516587625,-0.7246543898000377,0.3579015681403019
2.3768186169030594,0.14458852563060098,1.5370198741834562,0.7044933344543741
0.38100260506326095,3.4586319998790493,1.13132681088176,2.9244487550073837
-0.733931553772259,1.8060286004299089,0.2099935246606202,1.55428350537988
2.07169161892276,1.6866395056571362,-1.8216475228104188,0.3594030383687792
-0.5404921955003246,1.5026430694598603,3.2142478952356406,1.4812982743930452
2.332135562255943,1.9517652167376571,0.722491554325423,1.4918380014789647
1.2298058896419952,5.269147011756657,1.8341237005916238,4.648414903780093
-0.8031575368170832,2.324788229864334,-0.17030422387333188,2.342502875261263
0.3991015401762381,0.8879012881356677,0.8933810197889654,1.7139888118787094
-2.2731028032775575,1.8384181549886531,-0.046650494906156637,3.1238636978936527
0.5714822611906667,1.980565639350615,-2.9236870834395647,0.8196962742823705
-0.0820118508007876,0.8547454553999316,-1.3049322035200106,0.9223358894014446
0.4083502049995627,1.6769003433034335,-0.711574612534405,1.121252555785531
0.43481902401627903,1.02305008739346,-1.1279579585302895,1.8944336142854543
-2.345142183031364,1.0187512879986627,-0.27496561730980135,2.9270065731015
-1.8069527940291712,-0.37407009734490365,-1.131705012727376,1.1137819984824628
-1.1592234315256935,1.4656679623923616,-1.8209623991985704,-1.874314076018753
-1.1710773281531401,2.3722798536274,-0.5716853631068439,-0.6422786202701795
0.09718356796190453,1.138079206250482,-1.6601965220547439,0.9243779646314452
-1.056156129370982,1.0853104737259107,0.14291592073375498,0.7409758026341735
-0.7166431809749515,3.1801772707409937,1.0759759185892355,3.6159398017844095
-0.3475566950724839,0.5327719910603768,-0.9218006228068578,2.246516294673601
-0.7146488804489773,0.6085635624529248,0.10638408156167162,1.9073762751511323
0.404878142046177,-0.7431314741461825,-2.1372463318276202,2.270044417315799
-1.590075767779862,3.008603974273628,1.8440086360538122,2.1992940573593796
-0.33549393329584576,1.3056805315308788,-1.749267243168755,1.9203055945931493
-0.7720401347692157,3.585131631666958,0.7821385032698244,2.6805860178637806
0.2954570685450072,-0.4262831155882828,-0.7408124035742778,0.703433943433359
-0.5773221685860914,3.0755382951001264,0.8479450198568121,1.9589545521008018
-0.12614209388531472,1.1152453875239845,0.20915469234212747,3.3632421387158304
-0.7222468428563475,2.1004107830624106,-0.5533540146209688,2.5055269320303037
-0.5666332816553956,-0.7627753377798169,0.5141089614767739,3.6214341269123222
0.6161241548684029,2.572113191832657,-1.2122914893174161,0.5993382784048493
-2.5650380961748995,2.3916108245980836,1.270833543922265,0.6530659213173811
-1.0514812975832168,-0.5185972390737738,-2.442235771106451,1.3526091710068942
-3.1258278669584443,1.0075888276766847,-0.49162708943451344,1.4797517368430535
-3.142673409467611,-1.867202491133445,-2.9626552959210164,-0.603976492962544
-1.9331162962001973,-1.5829998585838978,-2.464162752867493,-1.2378752917338505
-2.104421853093515,-0.6490172082802987,-2.621186738651925,-0.417307091172716
-1.7771828632742819,-2.137613894464571,-1.4359804977860178,-1.4901891682510255
-2.4173347780841272,0.7292547627373969,-1.3775584556598397,-0.9928466731803959
-1.370710639660154,0.7024348710508899,-2.4740213765397745,-0.6942493218115469
-0.8475394048744704,-0.4192959584605275,-1.1515964781184194,0.5600199528316081
-1.806704181102974,0.8862770058868401,-0.5440270477316665,-0.3093792517461694
0.04122475549502114,-0.22889131377898303,-2.0617203981474916,-0.29700596810182905
-2.0198928211594414,1.4370403709440218,-0.09577877133365226,0.5411069557050829
-1.5021411659100286,-0.925651962674735,-2.621466197822474,0.28360327678770797
-2.028116465215691,-0.888011649868176,1.1440201062329844,0.467130856735359
-3.1349591860715176,0.5517811366580105,-0.563374511964368,0.5358859622544888
-1.8815797085939874,-1.2309497023669211,-2.234873243225663,0.5039882755210211
-2.9354426916899086,1.6091895546039292,-0.333150839398495,-0.7446785770875828
-0.8882754178734065,-0.9178954834707426,-4.327606630035705,-2.0558015616014456
-0.761009747286816,-0.4633102781805384,-3.2683000721327313,-4.024440128836065
-3.393798817349502,1.496281003578379,-1.008098859579359,-2.2152110993762353
-0.9284672596804828,-0.7159701549343448,-4.093603197481711,-2.0622219787805136
-4.20516469367724,0.7580249593635316,-0.9793793321927156,-1.2863862541748976
-0.4336742503137427,-0.7153669407184966,-3.1584751143468934,-1.8473128303694613
-2.6141738711697546,-0.15778351257857293,0.573475098089617,0.061968600634188575
-3.744642359679153,-1.2930740453076903,-3.2296030812110175,1.0189335175067757
-0.8430235738566344,-1.8602889775604332,-2.596083201583251,-3.407342354214909
-4.579904239486927,-1.3443996174406803,-0.660029165933075,-3.0387592367151885
-1.1722491504587431,-2.61495097396569,-3.316414081656457,-4.24299245653019
-4.66679146661803,0.9978774726627505,-1.4575712711205944,-3.157562724104429
-3.1127290317565035,-2.415362239332857,-2.3502980334323045,-4.287796982585276
-2.3270170795424154,-2.8561418697316463,-2.593691873834929,-3.3444281683358077
-4.035560976558121,-2.7109316756627955,-0.08743144013016368,-0.8434210019117858
-1.4209711127180982,-0.44934458435361835,-4.018837434928721,-1.3759950924172284
-3.989254367659232,-0.6559028480294226,-0.3939495502189251,-1.6610160992776857
-0.9461884167091339,-2.7316646982170187,-3.251071974687914,-0.8675972874880222
-3.500921874465203,-0.5090735351584543,-1.0846931500340709,-2.3317821453222547
-3.9677325134793593,-3.573195033104083,-2.168422159104616,-4.555439899119882
-1.3937240770196675,-0.7682703596272982,-3.473359489973077,-3.5220670804372753
-4.30998161266655,-1.1006400796471452,-3.7769445987730625,-5.885806212062411
-0.055363802287023756,-0.9827854909459881,-6.510853413307547,-7.7206074711919985
-3.5220746303834063,0.3060757718787109,1.2281311184544301,-3.171904876703513
-2.1426856880865364,-0.6320111076459634,-1.5874012464270295,-2.3643563859506385
-2.1091234596552417,-0.8633758177772829,0.17319239578671763,-2.222979893291713
-1.2753210902502436,-0.18765585509392324,-1.704827016006371,-3.278261556657408
0.9947368980826203,0.46095478305892124,-2.3128916741980863,-3.039137821713017
-2.3293167251840465,1.5936567922563016,0.3762056758150949,-0.29391930814793943
-0.4137838016848827,-0.8453180670905822,-1.8520288647859244,-1.9298620106644644
-1.1429799349532588,-0.18667530624270118,-1.3380652656330154,-3.081162834294643
-1.6902134787349103,1.3677439319790408,0.7341907750112597,-3.0386611255838307
0.2589488541829359,-1.6716490748440505,0.8873320966558085,-1.9719063635762355
-2.035627949913335,0.345520410678767,0.6854397840765264,0.15444938662590824
0.2364907377065802,-1.0520697448107093,-1.639366106628864,-1.4446600593763004
-2.422672748382703,0.6307416423109906,-1.105774388309168,-2.7613426511604895
-2.316428863823134,-2.081394038264832,-0.391704302550111,-5.042547617144047
-3.154845383091175,-1.3761884823397432,-1.7768362802094608,-3.1347950677057206
-3.2934125198578426,-2.490166529821887,-2.8130407048835524,-5.413492557964152
-1.9178526076316305,-3.892444906840959,-2.1535559272117366,-4.524923729814092
-3.1512342207690347,-1.4911884363367454,-2.11999361509449,-4.998957052418146
-0.17990957329786528,-3.1974055802261807,-2.374112203493409,-5.938775067930514
-2.047046432022807,-1.9679281066133385,-1.5863945094839522,-3.612932512059692
-2.6987521629194813,-1.4987899003034175,-0.5505499563658114,-0.987461343230517
-1.6347410673762615,-1.5275541405816595,-2.2634127714712586,-2.6268548363581887
-3.332071428194583,-0.9436609339930719,-0.1489919932669974,-3.003160718828721
-1.1916891583771585,-1.9072803856338774,-2.866793320397286,-3.795420747651382
-2.5042332806933127,-3.0700168953520364,-1.0895510354857052,-5.600753827903857
-1.3260495436729267,-3.3293761444866927,-3.2157040528466077,-6.011965981991809
-2.4087456579188027,0.6916855097580281,-0.30108266192019817,-6.707977374911627
-1.2652089531993962,-3.002468922429679,-2.802836480358134,-2.883664150554781
-2.9421556342903847,-0.7414716867972385,-1.4985895357587455,-2.3497662587063832
-1.8783820545840861,-3.1365002611130173,-2.352677321349771,-3.8727155304974783
0.46357113761417645,-1.4207367943857268,-1.3814814599779124,-3.9646905494548252
-1.9204841136261692,-0.762292989140757,-1.3352400301264178,-4.32569339661421
1.032395598813563,-0.9705347069181632,-1.767193156388952,-4.170836431337444
-2.339799695785069,0.3051245417175781,1.6211466976945639,0.24049289544740526
0.1577838674445351,-2.41995954810985,-2.2501777911519576,-2.073097828984704
-0.9948974734781377,-1.4179035522597367,-0.0985046602576935,-2.9113414539170965
-1.0517577042550215,-0.9414707439841011,-0.6335119279397836,-4.075347759800992
-0.760733334057707,-2.4614509612766122,-0.9673665959510163,-1.5265491911321065
-1.265477341062492,-0.6966213923534902,-1.6391021696337702,-2.7375276078257595
-1.1530119224923538,1.1318812911844298,-1.048727996516898,-4.883451056097597
-0.4646021709568857,-0.025096338034366727,0.07166363201201298,-3.7317071225976925
-0.01709780892777779,-0.15830210754632756,-1.422857684032599,-3.70803459018571
-0.2461363452700664,-0.6997090796692726,-0.3881601366280402,-2.5399246266938573
-0.9275363085508268,-2.808891367800809,-1.5785404001511303,-2.0970704111050393
-0.24560855457251407,-2.6285402948981025,0.1993529036496835,-2.731141313694942
-1.004742295300269,0.3509000101338018,-0.28884505049589015,-0.7622446150515766
0.8041939437150034,-2.09896013312645,-1.6539934698460783,-2.083679657354205
-2.4568454045002914,-1.0948414187157431,0.7356207551151802,-0.20195720784457105
-0.3972785505365579,-2.664262227917371,-3.169076538495686,-3.1254231505399654
-3.3420389746604005,-2.439393202053817,-1.3513183718896529,-0.28750616863675615
-2.1960712531456186,-4.5765011398066076,-4.133764709580101,-4.861696616095036
0.09493971434121073,-2.3942616448832883,-2.8236362400738946,-6.213431057081868
-1.4312733468512693,-1.8092379225220396,1.4332893554727748,-3.4304891035100935
-0.870649651382464,-2.695684683426844,-1.8781370087636113,-2.2573621904532213
-3.8891596167967317,-2.669596129642669,-0.23029459845449246,-3.938739375132272
-4.497889290105693,-3.5638434210291536,-3.9476291133933072,-4.262145606194542
-2.440605459160395,-4.562314712824706,-2.838777686321335,-7.779531730250367
-0.5441663062310789,-2.902246362624454,-2.978566368259632,-5.171491185749039
-1.2207432838077823,-0.8897224367186305,-0.3961051172231067,-4.3933165103961205
-2.776235247563395,-2.280311213608482,-0.9237433171772771,-2.6828567299939508
-2.3942360774564313,-3.4892175844218,0.10681713837587559,-1.7427825634208514
-4.169378706356338,-2.6722648006752787,-1.28496357398498,0.18571183239459454
-1.7665245545413906,-3.4980483233867172,-3.928406979414344,-5.1027209976863315
-2.5955835220663217,-2.7350158454188147,-0.7281706799825987,-4.017539810613339
-2.357480552873441,-3.084217026956838,0.061707652832150295,-3.079031394709319
-1.704103678071296,-3.7345118902304177,-3.515620532783048,-4.0276283974116245
-2.918784403378837,-3.49696277279769,-2.2057649850257635,-4.679578544279744
-1.0669880981983462,-2.55122231769806,-2.5719250818163637,-3.351951950840588
-3.445556244953339,-1.8355521778396344,-1.270678705700628,-3.2576596477712747
-0.8144189171253455,-3.245129188658496,-3.0892016942925458,-1.6349601302732308
-0.9458930138883257,-1.6084911528402206,-1.9557673992935194,-2.34193698590284
-2.836751179903504,-2.141336655525705,0.6472416424393516,-2.4454335852576916
-1.8941362117578957,-2.737047326028123,-3.692009542399423,-3.2533414363391246
-1.8053693761081884,-1.8457200495448571,-1.7155217790288158,-4.399446972995051
-1.545621551136681,-1.7970562512905317,-0.398464909125853,-1.6568687029587925
0.02819019706830006,-2.4849085652761427,-1.2666820980551976,-3.2485894628340874
-2.6337220774122763,-0.17618997984208473,-0.956842009248129,-2.8495958404558412
0.5220725689259135,-2.8964824123750796,-3.4556533183037788,-3.949304535371563
-2.0880599099547803,-0.5579917536684695,0.18765885911294866,-1.1651375548077976
-0.25354566778268867,-2.564850435932732,-2.4274774938142905,-0.6834614415225373
0.5347831652266641,-1.2493238773992124,0.0023945574768270417,0.225544993853952
-1.8054043500416537,-1.92610734201503,-0.9736246155428483,0.45691398307368836
-0.4126942288486696,-1.9991473136517417,-0.6312877431457012,-1.297694299489842
-2.3952963380265713,0.9107087248329733,-0.214605859914471,0.08884987614503226
0.11921400232745955,-3.4559131299675254,-1.72640067606878,-2.8069059303129436
-2.496015658580468,-1.5210844963857721,1.5364479801019846,-2.384958441065459
-0.2056242712059756,-3.648931176879469,-2.4346080252362405,-1.355738593493856
-1.993126261332312,-2.274673156890701,-0.8903161116980045,-2.655963487093052
-0.15264764388271002,-1.317281081289023,-2.1422646374127225,-2.585006972844995
-3.331216434402898,-2.5715167050931855,-0.31464468462942596,-1.432814379459331
-2.110897426335758,-4.482302285580293,-2.7559380423136473,-2.6062351290824597
-3.454888504038539,-4.882014217669923,-2.5194156776703798,-2.5625162474813434
-2.8782413101979873,-4.940797390970593,-4.78699605626389,-4.028994692224141
-1.5561021728516815,-5.36066309129974,-2.863522049037428,-4.887792529835529
-3.2839554977501977,-2.2720981829555873,-0.8850560719944555,-3.6302895986137926
-2.086877368541735,-1.1977524478036625,-2.490906091946666,-3.3963185569800145
-3.528606872274429,-3.673508018816745,-0.46994742500756104,-3.4356345166521645
-2.279171098749918,-5.860418287171277,-0.8673989538557547,-2.999754847672288
-3.5508905645061635,-2.5481933811833155,-1.0640031075414662,0.13375673667522792
-2.074713657351007,-4.919070672461446,-1.4581918091967052,-2.4525440934048675
-2.1562179961384653,-1.8683925140582924,-0.8929966336176858,-2.0764077444282836
-2.416622327156617,-3.533029187628587,-0.01507514098338869,-2.6472282811074406
-1.6611611046929284,-3.9891199892371416,-0.08244422743402624,-0.8520939182661189
-2.6873384450227307,-3.108024184027324,-0.3777637129754161,-0.6333301839438996
0.16713592170909974,-2.6035346306978098,-1.443490609593599,-1.5761190244048917
-2.508872391633108,-1.8559701235355996,-0.07152343457008761,-1.092646403752437
-1.4318264210583354,-3.8879469013486982,-2.048435194270396,-1.5297876954447278
-2.838544328520396,-2.973368184708576,-1.4832984681969303,-1.5552195064781709
-3.09184510361837,-5.052403809178136,-1.649583851921261,-2.994390533008218
-2.5801759910067235,-3.5050463504627665,-3.1938241202540447,-4.508451596385626
-3.6891560608566576,-5.436327983748114,-2.2552470025852887,-3.8831824332942535
-2.0766815876846003,-4.702965449460612,-5.306494733863627,-6.889392852984272
-2.9295550661908125,-2.44963051945448,0.061744624624829214,-5.776876618424602
-2.5331212870993234,-3.456367085211719,-2.5641186355389687,-4.178271604233201
-3.520400806028481,-2.982768538028963,-1.570916592342882,-6.085502962884985
-2.2109541099580268,-4.190156087372391,-1.3585339501113822,-3.855003372447538
-2.059128524555593,-2.0148634232937948,-1.4684698505252416,-4.678785495218078
-2.7299028954964366,-2.2114319777673814,-0.20295911755104323,-3.87296836265776
-2.9490410504921702,-3.1715994069824505,-3.4256601285485164,-4.548145580119182
-2.576723929932659,-2.7959482490058387,0.03814374920396579,-4.464629491138802
-2.392023992738994,-2.683006533980104,-0.9742689454573619,-3.743496826583799
-3.7660534866591737,-3.8694784454271174,-1.7044167017045544,-3.9874384343589453
-2.62894370010212,-5.609943782471,-1.5877634567018937,-4.863872115809323
-3.095511456501291,-3.0837361945992634,-3.271789846071068,-5.638001866970071
-3.5025286015051433,-3.31214006162553,-2.765024043970527,-6.81469618685664
-2.5539243317826994,-2.9441042744003503,-1.3577724848017356,-4.629465455238593
-5.089113529339947,-4.5461579222598205,-3.910199646321124,-7.492440272451885
-1.2552479159302388,-5.892752780370387,-3.5108330485131525,-8.075662643498282
-2.844362507861188,-1.986346831849764,-0.47202217289903714,-5.579091797162944
-2.6314055930206557,-3.5927052193220232,-0.30626418946678813,-3.576619704547231
-2.3356890819828706,-5.212358038323134,-3.6880798941387614,-6.279362898469203
-6.270181526980176,-3.1211352387849,-0.25892020855466336,-5.755196073989639
-2.9518161592218877,-7.753680099563505,-5.575615964733044,-7.606776837304152
-4.851050937572812,-4.695800300991247,-2.808462387289365,-6.520084075573713
-3.8637438975481313,-3.611335210291098,-5.102845137018043,-7.632016569069365
-2.8789735271471826,-2.329812446607246,-4.17884715550543,-9.541869734981624
-3.0696661815161597,-4.680879831505155,-1.8996564742638238,-7.568900620879837
-4.092009562613837,-4.010679014165654,-3.5680648599942835,-5.6466236875555635
-4.797821963629678,-4.404782064995959,-2.5333233164381546,-8.022842679905512
-3.742428361771054,-3.0341612139002647,-4.501223617873496,-8.040494925582825
-2.22728159688881,-4.396988070862014,-4.206976495265491,-8.228211352022576
-4.62842158418351,-3.5391109264394793,-2.3096344238709428,-7.163538829855454
-2.9106094574443815,-3.000698539251858,-3.366030075590502,-4.494333389226386
-2.8918229230934855,-3.697639150518816,-2.6058408278865244,-6.49885673888867
-4.978278057786985,-2.7735177873450665,-2.27924822014199,-5.590870504170051
-3.84062146683698,-6.296600522425264,-3.2864149843935047,-7.7252726560223195
-5.226956427446086,-4.3095690819783705,-1.9900757218526353,-6.277767053724795
-3.8962038749960914,-6.61152642166636,-4.4916604505463,-6.669517789863374
-3.2467883875161414,-4.986767693272257,-4.161185115573032,-8.527683754468468
-4.1955812465707005,-2.7079419530529467,-2.5213362310903973,-7.3003463653057645
-5.318666986818688,-4.348691303946792,-2.885815411152489,-7.744289960695328
-4.195858434107583,-5.266617851737467,-5.715658895426902,-9.785922863641485
-5.184974318263041,-4.983732439085629,-4.247295044293652,-8.082591225211772
-2.446876193870623,-4.848423553817913,-4.867166350573374,-9.360388167248793
-5.317865318853791,-2.670996468814374,-2.165323143816875,-9.516328794862332
-4.519386873446892,-3.892658908108321,-5.015326158709819,-6.542427660683145
-4.2157302656761555,-6.884761718879144,-2.908468773660614,-8.456654736264342
-4.089254113518029,-4.839239681678094,-4.977717413999342,-8.10848342161948
-2.883203865837186,-3.6120556391055145,-4.851121988008848,-6.836834125012024
-6.389157033570719,-3.3489387126367522,-2.6404519041812113,-6.90426719310118
-3.163260929713788,-4.95060337418927,-5.286978430996432,-8.47023020381096
-6.336751701297836,-3.1177614581581246,-3.9852526166291344,-9.04777239794258
-3.390981410027645,-5.588921510965177,-5.676150203685834,-10.944832123777385
-6.0337122189665715,-3.9848224287321927,-3.1138289454412056,-8.276705030064413
-4.443747074256119,-5.365875124037738,-5.220267722195403,-8.034460123503342
-5.405085478647552,-2.926097919274823,-3.4031161761156037,-7.467008274530221
-6.672884038037499,-5.577703858811452,-4.985647267341603,-8.373222069993862
-3.684213307855199,-5.468075551589348,-3.8604709304217266,-8.683588334106977
-6.111653606825284,-3.3434357906105294,-2.459166006550587,-8.336108106769856
-4.677956992448556,-3.4929656191274514,-5.69643640610155,-7.612206886725812
-4.307190693715354,-4.283537602620895,-3.6478541005912724,-7.6044788857132595
-6.11607293681277,-2.916240386443528,-3.3217372363666784,-4.627589516000491
-3.963594326814342,-3.664403872037992,-3.6781368749524357,-6.66808024092824
-5.844949824140426,-3.611817080509739,-3.7712578903678247,-7.278212858503279
-4.940441593760063,-4.955483218967364,-3.9086211615917676,-7.285270740421702
-4.604933965527961,-4.3772510871725725,-3.910498799225573,-7.1891943788533705
-6.061709612451141,-4.18493071738407,-2.1923806559736025,-5.5177444850159105
-4.69590246838736,-3.928078112279797,-3.5584762373215053,-5.96370449071513
-4.590687078492443,-3.5547417955704197,-3.5597426701172883,-7.27058249769828
-5.858758083586144,-3.573622911034933,-3.934832283810015,-7.9462610345693285
-7.010590852939691,-5.906969808666176,-4.18040055718946,-6.868244539172418
-4.349296853006749,-6.259398788901989,-5.788922709478919,-6.66490251169559
-3.303918708056523,-1.1510473201437956,-1.799130376427064,-5.841296764146169
-4.875261231198928,-2.8677506300377864,-2.564664888268207,-3.165448983022249
-6.518176436441519,-4.699033532285007,-4.30585161747198,-3.9931572750766957
-6.253410018265254,-3.5868878119208274,-5.674156235227141,-6.737460135224265
-5.719959594564802,-4.467726361428692,-6.215763599810911,-8.958189415981815
-4.968588204183146,-3.6931369618750356,-4.019408547558519,-7.450656459358951
-6.410998454803712,-3.9980212224744602,-4.79488176598602,-5.20288154426452
-5.163821177835855,-5.0341215536871795,-4.030650511655223,-5.94748786051881
-5.807696861248397,-4.04701862743209,-5.423991996270257,-5.567585782194988
-6.936296006019635,-5.79449083612216,-4.518916040025467,-7.093368850805242
-4.688945801020885,-5.035850875371181,-4.398813046318255,-7.119287355918997
-4.620962248465783,-3.042983855750825,-5.903403705440344,-6.636867021677239
-4.75442315699131,-1.4255103997470917,-1.6785042549804405,-5.300531784663334
-5.551654716925595,-3.3344931083942746,-4.228823722791157,-3.142166032187145
-5.987362795912993,-6.327859964942981,-4.3002283913783375,-7.5397409046662665
-4.5050434920046785,-4.216186408012173,-4.218441011214051,-6.160189978779339
-7.034834127696607,-0.5700144965535849,-2.87790573748819,-4.7830451106525596
-4.465342621520692,-3.92923778343574,-5.353983363897604,-7.218497214487232
-6.683708371773911,-4.002096695306177,-2.5748895135101866,-4.468294178530369
-3.3785276957607975,-3.7950915601473003,-4.827895984497317,-5.9487191151910945
-5.768548665694253,-3.026491580574956,-0.9419410165763347,-3.861748954691846
-3.538793300609182,-5.061492204674847,-4.092511389700805,-1.8624991506797515
-6.22068634138948,-2.7368556462405094,-0.8663991206042585,-1.3439401131064748
-4.523991669388754,-3.9783408400619287,-4.075470232873929,-2.708805977396352
-4.48020675478391,-4.723978149925354,-5.424943461279266,-4.289973200176539
-6.015317415406286,-4.0981688806271315,-0.973062725439287,-3.8655640418502495
-3.832103913059606,-3.7695709121013268,-5.386598040802248,-2.1903747643849916
-4.905483041566282,-2.7421344850640064,-1.5701391152459498,-2.39582866417615
-4.50183949551078,-2.6254530585678393,-3.8975929901335875,-3.802837414838806
-6.38480754734486,-4.116326456839759,-2.5403813388060446,-4.94460991615109
-5.276141281935979,-3.370758099861085,-5.796324948741682,-4.704619136726917
-6.010878824994745,-4.542405853998361,-3.595168482459196,-5.2464291578538464
-5.433153100415014,-2.1491979862206176,-5.0618936053902015,-6.71936835528592
-5.337946929937884,-5.070887358313238,-2.767519368742123,-4.588389563206029
-7.614632539895454,-4.586225732034572,-3.8316893765332973,-4.326455278796726
-6.92270244525761,-4.578707450646422,-5.155763390614797,-5.339841668412961
-6.330688846919575,-2.7666230108427907,-7.7022388276791585,-6.905036412710103
-6.700646469005992,-3.7171491320978234,-5.150123757324286,-8.03377915961071
-8.399062230249296,-3.8773235497287084,-4.949965540146499,-6.07282771021544
-6.372795467842588,-5.388522371357034,-6.495634877759731,-8.038819793818572
-7.388512582479213,-5.095700362140255,-4.13707916055622,-7.243669054841973
-7.065616981417565,-5.218662521017785,-6.276714311120825,-7.517497162659968
-8.361409736800844,-5.8249560753688865,-5.603706480099422,-6.3836103853810116
-6.896531709519094,-6.633760872033935,-5.507901025025683,-7.798553648144589
-7.017751979761287,-3.921921835492316,-7.795914371060632,-6.741047532374074
-4.75991986331508,-5.288314411633401,-5.024851082170689,-5.997489168200941
-6.6214958818644885,-2.4341415368399746,-4.141820716645618,-6.031971254376135
-6.1729616587959475,-5.297148222778625,-6.2095148300452125,-9.467355115646885
-6.925941725800357,-3.444149427674732,-4.601825102760778,-6.223093217934039
-5.778580952077826,-4.625957149946251,-4.313302083831631,-6.534773604927537
-5.217845593309565,-1.856340613416923,-3.58372093017808,-6.288148701609284
-4.948313408405962,-2.505198442074484,-4.309389505554281,-5.770069172419878
-6.216726544690041,-1.5172597338583118,-3.082909762963821,-5.220440216883374
-6.372535040047122,-4.398648855214872,-4.105313337306189,-3.8616168107115865
-6.476756919295914,-3.6933747662557166,-5.185399302530865,-5.669061311463697
-5.004388595499354,-4.64389513547256,-5.874486087424939,-5.695947739240728
-4.2141607235542065,-2.9548525200162077,-4.638744907521814,-5.723823771973674
-6.069398063243998,-2.4243889152732176,-2.5334752299752283,-4.921967480861472
-5.718121609593756,-4.140912405737107,-4.897665264307889,-5.730762893453116
-5.959000267400157,-4.398544508135182,-5.620679507405593,-6.077947232914889
-5.607016602559456,-4.720334981464605,-6.452063049429251,-6.6502190352271935
-4.134526842337292,-5.243857601324345,-3.6537818299511864,-5.7046938685652115
-8.089984623520774,-3.3167619471039607,-3.854399896134057,-5.190075240297718
-5.753029272882419,-4.160126632184903,-6.141599943160638,-7.272087774491238
-7.806908779421911,-4.948298648880703,-3.362716511236811,-6.1926024129088475
-8.000378950107082,-6.168229202631404,-7.554451500391014,-8.375716033407004
-6.934356255248406,-3.03186409054717,-6.445440540598511,-10.917894715254421
-8.960337902659854,-4.910058801055922,-5.718179150417595,-9.980518302321153
-6.544797418584243,-5.124158246391215,-6.788527446499923,-10.218763991036019
-7.270657449380619,-3.1801957579042313,-3.9966779364469596,-7.7511220934006335
-7.517648835536366,-3.6889832640199836,-7.145977774166903,-7.136241722569364
-8.133320572585665,-6.1050759640658905,-5.444321119723326,-10.347453859314932
-8.295947910311638,-5.25844270860512,-5.475132683074832,-9.849342142320564
-6.289885374143605,-6.556829721081128,-6.823135392206093,-10.16623435359881
-8.759261495961034,-1.3335639694644263,-5.169355292208008,-8.190619409811418
-7.814341988761434,-7.008013532537813,-6.588959827783905,-10.04953024743529
-7.887742074999127,-5.806659838165528,-5.90665651311936,-10.275722920988231
-8.276681065267338,-5.890079408312348,-5.727841052632179,-11.022590356256202
-6.4413290338618925,-6.435845918630557,-6.060064325812654,-9.526493334670977
-8.531618072409485,-2.512458242113185,-6.1350355327051656,-9.332261411978179
-6.4261718632220965,-2.6974449809732803,-5.835027960222645,-10.561983240360652
-9.244758187744946,-4.406469234363796,-3.974154328387439,-8.734991603327535
-7.363511115032985,-7.039406739272788,-7.209723656505658,-8.686763310954916
-8.053733625166576,-6.712031608202938,-7.384964198576055,-11.44536914134835
-9.163455517825366,-5.317909861509321,-6.557732606133351,-11.871821794285385
-8.803430692063024,-6.1361285390278795,-7.136358537319724,-10.22838487830938
-8.518357817510495,-6.196283687191925,-8.187344791437237,-11.602775543586194
-8.434423285765982,-5.122004632240975,-7.17482431758541,-11.201785544075744
-9.308326002985865,-4.9837647793097934,-8.156908016171329,-11.358550663705035
-8.895118338719007,-5.63377011320019,-6.839368577402248,-12.055006800552572
-7.927859490175142,-5.895090682003998,-6.950139356073154,-11.869817244448218
-10.987475923486674,-6.318127919684146,-7.988070756954358,-10.733936979998768
-9.677780077873889,-6.570667419952378,-8.438515877207358,-12.001500327730785
-11.070787405131536,-6.456301893314827,-7.798733009689403,-11.737748977032957
-7.825270341576119,-6.241378109628012,-8.340215641350825,-14.474626370143909
-9.216736464734042,-4.217872230154588,-6.651748707016323,-10.774596445369717
-8.63905589207017,-7.3574521024456745,-8.174868572530258,-12.185770447612985
-10.587419190430197,-7.17240814868865,-7.682089340113943,-13.041979305252879
-10.97445752387138,-7.908867920831452,-9.008105568892562,-13.733932064558637
-8.758531049280448,-8.272052021717922,-8.760740922516057,-13.449905299489195
-10.037322663367263,-5.050927548840477,-6.858866373999566,-11.927489876199305
-8.150054651811182,-6.175490451885097,-8.220578008501914,-12.702174548408363
-10.500041917827183,-4.356246441907804,-6.943363270445465,-11.028940369228792
-9.284112361386654,-6.597580765634117,-8.751436802267229,-12.52860640533927
-9.471167398648706,-5.968725564247758,-4.919565103602391,-12.227890180541209
-8.882950123292034,-5.066022344366958,-8.347659070417174,-12.196837750569918
-8.003602743285473,-5.31309906159674,-7.66433210717982,-11.914070526817964
-11.311368014951379,-5.447214129536343,-3.109028086260231,-9.880624953149457
-10.89112610767692,-6.326016210169502,-8.62808110950055,-12.451609013634805
-9.389522309148536,-7.265181522072932,-10.092881552045233,-13.343281883328224
-8.699313022222539,-6.583255234027262,-6.668930643341565,-13.438156133893006
-9.717185545730342,-6.754539908335908,-7.869489306979179,-10.191499977343678
-11.865175925132586,-6.160620057003021,-6.864686928779177,-12.99382990155547
-10.20512100569643,-6.984251755723306,-9.703103019476751,-13.894751544247143
-9.696510890790032,-7.07950117023197,-8.603892654046552,-14.595058939798328
-7.654622491525169,-5.181726865338723,-6.148043743804443,-13.353495110196107
-9.190550646158737,-7.205298434524336,-5.557296640560891,-10.548866647011293
-10.131615904914574,-6.48177977800521,-6.379451079477782,-8.404649575274313
-10.590966447512447,-7.193296891869137,-7.670373044411713,-10.791328539726603
-9.902612106181648,-8.155500336048547,-8.917217681803056,-13.368907575712983
-9.422059173404065,-4.537725791339592,-7.310735264687111,-14.468230794756012
-10.561649281899008,-6.788716584130801,-6.328431946038792,-13.319060651080697
-7.728081888296034,-7.668347844419677,-8.314581382001654,-12.727668678798898
-8.791139462633597,-5.381562452254677,-4.380822906290321,-10.760230232139659
-7.679298313683413,-8.067745889247703,-6.182424366904969,-9.495788380934679
-10.027449715827958,-6.306120516606544,-5.931456101175119,-11.433228425735983
-8.26545447349393,-6.055645973061193,-7.770473241644549,-11.181846442408867
-8.238139392564094,-6.457152752653943,-6.47512644982752,-9.492571692094948
-8.08575134385971,-6.6484853913918265,-7.841750299646267,-8.545640152973343
-6.7090535860799765,-4.291807629514696,-6.5586732708963735,-11.815276876709564
-8.421229386982557,-3.494964291515762,-5.146056383522814,-9.717401610642284
-6.747239793482618,-5.375989885708473,-7.153068630852575,-10.2445502467606
-7.692778106401115,-5.297767004526064,-5.060114816081399,-8.618462153488043
-7.0757041606690585,-5.709458226585092,-6.132914994765781,-9.602564665649178
-8.98452697595473,-6.060484711942855,-4.886871437436478,-6.556261150187872
-7.6648456964152505,-7.482970817934733,-6.524509199698053,-8.482413689514685
-8.422075343567798,-6.712442336779896,-5.96472326954736,-8.915651296928491
-8.958652859048204,-6.8978966626143805,-8.104873166156237,-8.201204657317877
-6.067073132817605,-7.429312021018677,-5.376199548557393,-9.627774916571436
-7.242594576615764,-6.080238234058495,-4.995549504825227,-7.079687501778341
-5.506738814320816,-4.975087494305437,-5.874962114987743,-8.376112027533905
-7.577121543235906,-3.9806818308542082,-4.747911900156041,-8.448922972815035
-5.882070715731853,-3.823254344682499,-6.550108890654261,-8.790841317436966
-6.8100441574249295,-5.127801353365953,-3.1615985245849583,-4.740759196343002
-6.359535369276029,-4.797182634595087,-4.061991005553865,-4.854252079484373
-7.2518628563348555,-4.583860827141921,-4.643234891843153,-5.643751787273614
-6.5713371517571275,-5.73651333454034,-5.90899043949861,-8.146458014090285
-6.506580857608937,-4.285124559993611,-4.637951736391949,-6.485568021862035
-7.9933427714254925,-4.387290196747061,-5.131467704317777,-8.088328367998859
-6.48425522525908,-5.754723888877046,-6.5848971354634935,-9.997056129181328
-7.702332377736983,-5.433076787511882,-4.849298258700934,-8.661911235890058
-4.7302350218634635,-6.120319835792223,-6.603023649135031,-6.386241791078748
-6.210243289159552,-5.2280254224968585,-3.5319237534873382,-4.284662590415364
-6.350343457553012,-5.7461829910773865,-4.763973705706006,-6.085108702962109
-6.098461947408233,-5.665149363250714,-4.477338744784486,-7.120118099290724
-6.9821255395408,-6.10916234166977,-5.497906515402196,-8.506357709812328
-5.617262469431396,-5.05733703618981,-4.8755640787561,-7.600716158569352
-7.6786116117384635,-3.5813368970891837,-5.400121468495622,-6.775772952051771
-6.134854841099133,-7.004537712090685,-6.71545594101201,-7.5714211413370345
-7.634635036225862,-4.912280731988864,-5.436808932025051,-7.0366859951294245
-7.8088057292431134,-7.326939978788445,-7.1797598013543675,-8.856013062032684
-6.114726938281095,-6.5800390025882,-5.231382300008828,-8.488794705496401
-7.352444010557553,-5.933060361337567,-5.860834026814674,-8.50399622787225
-7.911498401058193,-5.592749052172729,-6.580871545852715,-8.343678449815705
-7.616224160886834,-7.26474734273288,-5.073791010359913,-9.306338218631394
-6.86445067925073,-5.3218187463470095,-6.663562030563119,-8.49093081780281
-5.806251810687643,-5.97640165049796,-5.679703228538681,-8.396319039196829
-6.082610502018903,-5.696306316864271,-5.6570304494666495,-7.90905783367864
-6.819961898971458,-6.596169541408088,-4.033137193992438,-6.587561958607094
-7.69446265942202,-5.72207005992447,-4.609233274986101,-8.61563456644782
-7.9259051164691545,-5.7439924470267885,-5.4166242234141695,-9.472319892537088
-6.405752330304474,-6.404341342595129,-5.80319426498138,-9.473974290827899
-6.624977774878866,-3.4249082604277183,-5.051012753224104,-9.949771966207681
-5.325526003032901,-4.2855199626460365,-5.824358886841077,-9.162711888467244
-6.05974056680836,-5.214477149296895,-5.075390109092342,-8.522407809803326
-6.757944216282199,-5.83635489614622,-3.557886926685018,-6.157741128701142
-7.476952327417287,-5.6366413489199045,-4.64155110129917,-7.019441305444028
-7.010567592591431,-7.428140469084435,-6.674866089134254,-7.90202833845898
-6.184007970414569,-5.041561651047768,-5.568622305850011,-9.054214658322767
-6.737237325089299,-5.349561769553244,-5.247321469316669,-9.284761710679163
-7.04887020142604,-5.899424906573657,-6.518000565777189,-9.327585824576133
-6.854210011283395,-5.693610871743259,-5.46144478451953,-9.016319778181604
-7.533676638419346,-4.615118549805899,-5.8988606732659115,-8.230540657680972
-7.147175074574356,-6.629354284628988,-6.979477977031163,-10.344329281107136
-6.824004147450882,-6.63554174474869,-7.196872613801247,-12.713258865306742
-7.500015218129404,-4.879888312898925,-7.023006818166378,-13.211849879029419
-6.595002690388787,-5.828144411280132,-6.371438302198163,-11.926651361149686
-7.243641905422252,-6.572055752342176,-5.361097122735945,-12.720314340973175
-8.010517883573147,-6.80028637244093,-6.670214334500118,-9.1905989150468
-7.515064150301979,-7.120648041114523,-5.75767487920129,-10.213278741672106
-6.317489610934813,-6.5105464185492234,-6.077597862024545,-11.27960534099455
-8.21711293307967,-7.603132828946832,-4.477106378149201,-11.039231843647734
-8.897220207149063,-9.208877080698382,-6.756601136651445,-9.947570696226446
-9.97566056156892,-9.159404201273361,-7.904893800926357,-13.575848147910305
-8.177032232148852,-9.833082072878156,-7.866410878116523,-15.141930952353627
-8.115657808219167,-8.26784734932641,-7.804300297737404,-14.502436219234044
-8.314683438039381,-6.986674738486048,-5.953087725938686,-12.762484822901463
-7.292249178755613,-7.847367062994953,-7.588895956944639,-11.957578606330237
-11.81800643290709,-7.238441497944317,-4.915566816471042,-10.455458837098611
-7.338706831021408,-11.398306713980814,-9.792860892567587,-13.047606356761076
-8.405393918759556,-7.625404581899624,-4.80843194850721,-12.826798913774978
-8.954475899422109,-7.396219528835764,-7.84693832359596,-11.460390019985894
-8.228628060547479,-7.717941301612595,-7.841350420266508,-14.358583270038189
-11.139133083393219,-8.837579826844205,-6.2019675015894125,-15.184779161566954
-8.678013491861972,-9.759244788211516,-7.740809373287821,-15.367063827320967
-10.098525506099428,-6.1574841592322915,-5.275801885174656,-14.22422384719797
-7.388759411957537,-9.112960362244893,-8.037454241198668,-14.546347192972569
-7.326190107835933,-7.900589812254496,-4.073261898779274,-13.408880090388655
-9.599885472715526,-7.579348864973007,-6.150616636094177,-11.936474822185374
-6.097041585784481,-8.56879743232474,-6.581140755809448,-12.504023477688296
-9.813629012422853,-6.745364117403298,-5.81981426558689,-10.016715787763559
-4.989209472169928,-8.757734913501531,-7.430702703075029,-14.811501987200634
-8.663208209782884,-7.17260528735941,-6.333060618592388,-13.630821225198908
-7.163489646396582,-9.125540169368318,-8.052157579479431,-14.63624134061298
-7.0146504251408475,-7.258929051164742,-5.264114919036501,-12.269522324498087
-5.309705650042183,-7.010993432208257,-6.924159192313202,-12.270145009598107
-5.150644373810598,-6.2127990662216295,-3.8208149092445622,-11.54128714533639
-7.693721459863997,-5.976274110352848,-3.2140573782361157,-8.415289829885566
-5.188069139827732,-7.276950558833105,-6.656297360609476,-9.707259496260452
-7.716018479586763,-4.9559330271328985,-5.119408267536384,-10.703205760864309
-5.738637577836166,-7.524350606731898,-6.64700139952415,-12.706964066624888
-5.524730066806569,-5.627864218534077,-5.556722381453119,-11.401976437629498
-6.685093931078929,-6.541671828814946,-4.520997611461173,-10.702504541980902
-5.077823688805345,-6.085720778476098,-5.245984519975061,-10.901328791432228
-7.186570983467554,-5.373500890520605,-4.368269074141085,-10.496816003967599
-5.071647506715321,-6.153083650403123,-4.074897546587223,-9.33917775181052
-5.930684627700913,-4.915343741634535,-4.776721825059232,-9.08304030374484
-7.81533765160254,-5.833711927214895,-3.3531145229054182,-8.281110123827748
-4.837681489643596,-7.545612764266655,-7.2935093575941465,-9.558287068261462
-8.482973737365349,-5.485085288504978,-3.797367621773328,-9.652774841060275
-6.396963633738869,-7.011680278578268,-5.60327358134421,-11.391743350086305
-7.265240426391813,-7.355346567071331,-3.9862137547377774,-9.404052242638857
-7.0221696393562505,-7.916029107051039,-6.232450238813686,-10.14801127196794
-6.744967122589985,-6.908582907904259,-5.062665991413655,-8.458058693531132
-6.921539830692825,-6.498012925226335,-4.974794614407762,-9.762834024216083
-7.913140544535334,-7.959223037711879,-6.0771710431470005,-10.074008260914738
-7.500333877314878,-7.861182420870464,-5.714562498480194,-11.195452150199392
-8.052529226878793,-7.6445381303564055,-4.13777492979953,-10.825903326585738
-7.169237770291771,-10.061293700381565,-5.970322716440403,-11.190616533229942
-7.208170244138571,-7.447866523582806,-5.169033837162746,-10.723792087999849
-8.549082107037098,-7.543008431151952,-5.094381217110149,-10.021216661225472
-6.629969383270495,-8.288190713289541,-8.30024229298482,-10.987419355351118
-8.237803298623245,-5.524275923696061,-4.843750833410107,-11.108054556305806
-8.791549830093043,-9.331144680736372,-7.607002213737124,-12.218304624668745
-9.68157821177794,-9.410304281649772,-7.623126804772235,-13.585026044512604
-8.682635261494381,-11.714127642844861,-5.5833207882338485,-14.347483989676697
-8.37674111531057,-8.845540986804627,-7.199369818854315,-10.892395217740798
-8.563639393633446,-8.556794133292668,-7.441566996542684,-12.969640019809761
-8.612127929232024,-8.798191328989699,-5.698328936005365,-11.295162399414396
-8.89704896319551,-7.233783854175393,-7.837379346227996,-11.77275867983921
-7.699731985514903,-7.550800372294817,-7.565058314746086,-12.645303695749647
-9.7479999401706,-7.689944371097683,-4.910733420425756,-11.534745980861535
-9.303657282474969,-9.516884484262675,-7.755632386828521,-12.821780344960974
-10.273387792588695,-7.894575082374868,-9.004522871106506,-14.663006468453537
-8.811436455666534,-9.461146634901366,-7.674720619748337,-12.633254059737963
-7.7416125104053535,-9.116770753590266,-7.445615046579737,-12.577236015503164
-9.711057636158076,-9.449734897533075,-4.653438521794038,-9.86247423744742
-11.024334740599816,-9.671120484129675,-8.375033056560595,-10.16415916633622
-11.69621557698376,-9.447493066383236,-7.7682418187539275,-13.736872788749874
-10.750922320929186,-8.286707715666832,-7.5812744292212955,-13.514478383738679
-10.276642931189771,-9.7773049986352,-9.45168108055492,-14.090809664640117
-10.639378605798358,-10.292836787385498,-8.414527365710011,-15.499947832117535
-10.611907712913878,-10.947394355871968,-8.122877610494236,-14.372781415914542
-11.479543422213506,-9.261286736952503,-9.346871922885276,-13.686691263111856
-9.632075406378124,-11.983239656063766,-8.913339791062976,-15.250942419077912
-11.554110482383008,-8.549550296281454,-7.930580612608492,-14.037207642469996
-10.998044965563786,-9.55381689383693,-9.488355957499772,-14.596412657242784
-10.60413355912798,-9.487953622460008,-8.749497579742918,-12.484696901673509
-12.774436263814765,-10.066062551843192,-8.41204213172382,-15.377715173667362
-9.72841277743305,-10.476486879024337,-10.055668241975772,-14.970842112949514
-12.06172018937262,-8.951569992865036,-8.381556567403225,-14.375298861835336
-10.510671361416586,-11.358366477903537,-10.20454787584785,-15.5997282053347
-9.744650767101039,-7.546583667087147,-8.5271246779581,-14.884947622023109
-12.264761257910394,-9.443135584369468,-7.8404782549166265,-12.51202364855941
-7.676233601742966,-9.599174588594911,-10.250658346274932,-13.647136310372163
-12.388672172869606,-10.03065300123883,-5.817047239308355,-11.739382019515377
-10.370468926550004,-9.409891932760283,-11.725699486970884,-12.899752271304232
-10.996741888990497,-7.844530631417382,-9.026841400148955,-13.408211946181845
-12.393860292548966,-9.838228335668228,-9.077321337395253,-13.13157557290248
-10.088243593180232,-10.033004762973968,-10.77120342106978,-15.675703536127829
-11.994232932693794,-8.585857435263259,-6.4413968597352955,-13.149827364653321
-9.673774171214992,-10.864879163041225,-9.576524499430086,-12.90922985538631
-12.117655111096402,-8.270273073332762,-7.562249658746091,-13.68318046541165
-10.046412086835579,-11.104517444494753,-10.177354796842584,-15.79900830969404
-9.945441594117183,-9.419252428282046,-8.052908589841424,-16.034879595890104
-9.584020753201395,-7.550993253991163,-9.17160673959648,-13.540580212910179
-9.280194475540366,-7.393860731677768,-7.83703363865619,-12.57868431046398
-9.4874092200632,-8.85660358214162,-8.361164009028048,-13.418680342848878
-11.54410170916203,-9.207908440155528,-7.867330960806722,-11.454294484742455
-10.034331955718654,-10.381749427550805,-11.795197933632123,-14.154070263515516
-11.431066487505138,-8.059200115127675,-9.155468773018448,-13.412766559588892
-9.538037354502118,-10.552838080149247,-7.680926785489778,-13.163066914157062
-11.030687072980905,-7.992648684598992,-6.800032134494152,-12.859244738366879
-10.707227373781807,-8.587158932574397,-7.505510322469492,-11.811308799467668
-8.65033463414573,-8.962059003059355,-7.178060629354522,-11.424119616609502
-11.238866727063852,-6.654491538886868,-6.247280283152108,-11.252546608908409
-8.68039367713371,-9.49650978947495,-9.443962067030217,-14.070359148728
-11.367046229946615,-7.85512579016826,-7.98156588797259,-12.779367026764747
-9.618097237500924,-10.295443446603242,-7.946892378507596,-14.117193065797755
-10.002673751610102,-7.086218586396383,-7.629909815613349,-11.443287800070504
-9.98015791630923,-9.107725539930431,-5.508116184906175,-11.636756470426894
-8.176226178824729,-7.765999676846844,-8.349224309058139,-9.845523091864889
-9.026208075524593,-6.979929384014426,-4.568085088279304,-12.262749429615496
-8.58754162625366,-8.48299986175346,-7.37775825111543,-10.464010407023926
-8.924894027531746,-7.736370223675355,-5.5339847037442285,-9.046883041968936
-10.434714280467013,-6.101815706136022,-5.443223484792942,-10.471459098178052
-8.638436845593858,-8.130491481550878,-9.370721352554323,-12.191815008843125
-8.790171713112214,-8.069227693383446,-7.395747554765956,-12.870773264298363
-7.747020597506606,-6.726743745894009,-8.065116596188302,-12.85482169927527
-8.645923137526928,-6.507924224919414,-7.427560966263509,-11.548183480857285
-8.204473479418857,-3.4628745698943386,-6.249671659496593,-12.490049634970275
-8.151413282566574,-6.287482586665456,-6.760207153784107,-11.080387870006613
-7.297016338006213,-6.800649945776994,-6.468764302863124,-10.267900572927719
-7.659857783079479,-4.4082102333184165,-5.281373935431691,-9.933133016679768
-8.327168053337605,-7.960019389072024,-7.985273060178499,-11.43278621735
-7.596324374316144,-6.388751171377421,-5.374968438713029,-10.036151104107688
-11.169885043804866,-4.304505839503205,-6.426153662792833,-9.169819465139078
-7.063784619776129,-8.476167750261666,-8.403506728806036,-13.437364804143389
-13.063284238656957,-7.789167010702694,-5.030314856592357,-12.37090921387026
-9.418939743962286,-10.257295091372267,-9.079830830161725,-14.512906368403534
-9.878035705545567,-5.872113336362927,-7.640009182952862,-13.056531960819107
-9.816883056616781,-7.236301258318095,-10.026066023479386,-13.622408349214362
-9.633338942800778,-8.360666840813229,-7.796378831839864,-13.283409295337078
-12.152185689515807,-8.30118380811685,-7.505964296079022,-13.273461143500008
-8.155598354767399,-9.510038777313179,-10.756009410752764,-16.08325325707074
-11.499140829103364,-6.096895946787117,-6.376988029380981,-12.771846749988647
-6.743320393289105,-6.955967888221292,-9.560331098008984,-14.459990128687915
-10.568159739128419,-4.266494960651747,-6.7374102639137945,-12.316901946247128
-9.039716864521191,-7.358976651546365,-7.783042896293452,-14.459587935388049
-7.745004648449301,-7.918974636837404,-7.795498642514749,-13.733971105235938
-10.13840173061886,-7.220231806787756,-6.602382933496511,-11.0318113924485
-8.246506501560004,-6.8173811756543,-8.573300231782172,-13.495996078272128
-10.46300818656793,-7.565801624275498,-5.361726603783858,-11.21358213099276
-8.678722419230688,-7.791633373455118,-8.411322711027736,-14.73100247388448
-10.46874806971018,-6.164782013686982,-6.863878114838729,-13.554541820558706
-9.664394146265597,-8.752233808310832,-8.815634610154541,-13.811402459283915
-10.09981937963253,-8.092793674550958,-7.2686484947575725,-11.789374978038342
-9.13934340922933,-7.345081822574745,-6.730537455255353,-13.634868591228273
-9.354659025246352,-6.070481333388933,-6.663613909896958,-11.533675295353104
-10.086841488617326,-5.710828048383878,-6.796860258862226,-10.833899228869443
-9.61570851637855,-6.605297660496434,-7.463242985009516,-13.076592729289542
-9.870208415718762,-6.80926525169461,-9.072809456414003,-13.888337523329902
-8.760711763114161,-7.6715647334225725,-8.77228556427415,-14.147930454779358
-10.612145949151937,-7.3803645337621315,-7.213556804090456,-14.620175064717689
-10.465364258487016,-8.077605874004803,-9.215580801814777,-14.588582355050857
-9.009248017362713,-6.884743191526502,-9.43682843154561,-13.661839440693827
-10.58012320930762,-6.072542806672445,-9.079574154760746,-13.57105673247794
-10.30182198283531,-9.557914712154847,-9.810627780580239,-14.985919257726643
-10.152321869846675,-8.011383875527592,-8.497983143610849,-14.628668243301052
-9.920223314628478,-5.87119465864716,-8.191283862696226,-13.353252866283277
-11.1115002008614,-6.931410324559779,-8.729232427833358,-12.875619633438975
-10.020691546504443,-9.131129560992592,-8.810274948005894,-14.800254021318098
-9.97107799941998,-4.568880759377294,-8.450386878111932,-12.511400965867223
-9.712120256469296,-6.872561863365112,-6.886288812162137,-11.445825050708804
-9.313669173262834,-6.21815701451316,-7.931321969200274,-11.521961386622651
-11.816079326756098,-6.154728775066526,-6.754604457208552,-12.804898707940621
-9.336140204887442,-8.406438246547593,-9.249649699110186,-14.724842554989149
-11.196198422558487,-7.197827347845887,-8.87098320315401,-14.22591345364191
-10.006920389403016,-5.5135279291233275,-9.047616913783965,-14.356508078053714
-9.384378188490933,-5.719565615552795,-9.241160410851096,-15.837283783511618
-9.432225347405327,-5.452645061565412,-7.615623389009668,-13.00007338988786
-7.56588914208883,-5.528453129413956,-8.290911095154952,-11.229225504003578
-8.999404013476001,-5.928778267670009,-5.670748280186256,-10.01067493248662
-8.896138947376107,-4.625375225516337,-8.541877548247003,-11.641295433189311
-8.839170937957125,-6.652880864008235,-7.102209332621449,-12.56406338558782
-8.397359275606473,-5.427748340076919,-6.498921167802506,-10.760521257795576
-8.081352090723517,-6.995428297248138,-5.810291851176183,-10.104836066040955
-8.56761745662969,-7.210722966881071,-7.229249430463036,-9.487787253812236
-7.664992387173629,-5.088637899766078,-6.8363429930965784,-9.754793613542915
-8.76267684331934,-5.6814437464569405,-5.94784693682733,-8.388170723629237
-8.760462767763713,-7.617701991045028,-5.463015195112705,-10.172068151837115
-8.836487532857287,-5.082562305001094,-8.489700274961107,-10.13426027253215
-8.030129734462959,-3.464814458986125,-7.9802925713568795,-11.692372478253361
-8.247746668815502,-3.6423495172701132,-3.619641294834287,-9.411933512938093
-8.056193312022813,-5.412673054166964,-6.871294619008377,-7.5798081682374345
-7.834025476087417,-4.981044059289481,-8.335948459521525,-8.858467294869671
-8.82118188533766,-4.0367927157019405,-6.8497705242180995,-8.53577260231621
-7.175829441645382,-4.320833201086887,-9.825818729734491,-10.379861136179349
-8.155621673618185,-4.72529721898164,-5.499742840860153,-10.03181895141489
-8.850824463745576,-5.09610912553225,-5.7147125786163295,-8.79907881754877
-6.552518783666557,-5.080219392075249,-7.992321947165214,-11.257023402925702
-9.336747918298535,-3.4908907667925178,-5.712738949184752,-7.702607444958347
-8.519269455841153,-6.039970276568923,-6.545744179269916,-9.138229266661522
-9.791228505544662,-5.577446543284621,-8.565631029518993,-9.362867052087052
-9.706092120471686,-4.955487227420184,-9.154554016635275,-10.739594412320201
-8.119700325948076,-4.904260408390214,-7.992988878092989,-12.63029352308914
-9.795270524931349,-4.69074646525411,-7.24809509822528,-11.245148235856064
-8.656316858535208,-4.505942949602827,-8.130083317418666,-9.180420928051051
-9.173547549755527,-5.864443380433936,-8.188803806234688,-9.904244990636595
-8.841329128310743,-4.18295339881656,-7.124524553882914,-10.686162950389043
-8.330576067207515,-4.979472646061887,-7.222296387828584,-9.832355877128322
-8.908471369292354,-1.9515137780552854,-6.11527035953298,-7.806711796482325
-7.877311794869123,-6.717321868503237,-6.926377594953591,-7.634252116384399
-11.148962801301384,-5.821027388413381,-6.095159363399276,-9.549937594211082
-8.723758713854394,-6.762607312677661,-10.365477595571221,-9.489708524463653
-11.919979498743922,-5.4088360920398,-6.486415419438644,-9.30739914636056
-8.780055114775578,-5.782576062395431,-9.86685000079958,-11.446324257498562
-9.903278619030868,-6.319343492632358,-7.1906423994700805,-11.919410804023087
-8.9189766832488,-5.4383491704022475,-6.874358518833885,-9.003584578067002
-8.12588427372151,-4.417549059036391,-7.854616903115936,-8.855574450054494
-10.216703042743994,-4.534936716692214,-5.149523090518208,-9.741485148675132
-8.953330771645444,-7.544060159300712,-6.728887134822103,-9.070230362216622
-9.574829718341693,-4.359923239317139,-6.409880179951983,-5.570590500200106
-9.464071364771435,-4.969742296439369,-8.640484585440776,-8.99048525266597
-8.85174964747495,-5.468711313543947,-9.75755033744408,-11.727477141407919
-8.854250886796947,-5.444141365170305,-6.002564803720019,-11.243955445607266
-9.46031155554962,-5.493879519163083,-6.972015648106479,-7.258972610808662
-8.40886166332682,-6.127531931491128,-8.313446715261158,-8.561502032653221
-8.784790091468224,-4.719865758786186,-5.553526986905853,-7.285633876900198
-9.585097472531707,-5.68353510722009,-7.889390954052389,-8.184601878140745
-7.845626360915185,-6.96085867898619,-8.092233236256309,-8.711143275971068
-8.824138168669158,-6.053095139432243,-5.751610724415154,-9.387678019645113
-8.025318124748345,-6.374112318865469,-8.172913366550205,-8.958316093503607
-9.566787588096343,-5.007955970715121,-6.5297354094057445,-8.765008183708686
-9.664413817215596,-6.35941223678568,-6.564292886563713,-7.632092364760842
-9.243869551408787,-6.157505757469199,-7.520420310151348,-8.935080583464975
-8.701681529650417,-5.538072478851692,-6.147669304303349,-9.838395517404164
-9.590219005479963,-6.390685299678204,-5.8277428657143355,-8.471280421766632
-8.696722310253511,-4.846002114666892,-7.664436869962351,-10.938676031046795
-10.869071940226172,-6.1873401804434645,-9.294119224560198,-13.146454435869877
-9.174364515269998,-7.720912107357977,-9.801029847396245,-12.202172447066484
-9.675728980364285,-5.686117209143729,-6.576157499831509,-11.4994486731314
-6.937161615316063,-8.099777546335496,-9.290834604576716,-11.28929096187106
-10.563541300829266,-5.5175894827195915,-5.876421880839801,-8.828857739742766
-7.431102211280984,-5.989825090315112,-8.11235242697438,-8.801089651457255
-9.719110494062353,-6.763500929710656,-4.475311073263278,-7.897699561997696
-8.142243677806672,-5.371970592221524,-8.350308091704296,-7.3886151939658005
-8.209788141301003,-3.9013537776799763,-7.157282651328467,-9.210639161803105
-8.908165671122736,-5.919505648048936,-6.620276279536303,-9.168449202796944
-7.974130280653012,-5.674574396065933,-6.7756195670880865,-9.407839252065823
-7.859587901135085,-4.203323871310138,-6.533551051918504,-10.633889082773742
-8.514658123454563,-5.796248466396768,-5.238401972022258,-8.038645005513393
-6.902453449038796,-4.781142885208334,-7.610870331792123,-11.676789235427414
-9.355779017501671,-5.459387546515556,-5.401801825851994,-10.029358190170198
-7.498543711247191,-6.82036808248371,-7.039410503754318,-9.907885231104704
-9.679646011608598,-6.0834528804099985,-6.39906777890361,-10.417391687720817
-7.551577197003357,-6.2791121760348,-6.904006872726913,-11.065178029120204
-6.845923773397164,-3.9276186885310764,-5.892303216360336,-7.915667452602831
-8.531034287073368,-4.968650238176753,-4.687893305565458,-6.918660921857688
-7.369119441026087,-7.143912524689877,-6.630723321609862,-9.544896389117397
-10.21995711240891,-6.452188123604707,-5.518890981333642,-9.787879392759347
-7.68964097256703,-6.742835545961995,-8.808357446776483,-12.721526307303757
-10.125734702624564,-3.791419728255822,-6.782484483244849,-10.88552329155623
-9.023215616539026,-6.862841848241952,-6.8761912821708755,-11.74018571354575
-8.520641025716191,-6.847753080158896,-6.583062048710889,-13.172095303926977
-8.302573166732572,-5.347657038445669,-7.839477986795355,-11.639889915205028
-5.295930137912108,-5.926893648908448,-6.461195108731226,-10.92288206372811
-9.800739019749468,-4.438638401858648,-6.610520163865113,-8.623783658140193
-5.724272720580128,-7.791910021089679,-8.41453137949899,-11.845407795989995
-8.916937542331182,-2.9183600769104427,-3.6183904998441965,-10.022169119150384
-7.164670590402726,-8.953502194361246,-7.258695622576106,-8.172631492597707
-6.673839388395492,-4.368829370082665,-5.6138238026561496,-9.93762989269361
-8.420788321396138,-5.489817219134729,-8.355452757236606,-9.876526073973505
-6.088660328875592,-6.45453019686403,-7.128884275253062,-12.48315163845018
-9.07719609469033,-3.046887706572541,-4.532656039273261,-9.366340468734498
-8.02477511943801,-7.468888534746155,-6.796467000353924,-12.002495897376456
-9.419142944064992,-6.866551035248833,-5.457464384216044,-11.534812370387831
-7.569536837135848,-7.137104430602626,-7.745572107025422,-13.17264004285591
-8.030601726556005,-5.373513916718466,-6.221285282332828,-12.50835709121816
-8.919455365569256,-6.670242513745841,-7.756598810654667,-10.752584868372185
-8.019182796273855,-8.363924583001221,-7.3400858316286035,-13.108835636013957
-8.374366901901498,-7.090702261182698,-7.6769212994168825,-11.89686531961325
-7.613995873678453,-5.14596315194855,-8.547363641326616,-11.517525624322474
-8.858539250869718,-5.974494455384335,-7.176376069053342,-12.516898311548015
-7.040432663974906,-6.317399834002699,-5.578146492891804,-11.037964319420736
-6.859675520590153,-5.769058779186286,-5.902907332693202,-9.998235477642524
-7.212843127615349,-6.105865459707457,-5.267863053448758,-10.036097833444938
-6.263172185790213,-3.9510226503245898,-6.2837707532903355,-9.728520764067685
-6.793731192428723,-5.235062990068249,-6.801088768084068,-8.833442018121392
-5.521703108478046,-5.764428989010643,-4.498871829013272,-10.65004051459228
-6.2126041793968145,-3.4335813610604884,-6.5895606266380256,-10.759510513933785
-5.768926070971814,-5.721323886813284,-5.52487602030911,-11.542016547900115
-5.718227609247011,-5.3079939131578655,-4.669755737627512,-8.753417929893228
-7.378666306247312,-4.863481118520002,-4.344092443967753,-7.578311566386809
-4.919242202002942,-5.819675423621353,-6.629402649526719,-10.46540136096407
-8.151449213948618,-4.191745875942129,-5.773355244657329,-12.234952727857548
-6.138683591612433,-4.450667253955962,-7.322252663494333,-12.700428003791584
-5.6312733437897275,-4.77603293151147,-5.65970486090961,-10.720757017917668
-5.918454786235675,-7.193387079542547,-5.278112170186862,-9.916843830088329
-3.7878594832104726,-4.506409986164597,-3.7647052387809365,-8.861625892211208
-7.30662638377944,-3.6845728487348905,-4.243890364707521,-8.08186110422518
-6.11552037868822,-6.052176873561745,-5.544321832585393,-8.499149300542502
-6.709387060854927,-5.104292108338604,-4.7341192657326605,-8.96234503080169
-5.914956285221373,-5.744021991265453,-4.407054571212273,-8.581481800358631
-5.16963455569269,-5.16599186149619,-4.86509689991403,-8.652465665638942
-5.477110855743705,-4.037845386065466,-3.344576677356594,-7.561467810494064
-6.003847892193901,-5.489171147502438,-4.5539088226890625,-7.388977223631316
-5.741214486496392,-6.2653178273349095,-4.368685787170321,-9.341116717344063
-6.948029238142244,-2.2585603672954666,-6.095912676444354,-8.920153696508121
-5.005107243050728,-6.676322159468027,-8.196701466804903,-10.407886605120051
-6.209461496757338,-4.648118075700445,-3.6265389408747293,-8.55185739430871
-6.254290905906832,-7.118608913621669,-4.536386071366641,-7.910915491436851
-6.211167353801717,-5.560444885033953,-4.527930391573584,-9.514929445316458
-6.785335818539759,-6.663994508784763,-5.493866397796054,-10.018747066255521
-5.878292427763319,-6.510799027294938,-3.938546402621435,-9.707418666258949
-4.726057415380865,-4.299158789038449,-5.162511757947677,-8.494414990344879
-6.164737669142955,-4.23526593317156,-3.3599669126323226,-7.839604705177075
-5.712508494768628,-5.126154753018881,-4.337153910310286,-8.923181834410036
-8.5724877014515,-7.460318942389121,-2.851266636065793,-8.728642024685952
-6.689607813245451,-5.690695485175928,-7.175019780951034,-11.904334037215857
-6.9123459828725355,-7.448165812360857,-6.004879156825514,-14.03502848597029
-7.113025417370846,-4.927791382500098,-7.028022170713353,-11.469848394050247
-4.930719645442785,-5.380773840053133,-4.1380533272342035,-7.804306061932456
-8.007694334807391,-4.628416836343211,-3.523164809305688,-5.285752454661102
-4.521719480025866,-7.888986221775513,-5.953094361951611,-9.479950777669298
-7.398315524789595,-4.752465303474753,-0.5006713426967733,-6.553599679812371
-5.780144612276779,-7.2489536056564745,-5.593607678645378,-8.556342498312603
-6.253314032828691,-5.685358368305762,-5.9264370949214555,-10.294615021792133
-6.890123221920626,-6.380520981478204,-5.19855480125593,-10.526617291992189
-3.6687217533774197,-8.313811071320956,-6.486880986385154,-10.048375747461375
-9.463830100106328,-3.4984376949185503,-3.330845797284708,-7.843275654197007
-6.7259789272657775,-8.504168923640133,-7.97365368283967,-9.849984333568804
-8.401742897523624,-7.178541640280382,-5.967807532879672,-9.771602822195364
-6.793523192655633,-8.285422042542354,-8.114676823374296,-11.454994258096248
-5.34512790068651,-6.11471687752395,-3.8423169204522107,-9.89856587645891
-7.655589448353506,-6.602303946160315,-3.9772542761108145,-8.457725139282692
-6.419799326856714,-9.475188397509331,-6.349943593383044,-10.323620209565581
-7.009622479696802,-6.024045794153215,-4.378201631969628,-10.49495109816545
-5.576465856603443,-6.1983721471296045,-5.136630708908051,-8.110765217460633
-5.99331735892009,-5.971820266454808,-4.185481952540707,-7.9515229814679875
-5.6533700799916335,-7.193622708002104,-4.109655814369246,-9.191323977460593
-5.933913079456273,-5.762091556789953,-4.388761320234651,-7.560834452459832
-6.892979306627101,-7.622542155149053,-4.076909006573427,-8.505659186013878
-5.057372629029853,-7.687196070049388,-4.761271144423906,-6.306004600313929
-6.332535210194918,-6.266893349574072,-3.88317936819108,-7.283418261595909
-5.354031507756257,-5.480121040142599,-5.28642266165205,-6.930550243909971
-4.660270572636021,-5.944901302797492,-2.752827404751097,-5.602840109208825
-8.574377535731767,-5.947946374157723,-4.2061179978822505,-6.667470476165351
-6.2765057709925065,-6.0669345502409975,-6.468188428158069,-8.899186746430862
-8.640526799337714,-6.30795909523162,-4.607296206054938,-8.109502877090234
-6.178529286943187,-7.7403836025535835,-7.521979291733807,-9.758791265080214
-6.905006855752897,-6.808104664719785,-5.7506458148660435,-9.319930492620742
-8.883779059110523,-7.750394259807102,-5.87785750547217,-10.562245671972061
-7.575914345683528,-10.603417420491915,-7.599240100464026,-10.466520980857208
-9.622994607747689,-6.745531202183786,-7.518862038185688,-11.631470859033142
-4.4197977242374655,-8.186077036694876,-8.349890768717426,-12.160668136091207
-6.462258784003147,-5.382457031553479,-3.2696151947554104,-7.92979334531914
-7.063537809358643,-6.83667912972522,-3.903863443053919,-6.390216263425522
-7.382669855150137,-6.4218396457273235,-5.096438912313282,-7.3924846801236175
-9.49247020574146,-9.152199329440068,-8.505670382490349,-9.288730135176984
-7.809364202919069,-9.50046098470754,-6.952672449835841,-11.230860699753327
-8.094244681280827,-8.901143167731657,-6.805643148230973,-9.48356950474633
-8.434302989382882,-6.230104469334051,-6.0223156703369,-10.431918090705468
-7.823307799877492,-7.305653933032133,-6.761577650716934,-10.570180704680405
-10.563592446605648,-10.232490387679269,-6.451333865988822,-9.786827422013188
-8.578310459708538,-11.264788047587892,-8.55310968524666,-12.896852303345115
-9.180291468640405,-8.554830972471828,-6.885072676036611,-13.776177367855967
-8.140097126761772,-9.21265111581516,-5.999828202822081,-11.377543804204164
-8.084327675516933,-9.330638481078537,-6.531737888494504,-11.075554544413631
-10.672333770840748,-6.28041450050038,-5.381926007232346,-11.784372934112097
-7.476633337477174,-9.403229973436801,-7.597961150826941,-11.718132003609817
-10.726524316342427,-7.326912315766917,-5.3142611223980865,-9.508413481022297
-7.1755073175121655,-10.41092737665401,-10.367838273203619,-14.575711839585477
-9.416064672547872,-6.731746822069291,-4.623773197848126,-11.28184882686512
-10.300308043254406,-9.487437117436698,-7.990753032173886,-14.16998409861851
-8.762546709593712,-9.85111638639934,-7.524519153528753,-14.167621550404112
-10.148052437734648,-8.0138710208127,-7.982570200915384,-11.35132025891067
-7.3560616330783395,-10.938917109293271,-9.303515993490976,-14.266492909935243
-9.923046452585679,-6.008999986374256,-3.908460569631473,-11.728939930730636
-7.29640594756532,-8.951081565458425,-8.895420228906657,-11.456376511215069
-8.335285810103137,-6.110400755313634,-4.691018119000509,-13.18797370083507
-8.978883309049737,-9.250394812005823,-6.549808326645989,-11.267398036195537
-7.095551909453794,-9.351802790908641,-7.603226705599961,-12.35769376880259
-7.5171713956295205,-8.305271833025184,-5.721270411893242,-9.73682224259985
-5.2354943277265305,-6.950373959680311,-7.314831613034928,-12.407520184350588
-9.154228483688827,-5.919155863856833,-4.2021498417904555,-10.610133311193124
-8.033721929545283,-9.069820374747461,-8.406123100847022,-12.843828415502553
-6.63997140983746,-8.684396632530092,-6.822421337950212,-14.038105861839195
-8.83372771342504,-8.168769428395628,-4.386677563900393,-9.990555714569094
-7.2602740020736745,-8.316488243085486,-6.812791494182375,-11.195127332624967
-9.480172229255981,-7.841167160643704,-7.290389700539461,-12.588919476215755
-7.226771256334894,-9.376241718212247,-6.732649656490915,-13.723176270239092
-8.162468526157816,-5.645667251664974,-5.788516766977057,-12.52926548360906
-8.680813105285559,-7.9673108383509375,-7.072160089335592,-12.745648299770068
-8.385583725840254,-6.933145116271886,-6.197974180319516,-13.98362649608486
-9.79282973168348,-8.654873683422181,-6.875673817649206,-13.060088133705616
-8.685687119746516,-8.735063620403167,-8.999925125252497,-14.689033811085787
-6.696016251644586,-8.044706966456166,-5.100739984347609,-14.28821284551591
-8.385739041330483,-8.445918049371206,-5.374100444206657,-11.074678619182192
-6.654040934337681,-6.311966706142125,-6.789976437546604,-11.722335931513182
-9.578361854625905,-6.937593229673307,-5.728337919200735,-12.11891233639425
-7.855820704228147,-7.912208431181099,-6.482723744243135,-12.851824095728642
-8.8507430345056,-8.285318039098932,-6.809535071524559,-10.456108765873562
-10.772488207698519,-8.567243443918226,-8.625574286416086,-11.284909506183773
-9.130401261269506,-10.430302109056107,-9.296668228054793,-16.400971106887464
-11.986043711142608,-7.443148556702838,-5.977546408560814,-15.578245528117078
-10.742894760700436,-10.221530729538099,-8.75670280745697,-16.492148637960206
-11.613752347122206,-9.361498907540293,-8.84933146122021,-15.214572014532902
-9.432735804817845,-8.740178960895776,-7.917746736057291,-16.429428512280932
-10.416512971900211,-7.491589794230525,-6.798246415032394,-14.340730631609317
-9.418825995659052,-8.448964387846202,-8.599799741154776,-12.828722686719907
-10.168721289399448,-9.989751097524977,-7.700970651628322,-14.489755210220782
-9.733730345675468,-9.721855485152847,-7.805659299574125,-14.07881463751429
-10.701625542413222,-9.79871149770836,-8.61887122620419,-14.364149519705256
-9.551170704595169,-8.605757551320659,-8.556795368421227,-16.203260515135298
-9.331511534961791,-8.310986926384334,-7.332423199062845,-13.932000035005075
-10.436593289231,-9.80418492928596,-9.152175466577972,-15.51722878012166
-8.973080569702464,-9.204574364675288,-8.538594953952698,-14.546812219754914
-10.00292165724728,-9.56309424056217,-7.48152064112766,-15.001317364424217
-9.8116782582789,-8.798214359556678,-6.974269305837501,-14.741201049012647
-10.78998502837553,-10.33839749066846,-9.693839600434154,-16.077756220282517
-11.308264105653222,-8.864552626684638,-9.013494042404135,-17.35488746634125
-9.795027257117535,-9.200317833653434,-9.528365931887166,-17.218430326482355
-10.328583012660935,-6.6375772302598675,-6.875950841772428,-17.697405731120902
-10.595878588156133,-8.070764052290773,-8.306412979493642,-15.279382834461108
-10.532698679192134,-9.494981933149786,-6.680608224872538,-15.056384099270998
-10.381534310766192,-8.167055969427583,-7.76394556144732,-13.426417225001734
-9.545672253489533,-10.165559812745464,-8.715450442802473,-14.173571018469879
-8.803178541591075,-9.042968362329647,-7.396879106232668,-14.922942148895789
-8.79379458862479,-7.198414595058204,-7.396611642642319,-13.947622728145438
-10.669230043148149,-9.842330955824433,-6.175639580409412,-12.982824544756713
-7.904078240157469,-8.728896508767516,-9.867581747809533,-12.752416167006672
-10.638427652874556,-8.021019347043765,-7.146958568697309,-14.239840525878748
-7.308755578419845,-8.451556415120814,-8.055052203744724,-14.74460425574644
-9.648124494698584,-7.504646271302107,-4.621248014012256,-12.851746047491591
-9.401142189240966,-7.58626340730949,-9.920468191898067,-14.446596404647648
-10.583798227202958,-7.907177051884568,-6.1464425354023575,-13.424508951192077
-10.191349431274109,-7.285252920245352,-8.607173710190374,-13.207402136106706
-10.50566013811701,-8.405998104537012,-10.03695450695645,-13.417698362869405
-8.952437727143574,-9.21637629950439,-11.406255952382946,-14.879826209341847
-8.43660850653974,-7.5260069344369604,-8.69133624752314,-12.589499121913187
-10.565028966469955,-8.445277761727729,-6.768991661077194,-12.472936905118575
-9.012008226387652,-7.999599489326208,-8.517921210984849,-13.349423174807228
-11.260736074301457,-6.92370429102345,-6.576406146400812,-13.796833348935817
-9.610707706902403,-6.423493055004711,-9.558076037002131,-13.135372885554993
-9.074177586555226,-8.275860470074031,-8.796606711968094,-13.739285087620143
-10.12640659852959,-7.621471482809796,-7.672428456905074,-12.288471174923354
-7.303444864540428,-8.353704536345893,-8.067514991912095,-13.848008882799226
-11.175803815118444,-5.947016312524074,-5.611983096677066,-10.646061329640034
-7.457739953246926,-8.086334022639779,-9.729807751367161,-12.29648674041085
-10.027577287879055,-6.145828419447058,-5.064745262262182,-10.917610572853883
-7.996295266144025,-6.572027865065986,-8.643458602027277,-11.989102209750763
-9.112668733539689,-6.9352797218677615,-7.266753575240124,-10.331376189582508
-9.635608378182818,-6.136164213310813,-7.832526496300042,-9.194132911666596
-8.400703222692242,-6.796778328050375,-6.6336465268436475,-12.017335431057884
-10.667649947876722,-6.680037734726813,-6.8533590310944525,-9.80070695960942
-7.536417709836381,-8.227266204922541,-9.22863346137115,-14.836799251438169
-9.23991033512984,-3.4348542296001874,-5.103026417420562,-10.282602288051223
-7.992458349104032,-7.717071186512262,-5.249179728155126,-10.939248655360448
-7.283341124993396,-5.628988997827043,-6.184284044974278,-9.599564962628302
-7.880709347254072,-6.2116422098717425,-4.592830439129283,-9.515805118870402
-7.784824107264024,-4.0556878110439305,-5.268489527228469,-8.218333610587656
-8.187257522757777,-4.899103554983331,-6.833499037469553,-7.708269226574529
-8.51224191744224,-6.750172106167255,-6.52317183772999,-10.913084265809037
-7.711944007761032,-5.67858121852119,-8.09233816365778,-10.639661329751963
-8.796225081467021,-5.453810188416261,-6.374497472570461,-10.31132453272737
-6.128313748376477,-6.6926730005079635,-7.663170434299341,-8.367542897648704
-8.128043151769436,-3.7228933873917986,-5.305536955876817,-7.58986917680167
-7.53830696101378,-5.405412153972225,-7.252329552795886,-9.637767694932098
-6.726375007908857,-5.0580927682014964,-6.317742377006592,-9.471732841871145
-10.337881431035813,-5.081862189667167,-4.848867320062171,-6.088769821101014
-8.441446973007956,-6.920932671313514,-8.389797055268646,-8.493673760262773
-8.437123636182852,-5.7685881433194535,-8.61753077616175,-11.325058292729953
-7.9294085188935,-5.8593116091939175,-7.495819473844769,-10.852386663555546
-7.331303021785094,-6.118748909881814,-7.862926167673052,-10.195154277300428
-10.460041078283206,-3.6530282768566913,-5.620982191446307,-9.354280023051862
-7.909608708246891,-8.307481867164494,-7.8647154985723775,-11.59013085984049
-7.4450729468316865,-4.973205833089477,-6.071138744743348,-10.146909018646326
-7.095308993774333,-5.336819874091496,-6.743462750764737,-7.142171218174316
-7.218481439165577,-3.0007646369292313,-5.429393265888251,-7.902744541385702
-9.216728946133708,-5.926461491899285,-6.244899407101338,-7.617328023625221
-7.958617925575628,-7.0082065947745855,-8.51160860665722,-9.34189276882824
-10.460098835682714,-6.589623836906916,-5.6249644207515725,-6.853924609599469
-7.269323038753821,-6.706090725454154,-7.550051314822399,-9.18020941791212
-7.9938070289422924,-6.219710487212182,-4.866562949919551,-6.9820288952661285
-9.81864531961438,-5.99342613958844,-7.00339422318629,-8.309580942399311
-8.637629369565776,-8.805588909693277,-6.675553942998425,-9.696362122917408
-11.296836709881969,-5.8314849574330605,-7.403685746980688,-9.39853904346984
-8.918827398968562,-8.175680665617843,-8.383968046367062,-11.884262196686063
-9.59184024259023,-7.546582271749465,-7.645974580941525,-10.970691100481325
-11.453138514279946,-5.610977416600263,-7.8974543578179555,-9.787167106340199
-8.500464367720939,-8.993182758112736,-11.583688668813146,-13.577145950308791
-10.621132542147276,-5.015527424436144,-7.1022847085936665,-12.056444894156293
-8.960748471381663,-7.814181564238782,-8.405816066932793,-10.643826005844373
-12.587194902353295,-4.694672541199946,-7.57864839446917,-11.446012153866697
-11.203362118833194,-7.930043972114519,-8.313567853797498,-11.127351213995995
-9.310927700934421,-8.513438054840753,-10.125155780391832,-12.580214244095389
-13.690241611218807,-7.51992930337687,-8.012323397851462,-12.262113831062889
-9.483361498351561,-8.626896054157921,-11.857065898960899,-16.51849947424898
-14.31871903525331,-7.018781463365257,-8.15046617767672,-14.141832996826562
-9.53879150700754,-9.818291272403355,-10.423562165261943,-14.317613047930408
-12.489937320237326,-5.312194320658205,-6.153001411279068,-10.305017398325653
-11.210562538377562,-9.257842420325014,-10.692742467108804,-12.006312093009827
-10.421188990125351,-7.430757771570305,-9.691457573425254,-12.731259727126055
-10.928414947085416,-6.053529527150952,-9.494079840694196,-14.45677844056284
-10.182932192241815,-6.468046180136871,-7.4364465711490295,-13.061830659116826
-11.33313176403876,-7.019011207622625,-7.02534134687715,-10.191730517254024
-12.181802844437124,-8.027924840218317,-9.172487211219794,-12.923515030643582
-9.686746813788313,-9.812577108659404,-11.141541471856579,-13.646252726512598
-12.315617743832634,-7.6371018949612335,-9.056060016486903,-13.021938061086175
-10.495593667102808,-7.91202485565789,-9.681864744681514,-13.867488683735468
-11.846622548784907,-7.221248266091624,-7.847137015235749,-13.472780766041929
-12.901582601109816,-8.0521304468412,-11.543442844049075,-15.380879720576377
-10.53791465235767,-7.582966658571646,-10.642575991425735,-14.585339069211017
-11.641133899546213,-8.25894029101139,-6.812035832328753,-12.775900724868482
-10.223820336232949,-7.932549749032444,-9.530416326267257,-12.745575541594384
-13.332775788344284,-6.8212545852932305,-6.689418178195735,-12.920487632934808
-11.68651076300104,-9.72117982600869,-10.017174501719744,-13.98599341200899
-11.193316317371487,-6.37984364789147,-10.43348821123619,-14.953691966114235
-13.541811097239535,-6.788948569454089,-9.247324347249045,-14.448426834714613
-11.783334340619932,-8.872698724398084,-10.962143116336332,-15.204482204266778
-12.560749838710388,-6.213203990237774,-10.379179040589452,-16.66160542232714
-11.4648271176132,-9.939324292976018,-11.01846789377925,-18.009334363286307
-11.465061495914185,-7.680026906232955,-7.665093101972,-15.241516277054924
-10.643824299803056,-7.223597893900641,-10.149409816424301,-16.208178251803396
-11.155645139760855,-7.980999825100575,-7.436623363433764,-14.592976698636797
-10.944399058823542,-7.103673983820802,-9.3610005901737,-14.37829634834431
-8.599490601468702,-8.130001265694746,-8.781158576942007,-13.819683162641393
-11.418534835459354,-4.975322329427137,-6.317748062936389,-10.092193419640163
-10.419540214254376,-6.48406698075074,-9.733386541272163,-14.81106595776252
-10.859293589362974,-6.617435240680179,-7.767727857908969,-11.743392601446029
-10.242978607150064,-8.992546027172256,-10.733864571038762,-14.238341316666542
-10.256107487362046,-7.680812241940243,-7.754675497305414,-13.927970313119422
-11.863153740859557,-6.3241743183196775,-10.673416114461274,-15.630966515127293
-8.027979428718131,-7.614662046343406,-9.717369719386104,-15.007156548037925
-11.034380194723242,-7.95203122607224,-5.5681405576560135,-12.279012206091007
-9.867764399336174,-6.009753020070317,-8.205208849720218,-12.44938316437171
-9.729313538763046,-6.2927698779761245,-9.19262199843088,-15.355821620006942
-10.9746042216592,-7.284013993912149,-8.953115227103954,-14.180923273199742
-9.13152793005842,-6.1658562579938625,-9.468355417649995,-13.791431829018766
-10.442219336276729,-6.688318088179683,-7.119006481688602,-13.331762083179482
-10.791528432928986,-7.66126575646318,-10.385708659065088,-12.725444296902996
-9.733139233602714,-6.763325443354634,-8.646446322191748,-13.398942737199533
-8.97011151956234,-4.534213695530022,-7.475082013082107,-13.720674218854487
-8.966155919633255,-4.168457252299449,-7.4591263965208565,-10.767222549737998
-10.082377531702999,-5.553046849187773,-6.647603767653553,-11.3902501088266
-10.385947456709363,-6.2744941838832045,-7.842177867036195,-12.104534726161768
-10.318098355997966,-6.16404805531944,-8.850412224766385,-13.193106127592998
-9.931992166183633,-8.139917333006679,-10.190668045057864,-14.34315747364887
-10.019933670573883,-5.991329953757862,-7.812180651376084,-16.691355815473884
-9.090873407868749,-7.352757147811322,-8.969022301689085,-14.249468246005897
-11.936149666850605,-5.949465142332104,-7.851041351156544,-14.568193650428299
-8.842485831521225,-8.193327618013697,-9.069795515517399,-12.803039504359678
-11.31375744165968,-5.562313383460203,-5.656655281782629,-10.356289473003635
-9.054261965352183,-7.4659610897974655,-9.089066076769752,-11.5769033388485
-11.32930333496508,-9.320050774128628,-6.689344735835876,-12.398740333324406
-9.166574749251957,-7.46197307768124,-10.507922009124954,-14.786752372531874
-8.84025962307128,-5.470241006315434,-7.087736218406532,-14.183314843635408
-9.280575569705746,-5.5006225863471,-7.132113636134187,-9.955361947722844
-10.46201557000527,-6.494515873049834,-6.195232875138416,-11.536312124608884
-9.47581838126936,-5.497630600198007,-8.910070932032975,-14.67110013023905
-9.409440071992904,-6.151369849010579,-7.822292322177859,-12.139046157400486
-10.763310249302886,-6.134362922964817,-6.468737590461529,-10.128682648674815
-9.36930520462014,-6.356660339139961,-8.70268199183696,-10.430240852002132
-10.248128420620816,-6.1718734381169345,-8.604285544983382,-11.375954375999111
-8.8664865191216,-7.931151196613524,-5.646869463206531,-10.49843412898137
-9.651522879358005,-8.604890974633742,-8.171781978634012,-10.712661383034419
-9.523666967364862,-7.20288217883349,-7.785918385035928,-14.020787830491964
-8.036802649735977,-5.749491091243398,-7.272245417866277,-12.13342533796423
-8.659863784082159,-5.908278861516619,-6.161824610757667,-9.883869044884191
-11.318699538211531,-5.479649962946116,-7.117634731272126,-10.344134807736003
-9.473131886557765,-7.832713024041048,-9.239720001095533,-12.742481490376651
-10.585834280332149,-5.537088187740746,-7.813437375534168,-13.51176121618031
-10.507065840873842,-7.916071808709753,-9.584601282857092,-14.252823733851876
-9.52866597397484,-7.025284355593113,-6.255433458276347,-10.873428514444601
-9.664124917132181,-6.34102803453047,-7.8429236968932505,-9.040862725740359
-10.587466789856894,-5.5581304190382115,-7.13436894088265,-10.925313150914628
-9.788578660042292,-9.358789391596995,-8.804626289567121,-11.741048190527872
-11.463089792661806,-7.745054241049559,-8.185626600389318,-13.237422007810801
-10.330534340688244,-7.523581225327294,-9.625915496799095,-12.88249276852198
-9.08621372072696,-5.935803127591111,-9.814273260539846,-11.86489915619806
-11.001558385384392,-6.589224591796221,-7.429592116702337,-13.54726161844545
-8.975183701374,-8.28744300561408,-9.208254362626946,-12.38894268123829
-13.103542205084086,-6.259574524084995,-6.008622451914424,-10.679229835920374
-7.790541459636243,-8.534352083866867,-11.679533881651786,-12.96611963138023
-10.492225516599024,-6.341814694194703,-6.80958034526385,-10.482659538155563
-9.57854976516058,-7.479895513109932,-9.292220880033302,-9.699425699213405
-9.158158098986618,-5.976498792723611,-6.220309418116656,-11.19381975104143
-12.750865414070145,-5.360184553172685,-8.195934924043966,-9.963978059607392
-7.291819037558774,-8.505824051907883,-9.638392486529979,-13.097842566187296
-11.945530240831015,-5.877286291090495,-4.863293756641039,-10.912908856013702
-8.639253916408112,-8.931579048919023,-9.702547104080221,-11.450870058556267
-11.043499784874301,-6.27538626314592,-8.288214134066958,-11.198141182899874
-11.275711067984712,-8.684024300470186,-10.198953686663131,-12.757568100437098
-8.472988799588128,-8.290477895656885,-8.16080478959169,-14.206912519300433
-11.35471380430364,-7.893856904979142,-8.03898505847036,-12.093848041181452
-7.904373216595079,-7.2407844517476425,-8.691744432383002,-13.03078856704485
-11.207901484074542,-7.622908709455968,-6.209149463455468,-11.497196933545233
-9.076842331212715,-9.044035982111698,-8.589188702948608,-11.321881984571776
-10.259293885756373,-7.170727591196181,-6.7898890571242845,-10.57158452455847
-7.98604622634863,-5.9076627341194285,-9.141105893023001,-10.565819043237262
-10.649763967606226,-7.026401034326354,-7.364365160093645,-11.736747468624767
-8.3360365316486,-8.932954157240362,-7.80488403998458,-12.23874204991896
-8.495395698688501,-7.24408119041701,-7.2981738358832775,-9.274583134535408
-10.14982401466808,-5.341357172728285,-9.54646505095595,-11.183147511339861
-6.011447351962593,-10.586843910024612,-7.4711039138506,-12.125615694215751
-9.404303708191835,-6.2496099324246694,-5.845419169638843,-9.410478855744886
-6.202602934982686,-4.600326245135621,-7.056307088648214,-8.779884179557813
-8.921827516414291,-4.801327124565008,-3.5692604986691796,-6.455595176907641
-8.393439633044059,-8.378611613278274,-7.120699555869486,-7.196906936015919
-7.67604626122805,-6.902657638921395,-5.718985874771716,-9.116793942966906
-8.50834107429843,-6.403975972050918,-5.987039328446238,-9.698080170459509
-5.538138323071472,-5.94042920425508,-5.2192435312975975,-7.1906582185606
-8.53377007749494,-3.1969007578825734,-5.492617767214284,-6.415338259177233
-7.877232601195056,-6.708444093366944,-6.835231042412443,-9.463094607447347
-7.280481106976516,-7.146702979392869,-5.628624475914577,-8.031183066001784
-7.271636091351951,-5.43024405469784,-6.014796642591259,-9.18652692008561
-5.7546501865762085,-6.786557934181566,-4.665089876428892,-7.133367435714374
-7.157204177898463,-6.228705768688343,-5.035759688771748,-5.709557110647205
-7.08686952404344,-7.95854869171601,-3.656392190689883,-8.036600987429956
-8.14783180956807,-7.848955446055666,-3.5472981149625067,-6.431334115265622
-8.047446238338475,-7.9410292240604425,-6.236193451427156,-7.423725001588562
-8.586704246529997,-8.233937174512475,-5.885355810316164,-6.743507564137625
-7.365376596572519,-7.0259404597695,-5.677691961599361,-10.017205527137767
-7.920235668513312,-7.76658033413694,-7.079498676225382,-8.54761803720244
-8.196591907600004,-10.154079005278613,-7.648188549388441,-10.741478955145638
-10.939459777770963,-8.548999226098104,-5.300854612222368,-11.90141477301917
-9.638965546759168,-9.793574377250422,-8.477579349343772,-12.505105939607772
-8.031577535768573,-8.882468577399184,-7.9376776833871245,-13.102787230232424
-9.44422660769937,-5.799686208029614,-6.4141387257336975,-12.88077115537607
-7.753493044027448,-8.778331875379275,-9.941422758523565,-12.897719671097143
-11.582528622710424,-6.508741968780931,-6.3933567496789605,-11.637030619994015
-7.257523813034077,-9.68163693210736,-10.019069637361563,-13.733513005529776
-9.951080739294175,-6.971644218576438,-4.88794741681218,-12.667072103167833
-8.060834813883188,-9.485676297703725,-6.965833813051335,-11.982837632707627
-6.526507099779128,-7.2566136306578475,-5.87198761697664,-11.405659353987593
-8.305241617707402,-7.090550020988666,-4.825747031024162,-9.664323482529142
-7.19858107769366,-7.31328601392579,-8.14154004288619,-10.108112458132707
-9.72138136337115,-7.220206036331271,-5.168221782158055,-10.793727065231685
-7.955252957307956,-9.540571009601653,-7.147707145173536,-13.280973719458213
-7.614045983098602,-6.355879301320805,-5.119009712077635,-12.274943945408149
-8.23547142175855,-6.766064905975946,-3.9730269740486843,-10.001079479682074
-7.801557675399603,-8.053992839060115,-8.28093781097845,-10.162464361969974
-7.511245141855807,-7.14866010498022,-6.629722965937896,-10.969811109482254
-7.992615208131617,-7.243455068687356,-6.75126275064229,-9.984764604161919
-5.263056469439885,-8.111346833924463,-6.2215849781202195,-11.51795942845982
-8.023300751192911,-5.55826412280947,-4.197043317333869,-9.133641053925134
-4.746988678195017,-7.87352613957479,-6.652722674034475,-12.204647384629505
-7.409953523813733,-6.189075910350396,-2.7699865811548396,-9.104895376548848
-5.406841369913869,-8.548951151916945,-7.029377030231769,-11.255763466397688
-7.061116048144534,-6.065838308752242,-5.3665945633237015,-10.95842447071099
-7.568830283140802,-6.366335651421949,-6.67311810961367,-8.371493576780473
-5.444346408154788,-7.787735458543034,-6.415391813938628,-11.246508541557233
-6.500838661011953,-3.207195975527545,-5.584067342435676,-11.744696520985944
-5.385337387033865,-5.486024818924626,-5.249242417608833,-10.567739196396259
-8.06737068966194,-4.570031114917165,-4.473760104257959,-10.403322430685192
-7.83734220137666,-6.948317897139013,-7.240411665728633,-12.717317032093574
-8.182994951094605,-5.7784954166897755,-5.396107507045133,-10.424517859000888
-8.936712544133687,-8.749414457600663,-6.605896489162421,-10.91547010017858
-6.674680809617148,-10.837736159829195,-6.0867226712751465,-12.338717543272006
-7.376997695189788,-7.222579500571821,-5.534794498898151,-12.050794249067886
-7.269427292421713,-6.7111991671451845,-5.925793044383186,-12.149283189225857
-10.040411080480048,-7.33124752639272,-6.378324238619081,-10.627843140032304
-8.293830378612249,-8.98331409602735,-8.039375404919523,-13.52820476924406
-8.520344941681206,-6.748352869041252,-5.922832996757753,-16.628897016467462
-5.7394152866755785,-7.5775391255882605,-7.227610185615263,-11.520389172284887
-9.352024029971016,-5.584591941444319,-4.073120266805799,-10.890626865464611
-8.28059078617701,-9.753476194344236,-8.294366185022554,-12.47955335684702
-7.1170745237470685,-9.051102276508535,-5.865422063419398,-12.34292323577531
-7.9504895225825605,-5.618045796417494,-6.273565446309583,-11.660858627409329
-5.864931831694899,-7.513081886319516,-5.508711744836998,-11.428467635658633
-8.53667233925291,-7.050900404441727,-4.630968922922254,-11.053377967842394
-6.742817770278689,-8.74571534422894,-5.308384138011265,-12.762216379405375
-7.049263901221453,-7.553617390708958,-6.548321942477161,-11.629810949333155
-8.15613996532339,-7.943288373315,-7.115587894289031,-11.081141014769512
-5.579039287549976,-9.03862184463469,-7.14112921823428,-13.711755242914599
-9.719409169173689,-7.869407181628721,-5.847842378074294,-12.758596319648348
-5.832560556082795,-9.076414769091171,-9.15826222976723,-13.057794037264125
-8.205595571911244,-6.993097483137747,-4.044497684406361,-12.493192948601937
-7.6106433488952,-6.896294657204519,-6.568655250941655,-12.217901211408984
-6.915002705056257,-7.225400340834332,-6.5681956558204195,-12.86551335370714
-9.287566411699999,-7.003921115390609,-5.918964761350439,-12.11505313117228
-7.44548295743127,-9.488799361532184,-8.027290793686339,-14.97040493178245
-9.100195733419266,-7.741974224983301,-4.306017198125973,-13.087187660874063
-8.632051788534897,-8.370083634611257,-8.01566229437845,-12.558085991105635
-7.684801755144513,-7.590518537059373,-8.227775328911218,-13.798949121246022
-10.10989459426981,-7.977497367921117,-5.351790786629283,-11.62421920952712
-6.85316533329684,-8.173233545428843,-8.30367129876367,-11.462869929537936
-10.786524231773358,-7.354257119109327,-3.4437585778195867,-9.64461284295991
-8.308903476496875,-9.07065762751265,-9.155425024212821,-11.744366577542648
-9.860266401674115,-8.769235083836726,-5.801138601440708,-13.129772594763987
-7.884252306508503,-10.974809415490892,-6.806015790739988,-13.51088756174682
-8.026425921868885,-7.518766467277361,-6.828737677408807,-12.514588032700654
-9.547122071685324,-7.306703266377096,-7.164061505404144,-11.894501642454298
-7.668945258113156,-8.32607684238418,-6.896331126417355,-12.115346073663405
-11.810886584009408,-7.570854498671542,-5.560264288576594,-10.910726118212251
-7.819732371951737,-10.833440798734246,-10.859319367918452,-14.600553779844343
-7.921142075134385,-8.498928186993247,-7.384221533866111,-13.50761822448896
-8.551080715415857,-7.2648589206397896,-8.873343665055513,-12.004833976398443
-7.727130497454435,-7.73855974478869,-6.245477718353884,-11.824858293152278
-9.632855270070436,-8.329008925131307,-6.443531591099294,-11.34280167905359
-6.877826191388741,-7.705927112097598,-7.868434637031632,-13.402974367383852
-10.77446536549227,-8.14754360267301,-7.193705050812847,-12.980192805711157
-9.396779935193326,-10.425714487277707,-9.717674645483143,-14.961302398556366
-9.040506640387205,-7.192848770168416,-7.995382860722228,-14.132872613790834
-10.229694164529391,-7.816770522559981,-7.904730912457586,-12.781317377862566
-6.647141153668058,-9.503555170160771,-8.065919256105882,-14.894399758871822
-10.817254154896053,-6.752878784575406,-4.734244796302633,-11.651170346533787
-9.95649128014381,-9.703437303807274,-6.384190754631646,-11.197358739628736
-11.196894314485625,-12.1098007613456,-7.985210054145974,-13.153369902573068
-12.842768741967175,-11.28747150513015,-7.842112788491555,-13.239120252954832
-9.156143271359754,-11.198731276364027,-11.104187770553516,-15.853526267130714
-12.018395575695997,-9.193024171923229,-8.999860932063159,-15.732113486890468
-9.98077998553368,-10.371575726851002,-9.967018107266924,-15.573883509411067
-10.528765906061073,-8.099631126717691,-9.582345706301185,-14.575229574931646
-10.213254527233735,-9.884179839369708,-8.408339557679755,-15.167713761478346
-10.012843012066526,-10.360422885334975,-8.951057746295653,-14.258905471197664
-13.250518718941724,-9.141958225078687,-9.964545796407807,-13.86823053777936
-9.379529918307844,-11.652816524156005,-8.864389829293202,-16.241130393410696
-11.334282083992822,-8.947703803784066,-8.041185647751655,-15.256374162379345
-9.487000652613844,-10.246239449312332,-10.705044970138456,-16.42107779456254
-9.692082798721557,-6.418837504156873,-6.691428731583786,-14.223352600049902
-12.533587782238824,-11.307465714536427,-8.482280601516532,-13.845825559805418
-7.527050972329563,-10.921461748718379,-8.936704192100397,-14.80515841111603
-12.89336268625769,-7.546436109171541,-6.7550351125417,-10.26381085512958
-7.7578028852708485,-11.543921852010468,-10.855587839268951,-15.288301517693135
-12.980070436902974,-6.767073833370805,-5.861410598739633,-12.762880610227002
-11.075960021024887,-10.29522828290449,-9.79083696881827,-11.485473474369092
-8.737192057890931,-9.565530620191218,-8.09228427947931,-13.066701182084625
-12.24556117664214,-8.477836880200156,-7.079494785042075,-12.122846858722452
-7.407574866448091,-10.266520879194461,-9.26783221975913,-13.583160189654944
-12.37586041805331,-7.344593250366724,-5.180431286235053,-10.582782599629192
-9.346725599736661,-10.467743686500812,-9.700119195875798,-10.867411712816658
-9.192675913039432,-8.415931447996785,-7.620038593053626,-12.908284683269105
-11.0328022128413,-8.025715538254508,-8.799435678662675,-13.11668413649045
-10.080863497307233,-8.691605988671435,-8.227067613493052,-14.755990200600003
-12.507571407399011,-10.224865055032605,-8.022517098704636,-12.910142811353083
-9.162602819820252,-11.382665760608639,-10.419672978269917,-15.899358136702169
-10.454614553856713,-9.841177160760704,-6.0523158922645415,-13.433199436999642
-11.664760766566216,-8.224365331983318,-9.791525275998687,-13.656432022523994
-10.992081544990175,-9.592712217350218,-7.6877722978880865,-12.864524251434181
-12.66788743618486,-9.006680089870251,-8.815938514626605,-13.639302934949885
-10.44281177651944,-11.863989089912645,-9.81679177044499,-14.422680190083836
-12.937164583622337,-7.313202667071609,-8.749293535745823,-15.677310410453543
-11.682157379662307,-11.299127782288782,-12.016804579421201,-16.08573350022041
-12.693233549565782,-9.71606706870896,-9.485335802195626,-17.31150007421709
-11.403489148161665,-9.579885551482736,-9.819841932759834,-16.32335604610039
-10.758901352052368,-10.425025107235879,-8.446565872126738,-12.577521173017793
-12.316137323980817,-9.659784969679082,-8.805154280080796,-12.465114011201267
-11.61256916172807,-9.924760078802336,-12.045449700389073,-15.58840599116019
-12.364761124734187,-6.799814591535163,-10.831716673965081,-13.438845099669512
-12.324604262400443,-9.849199141528654,-7.839789276024056,-15.766697696452448
-12.708663320560719,-8.524671356674297,-10.952219393692472,-14.210045251429591
-13.260592002116347,-9.21971291755199,-8.739881198209368,-17.137183490923018
-12.79542940511585,-10.367447887904365,-11.542560339110674,-16.91846369757595
-13.976150363217538,-11.487280620285778,-10.41879943382055,-18.492453420510575
-12.397957274695273,-10.07712778022628,-10.555712030974128,-17.308654569787354
-12.612691168105421,-11.521795629991775,-10.738560266337092,-16.799188626376395
-14.416372939204052,-8.72352419977362,-8.497937798725282,-16.353401394880215
-12.678931575394602,-11.183237700664192,-11.457369993294833,-15.903415588772836
-14.416197446477131,-12.960985215466852,-9.682294414016013,-17.28133051523941
-12.196935739508133,-11.615431173096214,-11.800564965200833,-17.525113281804153
-13.527383075394864,-9.170556708888586,-9.098828304589418,-15.988900972101675
-14.760253619287724,-11.086172940035055,-9.24311372046603,-17.524201330031065
-14.365546624251898,-10.927764701395404,-11.939488833053394,-18.75506214284837
-14.558801957297455,-12.205958464046967,-9.762724508652283,-18.27762779170793
-12.252460262134507,-12.536756709240953,-12.258637374217082,-17.838915838858377
-16.257279887389164,-10.058532242664308,-9.037872170355897,-15.775003883837842
-13.160630360909535,-12.41958582707061,-12.516709573668281,-18.731064679363985
-14.121791250532887,-10.698451135281402,-11.597086361409998,-19.23353143664473
-14.012742035309708,-9.755247025999605,-11.083623295788978,-19.725980270254826
-12.636923260307256,-11.58951449874243,-11.202827690397394,-18.444027881760743
-15.838080042247238,-9.75400264848821,-10.962730784522652,-18.238276477597026
-13.018143009885273,-11.928977914882793,-12.312461599603665,-19.91924349769132
-16.600849164698214,-11.909098720872066,-10.268224861799702,-18.688973865136084
-15.859785831016364,-14.076489272563588,-13.353266279065789,-19.664748117222935
-13.67612041127746,-11.979905181829166,-12.756406133871776,-21.690446653309884
-16.833927864356244,-8.769490187616762,-11.030906587945587,-20.516258457736463
-13.802659555584796,-12.050620185427015,-13.834841912731324,-20.784930856313302
-18.103830767797422,-12.635829195359538,-10.902293549452857,-23.043225703914658
-16.241192396384456,-16.8175383272139,-15.12697882660172,-23.31932707399502
-16.06381328963206,-11.624947671240747,-10.336144425637565,-22.95786993286743
-17.267137324506,-12.423164426416378,-14.260383877170963,-20.118611343283796
-14.55526542461373,-11.729865023127044,-14.398445936839257,-23.304323871396218
-17.232945627172118,-12.094615566125832,-12.149954444267925,-22.13333955688654
-15.077379264174485,-12.496092839270858,-11.745863087413158,-21.39594579991027
-16.409778667473645,-10.598353334708513,-13.382038061317088,-21.422495009773446
-14.594490089408357,-12.617319371434645,-12.701900635992807,-22.14491155882848
-16.550115815088574,-11.495290647355256,-11.427198006480147,-20.273803838612466
-15.968652724493156,-12.32954349005039,-12.906490347396312,-21.27278484249646
-14.68105771911194,-11.25148670072187,-11.538579016983586,-21.279427116459143
-14.924675886645364,-10.90702354336181,-10.529016815542464,-20.381102568379344
-16.05953755360472,-10.178543859335464,-12.39069753583641,-20.766526982717675
-16.04975129252284,-12.384091964063638,-12.653612593389786,-20.91388542243404
-14.655974043181676,-13.080885695036935,-14.703903066170415,-21.59742944628792
-14.857325400618324,-8.796947165623024,-11.625686226023412,-22.47665973448956
-14.595061933433747,-11.470605240511603,-12.679849748326578,-19.709576859954055
-15.676116170546178,-11.336661402853974,-11.862431972707515,-19.1139336487572
-15.706207538686039,-11.571902922201023,-14.226264801253638,-19.805113259489712
-14.877826043773602,-11.355692586033102,-12.160093744229755,-20.7171323586212
-15.534140594636664,-11.274293720725673,-13.59882953059449,-19.9458684098871
-14.77902260964812,-11.268356434675564,-12.279027868917746,-18.517649305132853
-15.526529676476382,-10.816697295307069,-13.049723680741046,-20.158828819566533
-15.92068660266058,-11.145079183763071,-13.270864776316992,-21.887091956450057
-14.670048486243553,-13.808981095124746,-11.581817179583302,-22.249959297358163
-12.813168950233202,-8.490695763970326,-11.148120843081221,-17.640095878450115
-16.501522187271913,-9.569564598731981,-9.101332022516019,-14.925099377944337
-13.845836789164812,-11.14009577930789,-11.64149061731624,-18.70168406740542
-16.97129448358515,-11.535035074622659,-11.849508138471617,-19.248789784150773
-13.680540060184933,-12.46982117781568,-12.07806392442725,-20.33042412192161
-14.845674243581316,-10.467763983606115,-12.409937704326849,-17.855862406481688
-14.32917634968596,-9.073816552591493,-11.13043906032015,-19.90786418686578
-13.170248939864285,-10.63657324068432,-11.95667879434874,-20.55699943579785
-15.457814298867376,-8.695366237583821,-11.466499294530745,-16.169945066602068
-12.293342211610431,-11.374419047722656,-11.751781571789458,-17.926334483818824
-17.496042165013023,-9.467991201489834,-8.889722244119133,-15.78397291639887
-11.720806982732173,-12.312058819456748,-13.081565345363874,-18.572340457582328
-14.958083400546315,-7.051037587464714,-9.161785697290947,-16.201728863341494
-12.511467285054591,-12.234024478097169,-11.834509419107814,-18.447230055817855
-14.845588550919894,-10.169024478883843,-9.48230724234377,-17.315945760408056
-15.834524606639144,-12.522408511266557,-11.572706765218724,-16.915796008042243
-13.13725947268126,-12.07465820700596,-12.126263845725335,-20.60827589290008
-15.413341892930191,-10.12836707877537,-10.305808117034294,-17.73621000081005
-12.541294790857936,-12.227957798300356,-11.48788968983779,-17.822304141369887
-14.044950060995076,-9.47878535688511,-11.660243639236779,-17.115209239579407
-15.953130014051391,-11.99453277241934,-11.367233523882447,-17.720141482134153
-12.61728569512086,-11.99233131192233,-14.1463505050867,-19.989094346157046
-15.674954043532862,-7.737562572659012,-9.817126538491804,-19.26089316215665
-12.783072104113945,-10.379123750538797,-10.898033058972592,-17.019395002683304
-16.33106728664886,-8.91986271332591,-10.700542465238126,-16.160815378865546
-13.865052390705804,-12.341830035050295,-12.937601799021873,-19.248693904969635
-16.8882843419159,-11.446566821491352,-10.335555197643005,-17.24676011378363
-14.12160920588062,-12.885143939452274,-15.578350405299245,-19.42156717596154
-16.327784058487914,-10.06964889907691,-11.819397846848684,-19.463112957953058
-15.172880333647266,-10.584197201447301,-12.697711587517482,-20.852787666176255
-15.215587061924781,-9.743545239362662,-15.03529899257509,-19.07248369608228
-14.861044190487698,-10.008039971507987,-13.149278142614797,-20.78882380107895
-14.847253302916592,-11.125548679372432,-10.78797737900887,-17.955846696131673
-16.28855268563347,-10.497416645735392,-10.874805741882549,-17.308351933930172
-15.516669514253131,-11.775128571245085,-12.656523921136676,-18.048254124534665
-14.479187105024462,-11.01160758323626,-11.531137971459328,-16.576224906415405
-14.65255988318952,-8.065687401392546,-11.368245449598106,-15.941726647906004
-15.048850185493688,-12.027702526250375,-11.166652999109301,-15.11188389283688
-15.707002704376007,-10.846092954531573,-12.354733857235566,-16.273063502337628
-16.849936940458857,-9.977760175892342,-12.449789480578714,-17.192965388398804
-14.704620703848693,-13.244611812102344,-14.112319938782909,-20.693933205493373
-17.511064119519656,-11.205674269880653,-10.500213218896642,-18.274697176725624
-14.124938978835734,-12.721739716547692,-12.487291886113525,-18.155636785559977
-16.480411819456563,-10.286718119406533,-9.920038382371514,-15.084307739284553
-13.100486160073373,-12.97628028064476,-13.592438217243114,-17.57453926989987
-16.692651815376934,-8.784948351813203,-11.434162967423788,-16.54834316305103
-15.408437230837148,-11.10726804602174,-12.077147791551385,-17.208960760854882
-13.610507696183273,-10.194244095503283,-11.782842582078306,-16.033814845310754
-14.753034884855442,-10.4370801097581,-10.559821815422977,-15.76583665020641
-14.051708979708224,-10.218791418402162,-12.4360599928295,-15.473620751521976
-15.49887592174274,-10.868061119742539,-10.815703371129814,-17.777144838349315
-14.728073748857598,-11.247251259764072,-13.484378797056127,-19.15556577900263
-14.27273594156885,-8.186751374360481,-11.148396643007048,-19.93856166593078
-15.439234752841351,-10.053656007991739,-10.03930205364887,-15.48174072376442
-14.251542863339271,-12.046430784973818,-10.720342258365129,-15.016967559936855
-17.06710771256876,-10.14106334249812,-10.692710236561602,-14.508823470956909
-14.354684854230353,-13.385714568441358,-15.03570771967613,-18.858193342142204
-15.219901153646973,-11.434160906703697,-11.286417752438261,-18.79391357808706
-15.124379216179737,-11.886313138486544,-10.036239178859866,-16.71466362431213
-16.35077289907791,-11.359742193175526,-12.968114963386075,-15.400949051324442
-15.107211601522785,-10.727574586620719,-13.139799892172546,-16.655015905605705
-14.98820383866133,-10.219259762795447,-10.672244929417252,-16.427511406781726
-15.889571475285855,-10.297512492603229,-11.373429148855479,-16.130489222786775
-15.336891974258597,-12.511644372357534,-10.23150085574358,-15.293141757418951
-17.62084158996372,-11.812573514623374,-13.002382962635465,-17.191824551088672
-16.247461915668595,-12.47819550083552,-15.0864290577118,-20.60878840657765
-16.842334060669664,-12.494632359924648,-11.773844096699703,-20.038139228179027
-14.840095883197074,-12.37933626478211,-14.66974587680727,-20.895593482628666
-16.729116408351608,-10.46588628023408,-12.068844695375196,-19.632971270402475
-15.59025507725164,-12.483847186593495,-13.448939671540865,-20.64438424578283
-17.02660536487168,-11.27530202928322,-11.436214588415393,-18.051565001398938
-15.968347008108777,-10.828553320153812,-13.007016323872099,-18.469548585733055
-16.07474612617818,-11.88373808544687,-12.31761269231016,-17.65541285880837
-15.47567510813745,-10.568281566779179,-13.262227778844212,-20.756274082298802
-16.36731193993347,-10.879651983075087,-11.165536067428016,-17.206397896289147
-17.823668486507007,-13.698046443062239,-9.06802550921951,-18.712027430981706
-17.549778505384754,-14.34740648446062,-13.56765269028269,-20.245776743270692
-17.481084800285352,-13.903071899488026,-13.940150596760967,-21.878551374282658
-17.761786777439156,-13.927479834134022,-15.282730811220443,-21.00002226119232
-16.513986354429857,-13.258206406363314,-14.846910871268479,-22.446910369073752
-18.258495796831156,-11.878190342521652,-13.42489931749119,-22.029326564782675
-14.657275879880874,-12.122994784448936,-15.141396877732056,-23.376390321308016
-19.607504893695385,-11.068778661506851,-11.741898538431549,-22.181770788312683
-16.005898149950212,-14.952602075833108,-13.907987838149023,-20.98739343926522
-19.188698647568287,-14.411615784171815,-11.557551602590936,-19.634407396909037
-17.625598313773363,-14.356049410729778,-15.509791634522884,-20.789895155302766
-16.781567790384035,-13.248216830828165,-15.308758595684552,-22.917564264397463
-20.94192297860866,-12.942490573340843,-12.087886589404816,-24.740855439898723
-16.156906853379095,-13.479430536942335,-16.802592656348292,-26.03426889920471
-18.162403350814305,-11.22289287624989,-14.652025908305632,-23.75900936884017
-17.34469088194482,-13.02755005667477,-13.81749256215841,-23.809708641959602
-17.21217771379366,-14.216337518846485,-12.850066021322393,-23.023130707020616
-18.11838523715134,-13.792659419765672,-16.195650575969598,-24.36938916840078
-16.848495783613373,-13.909640617216684,-15.319262831853978,-23.997708929107688
-18.721354482514307,-13.916562567356152,-13.589250638198413,-22.922657677006377
-19.37232973650085,-14.044995677456518,-14.242572674702828,-23.038094041716423
-17.32577537875901,-14.467983421449594,-16.01361037382485,-25.481557792038135
-18.85852589655499,-14.66247921147653,-14.692762204981143,-24.575636002690548
-18.09981943257435,-13.403177455492717,-14.359651467563712,-25.9121202570702
-18.663343479256955,-14.051874117652826,-14.94817791937364,-24.82045107301637
-19.319754941343778,-16.372448788387615,-14.388620132856866,-27.2856058604607
-18.52298556012351,-15.103757967235662,-16.567319608049612,-27.775457071778963
-18.482849262840677,-14.238812318738205,-16.170721467335206,-27.066115624847004
-19.649784907672775,-13.66529817045629,-14.031010252702144,-23.238476511483395
-17.52578108497506,-15.609601054422448,-15.467308015821008,-26.874269498155563
-20.882456087626682,-13.322724876536205,-13.09816913474384,-25.859332930817345
-18.687084730904548,-16.123412440655944,-17.23855787102279,-26.28266708344429
-17.759706481167104,-16.02593752602119,-15.744773087203384,-25.02834027426868
-18.04108005764624,-15.534906954404342,-12.847046297392774,-24.247944202950247
-17.545139790575643,-13.174478932103197,-15.955822810111464,-23.817218050917386
-20.402298288137676,-13.069577922517071,-12.78465112327989,-24.57338665726293
-18.64538456743999,-15.796960588039603,-15.001333923027756,-25.682134982900756
-19.007727070066693,-13.460556394986062,-14.056218139685917,-25.137878872038137
-18.305709080203517,-14.11308838348916,-15.893989173063803,-26.28993891692924
-18.367304359947134,-14.03080011473288,-15.461091100888174,-25.4348680844
-19.38483619825478,-15.800568409237778,-14.903899260955907,-27.236428818462226
-18.720719573398675,-13.833609527591022,-16.802908635435227,-26.055159274849963
-20.63826036980075,-14.785480591700255,-15.938269657472539,-26.82613890396825
-19.02972506896193,-16.918855750093744,-15.865874004331555,-27.632570371795197
-18.5881583108871,-16.060892216128362,-14.574430940945389,-28.03673785999381
-20.575614931159475,-15.055138785727012,-15.920101475244635,-27.300607484881198
-18.843994453682168,-18.230593606697905,-15.784370009627505,-26.252706474163453
-21.426691579250956,-14.935442114784466,-14.620892257205929,-26.234535350548267
-18.825509331923936,-18.165780801928026,-15.631467008823662,-26.710045334790205
-20.396058126135845,-15.207021633066713,-14.49127102367163,-26.862769460625678
-18.223168466567035,-17.010393655448745,-15.2582654471743,-26.511638685836484
-19.113443135718754,-15.350089441116642,-14.101457182323418,-26.747207263904006
-21.136733188686204,-16.696827342123708,-14.310825398877816,-25.285186071182544
-18.298248222207647,-17.26214818060808,-18.196503707516737,-27.15318597554296
-21.54104751367309,-13.577236249721022,-14.760343034877032,-26.603196334792433
-18.837704715764872,-16.10933649842515,-17.271820779166003,-28.624843388306097
-20.0134263045888,-15.393091726459465,-15.31391371954718,-27.586245624439044
-20.478966371955675,-16.670142495132193,-15.566854413354317,-26.264507996139063
-18.26298144707527,-15.932410009304274,-15.74879344306879,-27.084391013673404
-21.78451700432778,-14.474842323522136,-14.218128080589068,-25.87238758446681
-19.169289634011434,-18.66516376116775,-17.60455748468356,-25.562879246121945
-21.555342548006397,-16.34744319417414,-16.071161787054272,-28.02211704059465
-20.389766751338595,-19.672076453991647,-16.147087964248886,-26.824473745016757
-18.809970441993023,-15.779278912238201,-15.96208058445704,-28.279698743176095
-20.458345584222883,-13.92218294023644,-16.066590211993827,-26.065828430254538
-17.279686083990157,-16.768657553601997,-16.560364009027932,-26.436271618669437
-18.739199862215383,-16.91985640033912,-15.567048544899487,-26.22489994678061
-19.865443449596718,-15.345126084495897,-14.955989275424864,-26.798589541028853
-18.704166024776914,-17.55489485644059,-16.09073470227597,-28.29266431409656
-21.338094833553235,-16.788850316185023,-15.53779977017687,-26.970511717117155
-18.769531982131802,-17.109655368370092,-15.48587567703906,-26.342364681502705
-20.668729858139976,-15.897071394324195,-16.171779705247555,-27.012703828773994
-20.374642590002534,-17.962853632193124,-15.828590934829645,-26.835000220444986
-20.73833521435686,-17.977560559864266,-14.113005911070156,-27.39793583000313
-21.000653090298137,-17.505240656940426,-15.513400267768798,-26.253942988385198
-20.970652016630737,-18.243064173543235,-16.832061254336274,-28.097843561359134
-19.992564515081423,-18.845511339300916,-17.910590252727918,-28.311976411198675
-21.59040084073415,-17.565021844609777,-17.356113788649594,-28.564486170045523
-17.555880894622746,-17.62853011418882,-17.683872367544843,-29.821686975419684
-21.74691141648054,-15.761356248170985,-14.731705449612106,-26.847901025327907
-19.191248813709688,-19.69465967554281,-18.117076042142564,-28.348935460084846
-22.165079150247017,-15.819793198460335,-15.679312506438995,-28.357579811276505
-18.684733069094282,-21.30014004021924,-17.8343104130833,-27.01213041815217
-18.740979341631967,-16.595429380471007,-14.46257450763013,-26.281462178481846
-19.9189063720513,-16.94430278021928,-16.230579692768003,-27.334077957808343
-20.31291662645039,-17.057265005852305,-16.617368893774092,-27.275881475867234
-20.83132588342454,-16.988327440330433,-16.410005383982796,-25.934285775230393
-20.62025589378959,-16.78140207205202,-16.860545900162904,-27.626935513302556
-18.323797349054896,-18.25906938929569,-14.65978100761825,-24.903783797286287
-19.46038640106727,-15.481600560151104,-14.42679128652006,-24.805154674576634
-19.222917949264907,-16.659092281313356,-17.181898932813244,-24.874326355039845
-22.582231805493226,-18.750491672334697,-14.960152997825162,-24.460633647753202
-20.905002900186282,-17.336017152183373,-17.520121721650604,-26.432613611417224
-19.76525344567419,-19.40057027723335,-16.849130348393764,-28.72761539051417
-18.969810958903622,-16.67766124330287,-17.025599430948553,-28.094099865200207
-18.38491588597742,-16.104085774027762,-13.417794071809436,-24.15939842727335
-22.368034384439877,-16.218930029111498,-15.777816622363195,-24.61138562128859
-19.343407086268947,-19.485944396735558,-17.23365530113597,-26.04048961046969
-20.051128698574107,-16.12816865753479,-15.274675139951222,-26.322670205340724
-20.81494458816853,-19.097532291189264,-15.440092409829518,-25.376668250364812
-19.225926807649,-17.988151808405775,-14.945097746367495,-26.894447624659925
-21.31764708799575,-17.591874447182626,-14.819102573978165,-25.544018608056756
-19.585431531805707,-19.00452230720386,-17.612781897440133,-27.45470202767723
-22.53654974868613,-16.988700951905223,-14.562352950316605,-25.95241266008755
-20.525886170060847,-18.21176845516918,-18.660339248993022,-27.39797111036996
-21.20854370842259,-18.299801463158538,-16.257150924653413,-27.207480801442696
-21.069839033576052,-17.645764866561567,-18.259918574753865,-28.25366758885786
-20.960459045539217,-18.27399509270686,-17.889152454197593,-29.520132843438667
-22.246206544372562,-19.27320629721245,-16.716980565995186,-28.02168196287319
-20.78287889014701,-19.39625284348123,-17.428878526917178,-29.288533740338202
-21.284920521427864,-18.467202577230168,-18.32869373480864,-27.519119236399042
-21.2307857247182,-19.21333692831586,-16.53064904914163,-28.227356590893162
-21.532338711851544,-18.082802053607843,-17.804057556372857,-28.378472002159345
-21.64614209629092,-18.500854668944452,-15.94618295381007,-27.538225733744962
-23.078524726894457,-20.55020035219171,-17.668878105857246,-27.932740765454202
-20.988496181632932,-21.40529106166932,-19.586442051065553,-31.656450423490462
-22.15521832292929,-17.982682312025393,-16.714992387347095,-30.6224713586889
-21.220723920144675,-19.94525877996534,-18.640409659422158,-28.42159443370388
-20.93994590201564,-18.14445716075546,-15.707633994682617,-28.2165060974733
-24.102439853567816,-17.783422189839012,-16.751426514079412,-29.112165406005854
-22.938054911683253,-21.930166107767246,-19.433628505947542,-30.053167163467148
-22.85502524292503,-21.24433286922133,-17.758642910415595,-31.13094666069224
-22.08650627104248,-18.019749795423575,-19.28896763354032,-31.612557521245396
-21.727308629278404,-18.764491393409266,-18.9583586721625,-32.19432579480549
-23.556600137477595,-19.46196428667772,-16.973495323981087,-29.139196058183007
-21.6683280962409,-21.062920426989532,-19.944950817990886,-32.66361567178216
-22.27317384721019,-19.372105471010883,-18.434672630742174,-32.11372040419923
-21.393434889690162,-20.381059002197812,-16.981783046547267,-30.14702099742062
-22.26106969664888,-17.77084066735189,-16.58968380176819,-27.249943410505463
-24.582706901198282,-20.262750968091005,-19.062685299772017,-28.918838717749015
-21.195462688407762,-19.670547763021567,-20.285301563899964,-33.10367330408979
-22.206211707986643,-18.885801501514333,-17.86010170667253,-29.7733590283771
-20.649890377064985,-20.070930151501134,-15.988650068348736,-30.721074785086355
-23.11328312968527,-18.600743826856757,-15.61390187408138,-27.812324994170584
-21.942504245463876,-22.395290724609552,-18.91147134975349,-29.20517761245027
-21.29384320108507,-18.996306858743775,-16.97780870702761,-30.971734093529488
-20.515541728926173,-18.50203571136242,-18.39126074679889,-29.319771545551358
-21.847976713302987,-17.08332750754037,-17.085079534330433,-29.972463455768157
-22.040867013849862,-20.733545027935804,-17.373518104700505,-29.058772563309706
-21.147968428239977,-17.717743607770647,-17.18046286193398,-31.563805704953783
-21.609945036029305,-17.466281376677898,-17.015833868105428,-29.42641617950151
-21.94908268063435,-17.377707644402488,-17.039942518109218,-29.909586255121102
-21.314344589639443,-18.841445137614155,-17.480929684554358,-28.799552434216647
-21.41631321342694,-17.325239982242774,-17.21505307373387,-29.619190396253156
-21.14319361260871,-19.838468815194787,-17.429196162932445,-28.540073825806612
-21.29354419754818,-17.461545862729203,-17.340819762764752,-29.03516147916428
-21.80484404830726,-19.08515090949997,-16.80289784940996,-29.6052261657683
-19.82566545787775,-20.107910148495826,-17.033059649446354,-28.90976239643778
-22.511270814579778,-18.445828284557123,-15.662173198983368,-27.538499347127374
-21.071750298007007,-19.033695231703256,-19.187613701664883,-29.54245353419194
-21.891421992536454,-18.9189256432549,-17.856328089548793,-33.02704271503629
-20.55934314545624,-18.13975037344923,-17.114255788081095,-31.92814625458906
-22.35591689530164,-19.551444468289304,-14.975801215694114,-27.66966167299108
-22.845603729783445,-21.156609176225007,-17.732318054682555,-30.4344162208896
-23.751562104389045,-18.069796921884723,-18.688151396303752,-30.537807583399427
-22.33581763590668,-19.009846715944523,-18.77690922806846,-31.52018506157431
-23.273758442129186,-20.044161133295642,-19.005475531238773,-32.712363321407196
-22.730417375622075,-19.578119945230835,-17.310063597166884,-34.00893984074277
-22.398302896064607,-18.11969042813225,-17.99773975598963,-32.21905525577981
-23.882532460788408,-18.61317186506896,-18.588099530062234,-29.587370310851618
-22.135778243242278,-19.725280704962547,-19.272821434723603,-33.09818334514071
-23.877483359210515,-17.70626148464255,-18.23565882665744,-32.88105063903335
-21.76098349433574,-20.51577340460546,-17.79031671055158,-33.13129488906386
-22.66276506028955,-18.33825462291956,-17.611026884915653,-29.85645254387927
-23.51369167373668,-19.07901718274414,-17.97484630211605,-31.074906206079543
-22.56792340516637,-19.81005977577802,-18.237226882338053,-32.27091720481961
-22.651844118753104,-19.248186546445524,-18.795105327897637,-30.396315070311008
-21.771076579496956,-18.730591316852447,-17.927765828867326,-30.738263717640116
-24.05426664727246,-18.354936547926616,-17.142425694203354,-31.262521266949236
-21.986766065445437,-20.803059780052415,-20.79749213883859,-33.70069001643575
-24.39570564865565,-17.719997705026785,-17.33671636357874,-31.022581281102156
-20.906792022138266,-20.80878650915414,-19.562326583867662,-32.06063431627083
-22.05929227423528,-17.696620691052704,-16.59546732559462,-32.10235899413634
-22.190643858786963,-18.566273439679936,-17.611804105897654,-31.983478579405837
-21.865796326404162,-17.944826934323086,-17.49334521407949,-31.659921073139742
-23.502207009748727,-20.330525354627266,-16.15529383544717,-30.95946041247274
-20.707770222871186,-18.15857642098288,-19.98127301988409,-33.226866232443655
-23.151527811454063,-17.98655675472353,-16.90836851379737,-31.86630771528199
-21.21363717018918,-17.578054940235766,-17.854603620200415,-31.487672811152258
-21.63672770240966,-17.93339111613993,-16.489983868423433,-29.958189760376545
-22.919728633494543,-17.899778798227388,-16.849976608585646,-27.207423001236535
-21.78844170263112,-16.693201390631796,-15.582205691122299,-28.708731687307438
-24.229993703198762,-18.30750651931759,-16.81661783798819,-28.3838756143121
-22.56551218253632,-18.304741106390303,-18.253057166303986,-29.62554303224302
-24.761756014245712,-18.529687243090127,-18.359481804881565,-30.508921719459725
-22.012791618999906,-19.386323084593023,-20.802317185293855,-31.8821741948321
-21.466184316355644,-17.723275972244355,-17.92455072443356,-30.93749737195345
-21.69606371762903,-16.556079155707756,-16.46098728174111,-28.885074618292204
-23.641932738072498,-18.415215074490167,-16.95002311927405,-25.46560713515957
-22.50405519438117,-19.932231445433487,-18.51029481985912,-28.167097496887774
-21.405255828612646,-18.650484428650874,-18.217588542302064,-30.683438963492105
-22.441929736107074,-17.216777813654392,-17.498007281703092,-28.821125997990418
-21.449212342470787,-18.133743643131442,-18.133401033178938,-29.922022971465438
-25.049824287894456,-16.837822211485857,-16.434894423811418,-28.012029060139767
-21.709897600449334,-18.399802826540956,-19.19913200214515,-31.248024967389185
-24.29109978768827,-18.57054667933951,-18.374159730030698,-30.997576874985654
-21.87627865036669,-19.864031360848305,-18.67053727071917,-30.24700729476454
-24.431358987268407,-19.10149456014842,-18.15174415104958,-28.31867261078888
-22.920193244652978,-17.242397656790104,-19.076165537973672,-29.543152693689958
-22.046115618432182,-17.793001688489728,-18.528120338184873,-28.91403304222964
-24.388826377885792,-17.210470355909866,-16.071103945506763,-27.64888938248119
-23.09811971580987,-20.511565031107562,-19.92913573128978,-29.027502936235066
-26.566115725127084,-18.586172927974708,-18.29988393175311,-30.288392159209334
-23.275570014306602,-20.144735059177464,-20.646299422542242,-30.83272913854189
-24.88770960606124,-18.73511810329699,-19.494414861568163,-29.8272676762557
-25.38321760844425,-18.555368429805995,-19.983024740275937,-31.030953744968837
-23.539895904623382,-17.45256294106918,-20.57315897137854,-31.893838436848988
-26.424637048650315,-19.68054553069626,-19.34573020710468,-29.305984621759322
-24.483468918110226,-21.551866410601164,-21.579432640403493,-31.898415207628293
-26.210745732996223,-20.192706013441278,-18.474760536351386,-31.139431715660223
-23.86203872434762,-18.654412465849177,-21.567147321157314,-31.21041108162428
-24.272383875054583,-17.586823765646056,-18.523223096806493,-30.83378388114481
-25.27336394799746,-19.123874948930293,-19.103312098012523,-30.60885421392523
-23.75882137811755,-19.473059552608014,-21.615671274173145,-30.954294009142263
-26.90296679688358,-19.552660917605447,-18.4878876640676,-30.541661110465917
-23.778059950505554,-19.7069987075397,-22.93588664726456,-30.319681761160414
-25.44035300548261,-18.928464802383978,-18.394356132239285,-29.999853711842174
-24.995548457750235,-19.90076283858089,-20.859474047516937,-31.114713844056485
-24.164128855842662,-18.610656858498405,-19.988071512943737,-30.43571200878276
-26.72969108196136,-19.05554707471183,-20.625583034300472,-30.26050272900784
-23.46127369539799,-20.54540106834189,-21.261370541964272,-30.72753164373558
-25.53316327219069,-18.193286355456493,-17.84206853834777,-30.204740850221693
-27.14557095727118,-18.99450824675545,-21.233496045775176,-30.177999986190013
-23.65834036050656,-18.898090684696243,-22.323623851960953,-32.874025250560436
-29.985263584969022,-18.125815461399878,-18.47205126483776,-30.734906947920482
-24.1758560535084,-21.73131921661375,-23.50859254432828,-34.236958040891174
-26.733865394322102,-18.899478450047297,-21.77486414121523,-32.45779113857665
-25.97800023064223,-21.098576291563315,-19.37168595167491,-31.615255007777225
-26.662288859883876,-19.252617741426622,-20.253846700965454,-29.658380874588673
-29.075368969522298,-20.432553174853073,-20.63291242545414,-31.332836743046695
-24.39216671037552,-23.224525398536514,-23.403835622279857,-34.28986077757525
-29.826121712470837,-19.372783209599156,-21.369086876852663,-32.09910902441289
-24.056092369546857,-22.332444047023685,-23.18617530872643,-35.33143487835977
-28.299307385219645,-19.123787447459097,-19.81006192386837,-31.170188257869857
-27.75812599997701,-20.026630285951857,-22.095514213992377,-31.60680329375176
-26.928852120100274,-20.54610718394729,-22.42530187024434,-32.35757071073077
-29.809348197325566,-19.34010292902434,-21.305042316963846,-32.751247759171555
-24.626247043965037,-21.928110584715384,-24.6224749392697,-35.737389005050616
-28.321899981509766,-18.832218394947713,-18.836608692493098,-32.69393017141994
-27.91134765584707,-22.377244538554354,-23.845899024665485,-32.99992504272356
-28.028968169324354,-21.13470158852297,-20.083508699338466,-34.35606545511044
-29.723533588930596,-21.367454742529553,-20.18522590047247,-31.339185002075393
-25.034097638185326,-23.447446228782077,-22.146127285677967,-33.01618270849769
-30.372815903346606,-19.85418975738442,-18.751799124773754,-32.401224434321456
-24.868493542331183,-22.808177295953644,-24.382801080910927,-32.561695310748945
-29.234186775852418,-18.639025837811673,-18.72824812811774,-32.19835507093071
-28.457947972010977,-21.5540951932101,-23.483525918958062,-34.7357074226968
-27.81141639102815,-21.97383970145862,-24.319875919854088,-36.93907427728619
-30.217000778447243,-20.697257840234798,-20.745931698791832,-33.74317335610277
-27.614573368695172,-22.758022001568943,-23.04477615983529,-33.25551559776452
-29.630766917419457,-23.8121675124388,-22.12299780261157,-33.52117473416254
-29.264176221044917,-22.78915045553777,-24.92979779126672,-34.86399663359987
-30.901457862961994,-21.120344365942668,-23.997541653414906,-35.87853987773733
-30.120264970594256,-24.93743680469826,-26.542311875257106,-38.08212999500041
-31.060871812246464,-22.679040636925798,-23.15113112385743,-38.14158535993376
-30.627676812074377,-21.811010439740695,-26.45200641666135,-38.32540008794
-31.071626905249047,-23.888041267309287,-24.215310579512828,-38.4616279115356
-31.635783409544,-23.483025725035382,-25.700994871978928,-39.887362490738504
-28.594982836331496,-24.8711577317894,-26.735330172634676,-39.976677623746355
-31.29191604372566,-20.07275536871491,-22.637631175786627,-36.87050318896119
-29.365958815207605,-23.470867033981662,-25.36733222029256,-38.490227601251846
-32.95816977082965,-22.34483031577667,-22.65457794674072,-38.20182737896783
-31.154834246012726,-23.364826718427054,-27.63414108539243,-39.74221177584515
-30.56127367363906,-22.730000584057596,-25.681182042284004,-41.70979767409153
-32.2479040577822,-24.01491026163635,-26.836661147402143,-42.2576862604847
-29.05555340090535,-24.64318890959076,-27.982669928553687,-41.54111243045476
-33.805733500206955,-21.737168735350412,-21.446250310745768,-39.60589991464551
-30.391559959324216,-25.836341239058502,-24.960988556065896,-39.48267918247455
-32.76955522689857,-25.17434933278038,-24.22052176223542,-39.87164595424518
-31.155411349171295,-24.611134464023497,-27.039472947425367,-39.885218803642395
-31.55304438575738,-24.946172775454453,-25.222778004827145,-40.10579031708575
-32.75146605176007,-22.246666745604788,-24.368861306119545,-40.37252799489879
-31.208432264318787,-24.370155453171087,-26.715561861230103,-42.47818405387082
-33.49489839672062,-24.60064386456701,-24.72911194441334,-41.62857982220091
-30.696827938247928,-25.715423173625844,-26.80867476785775,-41.527342006854276
-32.285583016401574,-25.10761694640208,-25.1262750206812,-40.96068697749481
-31.812760940257167,-25.38432923250737,-26.354659159113133,-41.41165308391232
-32.17746597382214,-22.976439340140463,-25.156887880520227,-41.25157612132792
-31.8572856379689,-21.987249580764338,-26.718860915445152,-40.99152108225158
-31.672981199849215,-23.25367657554298,-25.034099164751606,-41.588689363001286
-32.37813161501118,-24.017806513750223,-25.809963919528556,-40.80283839395133
-31.638181040165065,-24.782115770102333,-25.77513798736071,-42.68304848972039
-30.581212111445804,-24.688363420775943,-23.926582265963493,-38.48901467742713
-33.08808954708819,-21.18887388182931,-24.6331617343836,-39.626379555502744
-30.357239762592155,-24.925667177542852,-25.55066729747856,-41.03480063607333
-34.626281742287794,-21.143731630248446,-26.077824665957554,-40.45309800454752
-30.780437243149986,-24.477301836825742,-28.17138840747083,-44.08179921779499
-31.028664099258066,-24.952642492812426,-24.596661173443916,-42.26790258302556
-31.44559487065178,-24.102118423859853,-22.899600600199996,-39.91551833916601
-30.52232685238532,-24.314175344928238,-27.116427979781317,-41.53498539221927
-33.596387775272866,-23.396102107496862,-24.514071343801035,-40.7861647740644
-30.6203348472791,-25.241377978807,-25.420421369302034,-43.276752361384375
-32.56458875266882,-20.307142958153726,-25.281288283090156,-39.488621747041954
-31.8189414668968,-25.678707826126196,-26.264509812560725,-40.80320202403083
-31.83333341800194,-23.864231236148438,-25.1234141884619,-40.85362883980821
-32.50928346045839,-23.56714326275598,-25.282158180678774,-42.84533391371502
-31.99405120117116,-24.620185503160954,-24.4416562929123,-42.28828107577252
-33.34321792724828,-24.296542599881423,-25.1467671508637,-39.72383477375193
-33.266739771626156,-26.40268590866232,-25.34680144628441,-37.33795268086734
-32.197550646536214,-25.10584574466073,-26.973400174610838,-40.50270933081277
-32.342688354075214,-23.98244051176338,-26.49856592847927,-41.3099630988591
-31.86414047961717,-24.23591818584423,-26.09987387627981,-41.67381466457587
-31.87778264793308,-23.676141319273807,-26.65041547706134,-42.9684957935326
-32.477572488540936,-22.920204089924543,-25.018714422136373,-40.93627691159892
-31.645655709868887,-23.749939665550723,-26.367936103587997,-42.730143584198444
-32.106292995670515,-24.09725135170631,-25.988313467872587,-43.22893612797182
-31.846438114161234,-25.655160304238333,-25.18637598691541,-43.07748791652393
-32.52285964993145,-24.988016581935135,-26.620866269303278,-40.919983687817904
-29.947852685559177,-24.84296515320331,-25.247785506089365,-41.78854414460283
-32.536208659753676,-22.84710217380632,-24.436619536938704,-39.8710063010815
-31.692950551735283,-25.32553447227871,-24.869870483708755,-40.45769323364299
-31.75731356350735,-25.219759831155383,-25.747098019617795,-41.84112375235366
-31.85605068553836,-25.548253130849808,-24.773941184247956,-41.61833306150282
-32.25737467214359,-26.142002828155213,-25.305278174657783,-41.35372464540012
-31.07345141808228,-24.91024612674251,-25.061997864000386,-42.32835152418707
-32.06935718729027,-25.438145924066607,-24.748814242318197,-40.89258857941644
-32.52631358601053,-25.734572539715447,-27.318883162175464,-42.44986846824272
-30.773919822060442,-25.29570236727436,-25.012257329566296,-41.356529885501956
-31.766168557480903,-25.13376817057386,-24.706818780106264,-39.27473652456422
-32.188227612019276,-24.17874801258198,-24.62341876862991,-41.020348469917586
-30.140580032127865,-23.93318168157789,-25.060335612746563,-40.6488519289918
-31.69847323064871,-23.969844696204813,-24.885760506713638,-37.67417692257097
-30.4674460427192,-24.849783544492123,-26.273573989694267,-40.99135411123045
-30.142102088443025,-23.006318236925264,-23.718601732726356,-39.255467490996864
-31.1685390435396,-24.158210288112997,-24.416930700164933,-38.324597392135644
-30.169424135389477,-24.871416570301346,-23.998401955365182,-37.64228785421656
-32.09380625311614,-22.411413531542912,-24.313740251174604,-37.83192310974285
-29.73658464974726,-23.86152918464915,-24.651635225044625,-39.598233198504765
-30.641351203455603,-22.611325478711162,-23.36596323558871,-38.10309728936573
-30.437881706753718,-22.92722426093334,-24.225105969050336,-37.953615136134346
-31.195374023290142,-25.790727892524714,-24.724316564143248,-38.53289375052875
-31.135914125768853,-23.01141698705919,-24.723871604570597,-40.354228517340815
-30.53577812228084,-23.899293656003216,-23.715878585662374,-37.7061986370764
-32.22210698334643,-23.0570737769342,-24.48283795648799,-36.995441146446616
-31.958642265841466,-24.862950570537652,-25.24651114299329,-40.2310495758513
-31.143587124508517,-24.963630650328927,-25.52055373642347,-40.42654099779019
-34.14916651085685,-25.046447103639522,-24.790265656861393,-39.86547610731818
-30.63427209643342,-26.18515042993439,-25.59592245174718,-41.90301685089011
-33.66371980485546,-24.735468397056156,-23.305687646107184,-41.008974524226524
-29.988210574257533,-25.33796851313613,-26.85157202868865,-41.33805261338102
-32.89712167383586,-25.539540585862085,-23.776114371469994,-39.799851945569536
-31.409204328305293,-26.411441863698247,-27.019567842619658,-41.80222872560021
-32.162610726372435,-22.888296888658843,-25.30033500890919,-40.59570858267937
-32.422713913094235,-26.142158865314997,-25.420690793549333,-39.029352653406065
-30.338574119394934,-25.758079848428327,-25.08755754090626,-39.057131269409304
-33.12247350978963,-25.251212756057313,-23.521638398605027,-38.44199379752462
-29.87733433935171,-25.686817664502883,-27.607237863736213,-42.160340814941
-33.636239995187516,-24.893097550867598,-22.924884740802735,-38.81981652907644
-30.855431283664593,-26.725521229063123,-26.997765675527567,-39.99195373302687
-31.064767334503372,-23.79537220995568,-25.671336382609216,-39.94833292539963
-31.328914904936777,-25.54593751729347,-23.51542913017078,-37.134813220248205
-28.554605960192127,-23.996033165296186,-23.599852927211472,-38.62875011288458
-33.24601676737281,-22.519537992335557,-22.579937785813044,-39.514782194304175
-31.084167873276947,-25.38460051653349,-25.88801981199301,-40.686107701195056
-33.14972715943321,-25.022240376374224,-24.099885089877127,-39.150233603837506
-30.546098822558424,-23.136978462955927,-25.12400957473432,-39.85136701705838
-30.35424362554329,-23.511858464021103,-23.70881053261502,-40.06726286290745
-31.793801135318198,-24.280992147901333,-25.6110831778732,-40.46598214778948
-31.842162798517247,-26.524069702962166,-23.425233159283433,-39.97872272908126
-31.70489685404665,-25.794996773447938,-24.40807334933376,-40.348904182449814
-32.41883558818837,-24.276489001430743,-25.873441688510084,-39.62083680464552
-29.870620657418073,-24.2676806037169,-26.96469354290811,-41.757935820739746
-29.248879938613417,-22.682306432336272,-23.391683095530375,-40.433602241446664
-30.489940581396112,-23.093545103134186,-23.677363989258314,-38.78285711753943
-29.89378026067229,-25.972596143789605,-24.06195711111793,-38.244404596470986
-31.947247853687802,-24.0467269295441,-23.171617367259568,-37.966916487368195
-31.692413780131997,-27.2159879066606,-26.12424017094704,-39.45062702237639
-31.20078325918083,-27.263085789522385,-26.470039016789936,-41.04060183168771
-32.18407242186281,-25.3190311019132,-24.574808139472687,-40.85008560309945
-31.994286336341577,-25.732502096243596,-26.28064579276722,-42.147584423993536
-30.343300195779655,-25.0823525609555,-25.449333283340863,-42.436754504967595
-31.570487540211015,-24.483376692667477,-25.61796659358599,-41.293251695677654
-30.39235414686626,-25.217666332804257,-25.50857275664345,-39.18028492372659
-32.18630234623316,-26.115883669752655,-23.59893142645301,-40.95497355340367
-31.366191324047357,-26.436982555728093,-25.143109369339733,-41.01453079727857
-30.300250588767074,-27.185207035392438,-25.881311030111153,-41.15803922708561
-31.500676550824398,-27.081822945157636,-25.408464840331714,-41.332765084340764
-29.815608429791936,-25.035794677017797,-25.184777550907725,-40.25722421943935
-32.03949374637379,-25.59829708609576,-23.291453946814144,-39.9694855254421
-30.933052767651695,-25.444336163709078,-25.226419856906485,-40.81027220851422
-32.57678633317229,-24.623619766335917,-25.25860205848267,-40.33983932794806
-33.19461372160518,-27.588620460703215,-25.763604624051233,-40.18842037530496
-31.457759282548516,-26.662386901427226,-25.05333550600815,-40.79271322804951
-32.560557041996255,-26.83258925973045,-24.961062738729787,-41.508128747299004
-32.481536061808896,-28.805262639668292,-27.681593569415625,-43.12235050099764
-32.6031465526189,-26.816448100038095,-25.782028511346475,-43.711156917056066
-32.784322328716534,-27.537026747384665,-24.038560270882513,-42.38491755056821
-34.18646092364309,-27.796043028682835,-27.514848676088825,-43.943765560656395
-33.5875643448359,-26.324587206742514,-27.31944407708545,-44.40812506202675
-32.92673459899053,-29.362441428473357,-27.096386908900854,-44.886407049811645
-32.708296719331656,-26.990840368604033,-26.24550471991736,-44.60091063389421
-34.00920338025329,-28.366832906753952,-25.972385222311555,-45.293211952750276
-33.28893077098764,-27.323071572649084,-26.06739071813971,-44.60612205359055
-32.77597663718412,-27.397677032061328,-26.546361330389303,-46.42300755370178
-32.330759725998185,-26.93298937171834,-24.94352175253525,-44.875860313938794
-32.83742246527183,-28.015598397548565,-25.982263439585033,-44.19825380100758
-33.63795786645003,-28.289912615309664,-26.620074746192095,-44.13825089486509
-33.692521102464234,-27.181334045948965,-27.57954927619863,-43.54296915540193
-32.73914746890742,-26.298595391397566,-28.77110391109154,-45.662557388664965
-32.816536441088324,-26.9469300383101,-25.915536563200096,-44.20941482307405
-32.158880960987425,-28.330041441485367,-24.199228864398815,-42.968403085130774
-33.095373340648024,-26.74345068656593,-25.268869291504082,-41.760597228394744
-32.10693708137839,-25.22759165368514,-25.789551318356743,-41.83731880643465
-32.82266787182002,-26.947771007592543,-26.098580990117167,-44.415355234626524
-31.677048045101667,-25.98974774109949,-26.50246768872969,-45.60242242759153
-31.619951646037084,-27.398696470192537,-24.356996947748073,-43.251222217408724
-33.19073732309966,-26.831457309130297,-23.287267676539848,-42.174125735803834
-33.67158841057848,-27.330799684107422,-25.06464192268291,-42.67295424979821
-31.46320974144529,-27.681613168365747,-26.132026098734762,-44.596178825631384
-32.417659497127815,-27.407183770709093,-25.135417213765724,-44.49481253518243
-33.25606658923731,-28.21399189811299,-25.72440868343493,-42.49489471897029
-33.51801790733245,-27.0404393623945,-27.3583605908181,-46.055900392701616
-32.69195320753806,-26.948542582253292,-28.26258184716862,-46.11487467223652
-32.77029065552177,-26.06758517300422,-27.280360923790393,-45.9373203540521
-33.06686777165206,-25.869771740298024,-26.16643248989548,-47.205163569137866
-31.612296762066574,-27.61013812902631,-26.74548647874833,-46.61953741097115
-34.33972998587606,-27.318834217693386,-26.759279114372944,-45.99111117138465
-32.950278342557155,-27.43465791703042,-27.509107367750584,-46.03318079560787
-33.34362384565065,-27.146472659313723,-26.67865299851167,-46.38093445846236
-32.61811812505073,-29.05137919088815,-27.847747931804598,-46.45475032302351
-31.981617269517876,-28.537059608099003,-26.464673510660653,-47.455884280461746
-32.56768601089445,-26.6299651046441,-25.906246816330647,-42.82868297072394
-32.267369185356,-27.684210313909656,-26.670785948640027,-44.459426726008545
-32.46627098933414,-27.347264812062896,-24.887225183508864,-43.8119392045153
-32.70195291451845,-26.414736950386363,-27.87591835356063,-45.26294625212172
-32.161245826189294,-26.84217955712196,-28.147361322325732,-47.040158218529896
-32.52728528265281,-25.931894715603185,-25.725710876502347,-43.728083845462464
-31.999209369953615,-29.39856792975386,-25.925701036729947,-46.12453549432887
-31.72423832841072,-26.817728309717708,-25.195152359943922,-43.95433281600268
-31.7954354602912,-26.191722652907618,-25.918364171007674,-44.864548764393014
-31.898525074399824,-28.473189009656267,-26.354272173325292,-44.697027245111954
-32.97048635641305,-27.780302717962158,-25.526136192214807,-44.74364273709837
-31.88119596411401,-28.606181426402724,-26.817967220478437,-45.675756489412564
-32.37538012730763,-27.029159289455148,-23.953885366635514,-43.73484807525903
-31.645134132389405,-25.693555288339606,-26.224531351771294,-45.86730191377594
-29.930427293713322,-24.61322682185289,-25.369292457628603,-44.27044689343253
-32.83158302294246,-26.536377963275555,-21.468923695372716,-41.09125515736873
-30.48352260978831,-26.987394493322423,-26.460026645084657,-43.27314730699282
-31.535019507880747,-25.41192627997668,-23.830661222631555,-40.79308786852357
-30.96632645698947,-26.256950389056172,-24.581706172918246,-42.02332567644508
-28.39487828162487,-25.58445072524941,-24.041659521873363,-41.71745797244749
-32.27699403169744,-24.26138287632925,-22.426415359888644,-40.06741661444923
-29.115111223386542,-25.271760783742273,-25.627754430947444,-41.360211647569685
-32.704812514682075,-23.99484778484234,-23.19175468887212,-39.21581898295567
-30.3922435753313,-28.430754955336834,-26.739843913979435,-39.447490631694414
-30.300911487756814,-24.938126075108624,-23.98827605742577,-40.55894442749796
-30.48831474120664,-24.786887554927915,-22.212083352780862,-38.53498898759377
-29.388916521548104,-25.375574109508705,-23.179969884001757,-37.19685942899211
-30.33744877860962,-23.873865596902245,-23.20721519501385,-38.29837815715475
-29.985545359032372,-25.43491256713793,-23.414129224781707,-37.61363890629181
-30.651348663022222,-25.231125944443402,-24.857612195956552,-38.71729007012325
-27.532944942840118,-25.452383576540033,-24.7815910846175,-40.34330895837215
-29.625894942843136,-25.605543381778745,-21.07850611008804,-37.64706491658676
-29.654678406703415,-25.12236317384732,-22.21354876081632,-39.033910284449156
-30.499983913185822,-25.80108113697367,-24.49460889745811,-38.52065452615854
-31.095693449394158,-26.956220350843317,-24.883575439971818,-41.605661949954694
-28.079895072156184,-24.43630385926032,-22.695178965636792,-41.76917360584216
-30.72517148901189,-23.504198215193593,-22.367654807955976,-37.71844794030922
-28.739924263773315,-25.67550842830917,-22.756775218509134,-39.24645727629852
-30.676086375537125,-24.998021087240357,-22.78508209374286,-37.76756171237036
-29.186316448642803,-25.326482824108048,-24.294688818104266,-38.66671030055526
-30.224734816730674,-23.67482510274519,-23.65454404657414,-38.5059969360719
-31.03131625497036,-26.28289861013613,-23.23723271187431,-39.50705000791659
-29.258032233070402,-25.82968213371646,-23.46727545367229,-38.10735729732423
-30.252742030553847,-23.796130981310903,-24.441428016597193,-38.54449805189354
-28.889642027758963,-27.140893716667208,-24.554644176663516,-38.89294732829046
-31.04819215273959,-24.50440002159342,-22.196635097832953,-39.117276137192334
-29.282994299273266,-26.190391903212145,-24.968102359976,-39.13496582511488
-30.89697312000063,-24.80005513441844,-23.91978090795182,-37.81011177953934
-30.28940680969994,-26.21581637746371,-23.708036342131106,-37.77985300412905
-30.837261098601797,-25.18456329622911,-23.12807224304744,-38.949626243518004
-29.367641132567734,-23.61319341830807,-25.11945096955358,-39.685702988585206
-29.426706157910182,-24.815606794653124,-23.28174637806624,-39.72194587561074
-29.52731375060531,-24.228674091580235,-24.74983972223238,-39.24714585867077
-28.610845062662612,-22.481324060451357,-24.517331910962948,-40.40595990694504
-27.369638176364827,-24.23696588520967,-22.76451081799671,-38.19497872304637
-30.698469201525327,-21.31247289250236,-21.86430375351202,-35.40488541262056
-29.13654874801461,-25.271615149693563,-25.525651452950896,-38.68441623754435
-30.729066560239843,-22.53639990657055,-24.025212923137264,-38.87110691131176
-29.724516527721306,-24.557513074334224,-25.648297618147435,-39.71230595051143
-30.12693561590605,-24.31244336890986,-23.32455336526384,-37.91301095549404
-30.511145928678683,-24.979757584563988,-26.06918768941674,-39.541604626109354
-30.848345897249736,-25.814986683903577,-25.420493972503145,-40.817661905111144
-30.285063876921853,-25.268717282151613,-26.54161826563211,-41.6643971568594
-30.234732891056908,-24.021379817906702,-23.809030497679505,-41.254384843048356
-29.724971081650295,-24.818929514470646,-25.99051986290023,-39.26631581064236
-29.865210958229543,-24.752648692941875,-23.748247666784696,-39.30808849731309
-29.68365163602334,-24.739580685321634,-22.252644750836215,-37.6928396733337
-30.44854635439958,-23.418233859803397,-22.07348732754777,-35.41481341209642
-27.838048860906458,-23.432205035703426,-26.164744652698484,-36.78190345480205
-29.85232760154284,-23.67065227289119,-21.972029487094215,-38.96008359514814
-30.714114662192795,-25.140106433951686,-24.87083337761473,-37.4028518952781
-30.770365364549306,-24.672677277995888,-25.764427765464493,-39.39007470106301
-32.321833497324,-23.690478004876724,-24.72976224602952,-40.457312571548606
-29.286872483576573,-24.82582429750122,-24.62917564092608,-40.0660505538719
-31.208885773486752,-25.26250124998123,-22.829839112640904,-40.08749984430732
-30.468919270784145,-25.517087898376904,-25.682249547272285,-38.11380776998486
-28.978699456617516,-25.48742323249758,-23.670101419217314,-38.72922185515234
-30.846393509977165,-23.93862173978648,-25.42666789717569,-39.55769233732846
-28.406687608650714,-23.100667925618275,-25.430060606414976,-40.91935714186065
-31.958713129674063,-24.74553167831796,-23.549241631621822,-40.60829800589965
-30.43694833104844,-27.246385446251875,-25.48864981200032,-40.627789275732894
-30.431900794048836,-25.360596844635037,-24.552386628498752,-40.62047457909639
-30.468663780860577,-24.215064569302314,-24.486991728858953,-41.086871596352616
-31.27560576846423,-23.958176829408735,-24.549650554794603,-39.1207043715415
-31.393995478116853,-24.68826044519179,-24.9980773737823,-38.78381999998187
-30.842204966882832,-23.947758737299157,-24.57506541553526,-40.107718412311634
-31.128097301853977,-26.498881755362827,-24.524432947403884,-40.270453187871055
-31.468824786218384,-23.75165977391589,-25.186829658087742,-39.951404302541924
-31.741386717080243,-25.487858454449064,-24.77331154916993,-40.60804697337351
-31.608269325740416,-24.591762447854926,-24.566985830011433,-41.69288594808854
-31.200995818371492,-26.48280728613282,-25.842641351314963,-41.884500255446675
-30.763391731246628,-24.795642526221187,-25.02019938536987,-41.61428368316856
-30.254054097344067,-24.177187629251602,-23.44880682195072,-39.91191740294321
-31.546736947690686,-23.00061363117085,-25.30600395514261,-39.74919043461813
-31.3873179076576,-26.600800166451265,-23.432687361896605,-40.053869421252344
-30.936210709496784,-24.79841608950304,-26.449009300865658,-42.27028012787866
-30.46450990304126,-25.521880178702013,-25.094333178802167,-41.03367772500254
-31.029332836679313,-23.627967998980992,-25.321797919309024,-40.83353642598162
-30.215229948399802,-23.640858544777036,-22.635539272474077,-37.510461670521885
-30.22874003101248,-22.53315868655593,-24.675533987566993,-39.224670684257006
-29.28403386328962,-24.241260963500032,-24.68383318133852,-39.70246323007089
-28.568304060307046,-22.01720677573207,-23.797975830571616,-36.58327809577054
-31.023099488643904,-21.299233887479843,-22.759040440351686,-37.556792789261905
-29.377868795020916,-25.828625697136058,-25.146921369819637,-39.55157160398232
-30.614642063209534,-22.516646595185176,-23.63518184063913,-40.57738228873235
-29.429024897687775,-22.889455565116343,-28.020923603591367,-39.92512986666974
-30.240735981368427,-23.329938097263366,-23.486060082148395,-41.95980635852127
-31.711624196396908,-24.969498932307616,-24.174782163608096,-39.576524381328156
-29.71662294216567,-23.618350660751737,-24.33073055970513,-40.93460453751334
-31.931488789351132,-24.558503777170706,-22.464237405453137,-39.44562127246879
-29.486830439179098,-24.816243775649802,-25.732899092872707,-41.83302107681952
-31.880155927058635,-23.179310360427557,-22.773235269669325,-38.690865268292654
-31.698885663632346,-24.0543471589554,-26.605693522091716,-40.98935403386172
-30.564091074235257,-25.12993265514976,-24.591766188209775,-43.038619389710476
-31.66426569968524,-24.477627484041005,-25.023748658522784,-39.88916084477687
-29.446178785386245,-24.216830600811573,-26.51611002787825,-42.21883759545974
-29.586347046954312,-21.745417858609738,-23.74253170651305,-40.43699201543685
-30.295242693298448,-20.608399603501123,-22.268605190365673,-37.91930283805169
-29.590137293530653,-24.804418772374348,-24.055188617907913,-38.17792466565706
-32.05731552535917,-22.71045864096528,-22.175621687146144,-40.564972998338874
-30.805065479994823,-25.690211684433397,-26.394585134103146,-40.05464930111181
-29.23900183938341,-22.52812702895708,-23.596201279447868,-40.795267606602906
-31.473633866579938,-23.589520674104783,-24.043361508743676,-39.58204239752293
-30.458513637925673,-24.765559404060042,-24.953578421774747,-40.53119338238143
-31.804573617186108,-24.08180312612068,-24.150128081681125,-41.8314117892721
-30.721981972337638,-24.380716810489698,-24.782167159824716,-40.72974549952859
-31.42429423472805,-23.272152472470157,-24.326844957958784,-41.672163906816166
-31.40278113817189,-23.579952045113085,-25.87861992560426,-41.46809467729779
-29.712028218676757,-23.864552058681504,-24.241917958444947,-40.90710097978376
-32.4096709865108,-24.254616032843142,-22.037965980616015,-37.62713446140793
-31.610677579873368,-23.98553857155406,-26.511540211464755,-40.8123974856329
-30.97438898971963,-24.12396204647135,-27.123774140343727,-40.85187842489099
-31.01443244708459,-22.44893537857171,-24.280191623421917,-40.17463528966235
-30.963727224846853,-24.322902421657105,-25.142726351719826,-40.594588341737364
-33.29421873292461,-25.397003949261936,-24.902084635832782,-41.540378272563466
-32.031825758798675,-25.316353771887975,-26.079197230608678,-43.32390690912304
-32.189008298171395,-23.101402748832534,-26.08185303686454,-41.88313982811361
-30.35745701305781,-24.146767958198538,-26.02005860988079,-42.593115600995354
-32.61294973637878,-23.43482939515002,-24.386085127382838,-39.33624447957816
-31.910357754502684,-25.59858897527854,-24.62060585111801,-40.8538037724008
-31.64724308769383,-22.43736301668177,-25.49821659948857,-41.488959194008615
-34.43095036645896,-25.304458639770374,-26.553468050970025,-41.09542859202539
-29.96856388243692,-26.48867135570395,-28.740638774308284,-44.29195524393383
-34.704400623625304,-22.52975472376748,-23.835621184289938,-41.30906701378693
-30.60746532501287,-27.84833992554368,-28.892948499591224,-41.63431406796347
-32.92913870604882,-22.069723911125358,-26.04827574693446,-41.758047408076756
-31.43462145427207,-24.184073327302976,-25.707774973905046,-41.37704952949547
-30.89792691334933,-22.797990281484296,-24.463198760549012,-39.928100088625285
-35.44680153067867,-23.20765077046241,-25.08647806457332,-41.01663493595878
-31.537475366337095,-26.710079027312563,-28.06378193339123,-42.35259630401908
-34.04976498901046,-25.117279981326448,-25.041858648874175,-41.213784273126855
-31.68102829642437,-25.70698170526154,-26.637392605239285,-40.6314711900324
-31.996235221423127,-24.90716790340796,-24.740072733199696,-39.678455513515615
-32.77454835788181,-23.7364505080897,-28.202776764665728,-40.99305902308326
-31.158403557450434,-23.79180963456814,-26.460137644787846,-40.966967544707266
-33.6264316160006,-22.230644965380893,-24.408818657782216,-40.06960206359104
-33.26605293805788,-25.021216824401616,-27.311601883839497,-40.62602424419858
-33.266814667566685,-24.210758131490778,-26.57663971118648,-41.9676158839025
-32.60393249983089,-25.361852158252454,-25.86275175237527,-40.834072662957
-33.303056365059035,-25.144601329864717,-26.00222076661255,-40.90234699081228
-32.48390732779417,-24.596440678554334,-25.134525674812362,-38.83346503874534
-32.376161354291156,-24.869319241409347,-24.860139609954217,-37.22013248722513
-32.74849402138459,-24.17298176992437,-26.01949323640436,-38.308236513491295
-35.55382679337342,-26.042634375024317,-26.396841387832453,-38.58038584211539
-34.30386355593362,-27.700514102137877,-31.2933855399001,-44.9072073791659
-32.132677902027716,-25.090691555857045,-27.76959304163742,-46.06605589073733
-33.886550248140765,-23.4948752557296,-27.0594112143327,-42.600258560948085
-34.424729184835144,-26.649257199124914,-26.88801065651199,-41.85973531113709
-33.48494113244682,-25.276840096005333,-27.386912636748114,-42.26613499213885
-34.35094077884071,-25.910644653497584,-26.09209714993068,-43.06821752912577
-31.703869028279538,-25.70520126526566,-26.084082151124377,-40.23376621125845
-33.841786838271375,-22.66850618054412,-25.3893646522956,-37.30044449493771
-32.60573997034518,-24.65440029645328,-24.793013158693903,-37.90439612190217
-33.30035473764458,-23.87433852063786,-25.85214053105624,-37.89263568828857
-32.78085206267195,-23.20038804621107,-27.9505001838323,-40.274501033548745
-30.224681434405962,-25.199068279131428,-26.78675352524768,-41.97273470301722
-32.34031311451247,-23.909176640627944,-24.55249184783259,-39.0046510039882
-32.9955500202211,-25.198345984925524,-25.280123340456598,-36.613843076227695
-32.37367241079962,-25.134243624273466,-27.343689916406184,-39.96692981178898
-31.746720273343303,-26.74390621241465,-26.196913811449093,-40.8564317115322
-30.096476116066643,-24.001094226024183,-25.55841649947073,-38.507999118382415
-32.470121676986984,-23.42920712551559,-24.525301700508862,-36.646883173397576
-30.381068622955745,-23.562871916315853,-25.16468195990987,-39.094788086761326
-31.494154644342096,-22.653100677072683,-23.66353350989924,-37.82707622991251
-28.491377011179797,-24.095580282128015,-24.028756580369716,-37.81713911550514
-31.545317116452882,-21.11941366918175,-23.12412679005504,-35.84185433688795
-30.988149920483817,-23.07974963160802,-24.033726125514406,-35.65436388642481
-31.26931191816427,-24.221805457951884,-26.154517022364104,-38.53466905764593
-31.73137443245173,-24.20199751986937,-26.403833835521272,-38.30111042803853
-30.77036521443564,-26.174914291279016,-26.598901232052597,-39.63127954073877
-34.401021280126045,-24.744340995151493,-24.607080478916423,-36.59863264778159
-31.313957041182864,-26.643204418965638,-26.31843890752308,-39.371130711859855
-32.46580853944525,-23.795634412984818,-25.653307713585924,-39.5591982250452
-32.0158875823232,-25.591831373295058,-26.449340236520637,-39.47493274915589
-29.682705693411336,-24.62749443871491,-25.8287280211679,-40.29922334845708
-33.19507861850876,-24.07374584302604,-23.173336431341415,-39.71997137419405
-29.20730231211296,-24.75404699736837,-27.033688198161585,-39.980013208537116
-32.569023166247035,-22.06153012309787,-23.89925880760687,-38.788951361943624
-29.78518763732482,-24.177541456601638,-27.40061379635532,-41.426217903114576
-30.846622875895623,-22.74332412437598,-24.39987122103698,-39.571098731985025
-30.12134849601323,-24.98602670707862,-23.499836547781168,-40.11031539563564
-29.97102324387189,-23.561437920019756,-24.00615278833211,-38.10484028313522
-30.849065123041346,-23.35107878614379,-24.71667310534543,-37.59446155052933
-29.51177250694831,-23.84812715215884,-23.443108125704143,-37.821960757701284
-31.136129457595803,-22.61678141837494,-24.19463150761884,-37.69023627881024
-29.411578182556095,-22.251847957294665,-23.48894798659418,-38.0662249689795
-28.319190104536165,-21.570323981525874,-22.125655568144776,-37.38356999003434
-30.400718594894162,-22.835289760938693,-22.599340457254264,-35.72149163070307
-28.49601641288899,-22.45824570293881,-25.819124403287017,-37.71491985537249
-29.51064507537554,-21.28719179069601,-20.507312514965438,-37.53722113161001
-27.813544016778266,-23.29715413026712,-23.221240004035884,-35.76512949463343
-28.903201172236486,-20.586657325363564,-22.574722238143206,-35.63037960825375
-31.490520008793574,-22.641203091325295,-22.166433023014132,-36.110799146295705
-28.182905973914274,-25.395313216941446,-24.490113220013512,-35.486814300259866
-32.72005680070761,-21.69306425626549,-21.23538642924498,-36.29461276905027
-26.52828776440504,-24.51299652592053,-26.838393229245984,-39.41526150139192
-30.642155115278786,-21.059977834953447,-20.904156798749643,-37.63967894127768
-28.00972986672732,-23.5117320340713,-25.699594322467966,-39.08927714398544
-30.31464168277758,-22.60698252885746,-21.741449497640623,-37.07013172441615
-31.91740080701752,-23.077605464298156,-24.274658715849252,-38.45581693287841
-28.160710339450144,-24.503863368942145,-25.252911390127206,-40.72515113018523
-31.313381401104294,-22.006241221721346,-22.674917995400588,-39.07084955221802
-28.576760929245896,-23.775717838757213,-25.301693941471797,-40.53056347738034
-30.72935026120817,-23.614289646787416,-23.729639917411433,-40.97823723596963
-27.479644976099447,-24.563295501617134,-23.793049994282306,-40.09849924491779
-28.6105047529601,-23.74495145199296,-20.494011944138123,-36.05226296832463
-28.347014582738552,-21.763444505694316,-23.445072161278166,-36.29135954432616
-27.749695949549643,-23.324362290575518,-22.124071161219746,-35.579654331817004
-28.058720278121168,-21.620704715947483,-21.76757313497947,-35.392952089506664
-27.80474213572529,-21.601739133595153,-22.438878411148078,-35.886486078643756
-30.389373823215927,-21.479766240080515,-23.77038944194495,-35.37870174417792
-28.26446449223793,-24.91176854183869,-25.613096409683337,-39.611353258108196
-28.257799176386282,-22.313847981139826,-23.392553544941915,-39.34556743027369
-29.13139278029462,-20.69028226242249,-24.74524406468096,-39.06419402547481
-28.20763660654512,-21.194703799470133,-21.897083494330083,-37.24893908735834
-30.45215304475759,-21.528955082508823,-22.19840605605638,-37.08184256239245
-26.734021297548395,-23.407680454073436,-24.391683484205195,-39.63561640948381
-28.605519095165373,-22.364382513785777,-23.577452857306547,-38.0133108406431
-27.281166418277547,-21.847998698934628,-24.7082861311527,-40.00426966435679
-27.784976537734273,-21.87778084134111,-21.827274522809,-37.856830991185376
-28.903908984069695,-21.653659035458617,-20.257491264703443,-35.99971905777481
-27.06194263511383,-23.476004486196572,-23.82177138312884,-37.50603992132445
-29.93989862014985,-22.044469248024143,-20.78575609367863,-36.55329504577726
-29.357996505446255,-23.693750027318984,-24.43182130379484,-39.8357688365733
-28.71235644859704,-23.169720416121603,-23.431157945068136,-39.68864487100459
-28.806962488485834,-22.509787297345763,-21.7552013099847,-38.97527919168762
-26.677884973430057,-23.466010747366216,-23.39152162095521,-35.54629671240461
-27.802094738235475,-22.882134544824368,-22.03241288679618,-36.84042033949054
-26.44794225443921,-20.595530606396487,-20.823605236463617,-37.2857101673821
-29.255249186710135,-19.09377377791965,-21.112795982437774,-37.25641591218095
-27.97971740641229,-23.002999680916684,-22.31299425878195,-36.29230729939718
-27.486232784188715,-23.86195304166315,-23.069022818514522,-38.031541052838115
-25.359001394581707,-22.782673541023705,-20.58231201839,-37.93296850311606
-25.486988315600048,-20.053684143246954,-20.013573841130757,-34.712084944604435
-26.187728128647542,-19.410832378116563,-19.95480302626538,-33.55190297361248
-27.121140816555457,-22.578062304300737,-20.81855319148886,-33.93286034140366
-27.720180087573254,-22.232033186411446,-22.20238763524087,-35.888364201471894
-25.451163222185343,-22.1332896426229,-22.177826880553578,-36.91389129963425
-27.70424546582101,-20.130583226040574,-20.803520815737645,-35.56743142764037
-26.057882026396744,-22.78006398629908,-21.203850310012022,-35.69182133619108
-27.527471090190158,-23.023386994663362,-21.04936278818606,-35.05243856518846
-25.29611896786219,-21.67237027207854,-23.518484099946026,-35.75123725929969
-26.84401445914743,-19.78983544175417,-21.91631890927904,-36.36403042990574
-28.939431855414217,-22.31830279239107,-23.20192971963837,-37.83138546433441
-25.94650359510962,-23.02576155502645,-22.533574726777434,-38.51483549803717
-28.932473325906113,-22.136599539078393,-21.90870718746114,-36.01488877888972
-25.578680257048156,-24.289997566200803,-22.845892884886325,-39.34899311069497
-27.974948593368897,-20.336834291792183,-20.32636968814711,-38.00873140658137
-27.532760052048957,-22.63573235448631,-22.444667469604898,-35.811594016302166
-26.17038551245455,-22.113614432578018,-21.587802838256795,-35.06883214429434
-29.765481567330244,-20.533953978861625,-20.77800487287312,-36.463800657973096
-26.391547109705712,-25.29602783035551,-26.522114996645147,-38.75782184096019
-28.186177167232188,-22.63655675888262,-21.43686292861306,-38.598747997304265
-27.5762383562217,-23.14716368896547,-22.123838599722323,-37.35424787989234
-28.78708804911334,-23.58853061627384,-20.420707874222362,-35.85549416918344
-28.00230461851924,-23.034852978874213,-21.343212822708175,-37.29275360470578
-26.466222948967985,-23.32674115293895,-23.76499420840065,-38.38456588564524
-28.13923610051872,-23.24787144158025,-21.522703658487163,-37.22034870590459
-28.982076251064377,-23.46854672423109,-24.077503694122974,-37.591791289438845
-27.757192328117213,-23.85469044020835,-21.66577592574142,-39.00702444920644
-30.152078316211497,-22.49524336955797,-21.19289765434522,-35.69683758185631
-26.80290836169443,-24.400720234154377,-23.771074766106025,-38.00852967044605
-30.033121033107268,-22.333346720790633,-21.276231828095337,-37.13563417134743
-29.052331592146366,-24.658889385564954,-22.64586572613634,-37.06593447752065
-29.337066697691927,-24.530522233009968,-22.030540078956957,-37.34094592095836
-29.78550251060619,-25.323445952188194,-22.311608661497424,-36.378463282221404
-28.714195780079628,-24.54549477420095,-23.371722148702695,-38.642261637544394
-29.32060849364158,-24.49807113465208,-23.320584923577865,-39.50454556487142
-29.32933306457183,-22.91991862355077,-22.689361962895706,-38.5305623059303
-28.348646723994932,-23.194570096017106,-22.647424546402352,-37.67264950662952
-29.27624462194553,-23.32869666482357,-22.869554848787907,-38.45578236379887
-29.228978458633588,-24.245688897523348,-23.772244616390665,-39.55562427616404
-30.16436644162584,-24.790112360587997,-22.249869497348662,-37.91542819318324
-30.92665206065015,-26.711332023401706,-22.46737704453107,-38.35784279969608
-28.965773404943565,-26.020450437509158,-25.490717429434888,-40.72205586600888
-30.4560358885492,-24.4953436235487,-23.43599539940283,-38.3615389912707
-31.46957145985209,-25.527368709091558,-24.013895634384664,-39.47506653215214
-30.84591603785692,-25.949426165203064,-24.689058170133062,-38.80770876021166
-32.099145789506075,-25.200902254125758,-25.19909918952683,-40.00694468348906
-28.330167129229583,-27.32872717078282,-23.79579600126082,-40.11313542144622
-32.980369450920946,-25.159827919289395,-22.2420384378385,-37.940806129668125
-31.341220094274888,-26.130027343488536,-25.852912152266207,-42.62550734014982
-30.803173101283235,-25.621054023499646,-23.314091993908157,-41.81183476972439
-30.36341978442652,-26.37401003906877,-25.09160010627118,-40.11493574482888
-30.31165305398205,-25.78870413014909,-24.379167703983494,-39.533982201481166
-32.30398044048265,-25.957902439405757,-25.502644672207268,-41.71674037006309
-30.210201177575154,-27.019002484334717,-26.015534824639694,-41.87164364716952
-33.88067656782825,-25.48886574981094,-25.65708846599549,-42.200617045367494
-32.14800416550639,-25.831621292211313,-26.356691900069432,-42.52136414233802
-32.376898211755865,-26.995301746592652,-25.298406582335126,-42.01229025479771
-30.676101736865395,-26.520454401681818,-26.178587876443235,-41.179288882301016
-31.729279782832247,-27.791556963839255,-24.641305097310163,-39.75969269869638
-32.177452360611674,-27.378706040777445,-24.621957411076806,-39.89777141373947
-30.80485270160531,-25.84754957777674,-26.87775797537924,-40.61541132256685
-30.170290552905623,-25.655282261470834,-24.439714293831727,-41.36731231614758
-31.317325692383665,-30.122140447071622,-23.436722635865753,-36.73552285990901
-30.96662189160236,-25.83118226076697,-26.836134631314174,-41.29192113678807
-29.92533380515483,-24.241150436285515,-24.08835950757987,-41.657803886196376
-32.40793657179526,-27.67771583162547,-25.61432950738543,-39.42371969230213
-29.020231108476402,-25.564009466157465,-26.043943741287745,-40.929640223878614
-32.88094666445072,-27.871969702255722,-24.379575990876347,-39.67766421104179
-29.890954132936226,-26.56685687807767,-24.873510752270562,-40.34753598033102
-31.64575928220305,-25.59673068837039,-25.06988436050133,-42.35411014627808
-32.10745695306697,-29.21272723023761,-26.966797317727824,-40.65683462056162
-31.316097122998002,-26.66021118388333,-25.552613420857263,-42.52471244875926
-32.21778744450509,-25.49066723482641,-25.466580678419227,-40.56949710054164
-29.607986299804434,-26.64616454837255,-27.278835184268008,-44.54782114378403
-32.06150956654257,-24.841458197421286,-23.1605738406887,-41.126906642344075
-30.787608467702487,-27.425183082695877,-27.640706715683738,-42.429746120887785
-31.11762927847924,-28.012716340628817,-25.666327746745118,-42.089075138273074
-32.47431672911675,-25.822098903590398,-25.469321693204176,-41.58182722267495
-29.623115280728914,-25.42412944848655,-25.177230991138263,-41.82144707802235
-31.448570050769913,-24.22577454791119,-22.403023857569984,-40.97088556651594
-27.60173557546529,-28.23054398688851,-24.05607379328836,-40.12444259797132
-31.65920385518416,-25.46411574476102,-22.234662250834468,-38.51647656451362
-30.49610795395915,-27.512112955106947,-27.754671328942486,-40.66619639815752
-29.87219369638279,-27.37498576076667,-24.006033341948765,-40.889867352704464
-30.153234833452395,-25.321029189277176,-22.42718121788162,-39.43718320607586
-29.27205178930075,-25.071682736305434,-22.88879745894835,-40.28293529870336
-31.309382021248325,-26.47295342561926,-22.95469242169688,-38.97065827242658
-29.34294903341191,-25.485187743959006,-26.237008381337116,-38.402265599083044
-31.418372099550222,-24.481815108885975,-23.999666230357946,-38.92784712908385
-30.158625921447165,-26.94690295245148,-23.200883280894505,-43.311167974731724
-30.255619177057053,-25.687590070922933,-25.54363027182187,-41.305044094103835
-29.73806528652549,-27.46890503807851,-25.35233656979603,-40.9747568260555
-30.40388272141402,-25.54300939909609,-22.847900678055108,-40.77711776005461
-32.42060315506853,-25.857914409474112,-24.754265421936747,-41.080571695153196
-32.1978517889488,-27.072252657738566,-27.118237646259445,-43.4997984032241
-32.59752423276892,-26.73190563200505,-24.23031025243603,-42.901256139946916
-32.28112625593708,-27.099887720698643,-25.616963408069996,-44.07551562264998
-31.65531423571138,-27.309110299656055,-26.206702169126846,-42.6695505979763
-33.53974485910041,-26.493130270662206,-26.470026224468622,-43.75457635656811
-32.6293379721513,-26.989031294812175,-24.784389323420392,-45.06429066329563
-33.842720430916714,-27.553792007107464,-26.127922196467647,-42.792784536337365
-32.89573997489219,-27.87805256148487,-25.67684828226388,-45.87523895264193
-31.42651300179092,-27.554206889992866,-25.422958435304313,-44.86389097522118
-32.555794827565784,-27.080982106114533,-25.66211196309597,-44.10520023676789
-32.0117960716951,-26.62868696796431,-26.557576977042412,-42.1618666838034
-33.660283909822084,-27.471623759771795,-24.163121959422163,-43.801118479888764
-32.88700067991667,-27.587188774682378,-25.46570979523769,-45.83533544028459
-32.21565198585456,-27.316522910416467,-28.18651652005407,-45.9804077630788
-32.13722868038894,-27.150361368302896,-25.222741327701453,-44.61516852329915
-33.021341534875425,-27.18708663724807,-25.830997749034772,-43.04630151165417
-32.862275539491286,-27.948615052128154,-27.450396390838847,-42.48848012241188
-34.985790676059075,-29.165462687583272,-26.028074336875832,-43.26283109190226
-32.32724997850232,-28.335128102806504,-29.338229331833656,-46.239620039517376
-32.79936043626532,-26.650066002187607,-26.32825533744796,-46.966685067629705
-32.954364383569754,-26.354888334441437,-27.037962081782222,-43.85839304626852
-31.0142909917382,-27.627099142109632,-26.863282771011804,-45.49561155576809
-34.851315977250465,-24.202127516698035,-24.882911287052554,-44.462136982505854
-31.453330069817,-28.79922282893371,-28.89661944370586,-46.3473032066332
-33.86116295342384,-27.13229523486379,-23.589485026980302,-45.66505232679428
-32.30414489413678,-28.75581579961922,-26.595647129344954,-44.763421473396264
-32.552049140585765,-28.405763590784257,-24.048752886927375,-43.88872051062947
-33.47062540568415,-25.379114935596967,-26.201719281546634,-42.66555996609084
-31.154730861737683,-25.92628912182789,-27.325290286844435,-45.189018689406694
-32.28815794327926,-25.162726662311158,-23.165369074897118,-44.40086588920595
-31.73168812244139,-27.370920865088145,-26.408586094497394,-44.63234361492949
-31.60478746976088,-24.2346737212785,-25.56364251994224,-43.565596468970895
-33.30292371032955,-26.451702713508485,-24.56378256531139,-42.66161227365535
-30.61380371302305,-27.261593206486502,-27.88006477656092,-44.6722651751942
-33.5575323506314,-23.939849967168076,-23.77974828562479,-43.55461552438456
-30.082085981644088,-26.403580009852163,-26.262678814340518,-42.95973767099381
-30.370519032802896,-22.429508843484722,-22.79634346727744,-40.00701745593729
-31.81458873395821,-24.700075936119685,-23.406370723232175,-40.509747411011055
-32.684704863720384,-26.415362324447955,-24.151692634289,-40.80871100689754
-33.23413347553963,-27.265641631815395,-26.258185791484717,-41.43366149793222
-30.15152028839293,-28.54847226059246,-27.449977099138763,-44.77602543667341
-31.24924946714602,-24.90314720195175,-22.011230816630984,-41.69434379645564
-30.73414091250054,-24.16783189918707,-26.52609518923878,-41.110420150182314
-30.95830880947836,-24.34626029626315,-26.01382580887424,-43.60090325392227
-31.499683754771663,-25.106535772723213,-24.20151900707386,-41.71659120090414
-29.33718936148451,-26.25506311381302,-23.574760955639984,-40.6538457352395
-30.455042934311855,-23.601756153548305,-23.280200643273442,-38.61927906245564
-28.513964684255566,-23.374567528286295,-23.36473064774728,-40.251442158665036
-30.34787978798885,-22.751574119307662,-24.806974474876412,-39.14832539948009
-29.10156481801966,-24.144867599178568,-24.777848792572218,-38.786959553515004
-30.149661647822466,-24.311086773444412,-25.15519966155899,-37.59119895906898
-30.379764687724762,-23.373711312927252,-23.339318360029313,-37.92419397061901
-27.625045525620042,-27.228444819435236,-25.851043076768825,-40.748888809895675
-30.14761756153412,-22.007667464717297,-23.377855266528684,-38.5294453878933
-27.558424605957473,-21.297076417683115,-23.604068844265893,-39.06004046590342
-30.024899590266905,-23.779985021601583,-20.98491533274825,-36.33626809166576
-29.55561029776108,-24.162594164781105,-24.178887780442743,-37.99425392035832
-28.813989665361074,-23.496501353977305,-23.074315734100356,-39.84548692807088
-28.415619911879883,-23.362264674882596,-22.513403565415768,-37.81463145528423
-27.63096706137985,-21.476091088451277,-22.947922788946382,-36.06262414113759
-30.931732910803852,-21.79099811315626,-23.199479131990127,-36.039206381333656
-28.808533136146618,-24.179597637161553,-24.18049492175844,-37.665473148853906
-28.090567495377748,-21.94690227192324,-22.433730818142212,-36.95518648322922
-28.825873385863208,-22.268784333218402,-21.57842959321194,-35.231384547864906
-29.66124597011298,-19.67443168026331,-22.74863228461167,-35.11729344602511
-27.985754262910987,-23.090786590770023,-24.89749668956971,-37.49726036547144
-28.552497043317004,-21.901434947396456,-21.698263248959613,-36.463515807049674
-28.108173737957166,-24.130365569277444,-22.843378714881947,-33.94110320173121
-29.060602950672173,-22.718608374675256,-22.96927643468908,-35.30976412146347
-27.80235792424334,-21.539862876101807,-23.543118197731452,-36.28676374453909
-29.065162007017776,-23.239587023425432,-22.93214351778505,-35.84841853312114
-27.029171059264183,-24.713617444363706,-22.363285826759792,-36.061350973172054
-28.044472586763217,-21.171844603556156,-23.041451580991367,-35.499317870093435
-27.80020507948083,-20.491671476976915,-23.429064004216993,-35.525990042089596
-27.777900450167685,-21.619008115731184,-22.568936948256358,-35.91184606744057
-28.60765157996348,-22.03729750753376,-20.608569511895148,-34.446776344482885
-26.357895634506665,-23.888174367951926,-21.831840714877938,-34.79321507990525
-29.19140491546518,-20.258869978053337,-22.727157310852558,-33.871280191374446
-28.700975483823957,-21.957441858201335,-22.00177684361966,-34.374302204241665
-27.870212559923957,-23.94752602093943,-21.611360170075482,-34.593239486076754
-28.023075203826572,-20.438751494831287,-23.47017837396181,-36.655810445120814
-26.633812944703543,-20.749699505591202,-24.939918433657702,-35.832003345194295
-28.199511690027837,-19.54150449059142,-21.37927197811008,-34.71785732294505
-27.9879345926013,-21.139781771187273,-21.43718494272245,-34.80879233488183
-27.24737942059037,-20.822445733750374,-20.79908570428084,-32.721629387325265
-28.051063024968478,-20.49270440311455,-22.668730800833547,-34.65286020292146
-27.427709743462135,-20.620859221560487,-20.688871315311818,-32.85596153350565
-28.43717866975356,-22.948707615655525,-24.17010019058641,-33.93659906200551
-25.687182469255887,-23.039021870163555,-23.117793549632136,-37.728355694135864
-29.577255127217395,-20.714738923697233,-20.96695664462046,-33.64976329230763
-26.369334642816384,-22.487952664917568,-22.509467076849614,-34.7254933993388
-30.18159286296348,-20.083212849194577,-19.797165248313327,-33.337143509216894
-27.511489994607945,-22.52617650696616,-23.19105063493739,-35.03749861451856
-28.368015151263872,-19.928681725619324,-23.359742044432252,-35.12631121445719
-30.629400857592547,-20.701766896653105,-21.831793089212177,-35.30582976543749
-26.979637306606367,-23.919837521853033,-23.994478717480547,-37.879132299012696
-30.78553492247021,-20.61426458061843,-23.254944230564686,-34.38436250026336
-29.3447699931684,-24.200801646526074,-26.695441766777858,-37.81702218243426
-28.737206946092787,-22.452455489353408,-22.437826704513945,-38.10283438705913
-28.552079247391536,-21.47960061169379,-23.169864857853476,-36.92043307661234
-26.368297784053006,-24.843594883079305,-24.126845490368105,-35.40583513077808
-29.3098506442794,-17.771080735076488,-21.302810155951175,-35.57343016453341
-27.810475750033586,-21.507481887884875,-23.083839434310317,-34.95775760750653
-27.6953721742903,-21.591426939645437,-22.331231726694416,-35.389726867654055
-26.498893913372463,-18.85153590446869,-23.708283892558327,-35.64942780579718
-25.898266276296027,-20.21264468934571,-19.31355822713386,-34.62350579443297
-28.845909881055732,-19.591434071619613,-19.714395052048932,-32.12869523969007
-26.653026159949885,-22.040062095509725,-23.412105356518055,-33.85215968880973
-27.831124883381587,-18.4691981715871,-21.617515583862197,-33.889087331982104
-28.3855770055784,-21.09226908903699,-21.905412511992093,-34.822030613927645
-26.395334920218033,-21.0134058205927,-23.838083000203056,-35.46140070009269
-26.342751617337676,-18.54773184090195,-20.793591499637458,-33.40772090051788
-25.88424437428317,-19.07131114289851,-22.40493373073091,-34.993548964229724
-25.613525168917874,-19.350916059268794,-20.777929716271704,-33.505458480306
-26.95199595980208,-18.119218525343864,-21.65939163499116,-33.787500464398796
-26.077648368551774,-17.529876935487273,-22.67968075016838,-35.28430605805931
-26.266102398488904,-19.14756997994803,-19.21639608122321,-32.98608004793261
-26.796773019401908,-19.52358977322401,-20.953656024506568,-32.761231094365385
-26.90358897093778,-19.842828577212195,-21.23001193012036,-34.44948248549072
-25.608079932432627,-18.639775030777965,-23.53425103783155,-33.36523663425548
-25.11827632687826,-19.585671414742205,-21.08346570446715,-33.0201333069799
-26.928197481048116,-19.095607051174444,-19.633408942798262,-34.091650609146555
-24.98952586858622,-21.421079617516835,-21.34842171889099,-34.72233317645841
-27.002853201598967,-19.9056226679911,-22.145650516222684,-33.05410367093944
-24.958994326018992,-20.438942045816418,-21.395144644622093,-34.46656629659646
-25.60034612480355,-18.605547678530176,-19.600636657265504,-31.17136794484027
-24.94924543540924,-17.159990891514717,-19.196514901644143,-30.816396018399782
-25.212217794831698,-17.959829925562307,-20.614627467265734,-31.249490263598055
-24.565887323202166,-19.52416653342339,-22.41184295600103,-34.0900298125471
-24.77619322066542,-18.90608265787574,-20.64948061036689,-32.94061912065275
-24.458932451533325,-16.916854665633156,-20.918019615400894,-34.00390803320613
-25.695981919574574,-17.065227563779626,-18.830437083446686,-30.819306654968692
-22.676916112477677,-18.72692778944882,-23.273522124054978,-32.53958382728905
-24.661109698183402,-17.28248909966466,-18.58988935005476,-32.86253963052278
-23.01355724122645,-16.93962167941572,-18.303092284969466,-30.13752112385364
-26.168206886069903,-18.221071314360746,-18.403633330147525,-27.455070241370837
-25.177471603479617,-18.94650584725845,-20.038248692679502,-31.365018100743697
-23.18467781135506,-16.17529277428048,-21.783775616334783,-32.36448760265779
-24.632399532538905,-16.99522007596271,-20.149731762290372,-32.82214967335314
-25.01289726111968,-19.03104444614466,-18.268677168185892,-31.595836160415907
-24.362013280320586,-18.050325901046207,-19.909102443138494,-33.023569314061014
-25.63896723665237,-18.607373350844266,-19.386336262047326,-32.011702528666916
-22.362028559961107,-20.102839753205753,-21.629326617428895,-32.98474502307431
-25.223519063199337,-16.005755117822197,-17.788841119018656,-29.492836486944395
-23.482756224519864,-17.42428664386071,-21.324752818899565,-33.42788618914298
-23.613811593168315,-17.654547125257135,-17.59933453071024,-31.9432866961817
-25.458354701440783,-18.00459930376356,-16.16321856466648,-28.077719897690866
-23.98076688439865,-19.74045975915119,-19.8827427074873,-30.4961276200092
-25.537435302718166,-18.058870675719366,-19.819559892980465,-31.78922420977343
-22.904588754838034,-19.3069445525559,-22.963606572669192,-34.571000587738475
-25.90650070055673,-18.222634139743203,-20.008135118412767,-34.253100790029194
-25.849506328028504,-17.425463105210333,-19.17033872941825,-34.76821789132795
-24.1199128654339,-18.649235998634627,-21.708796905693877,-34.33195429568649
-26.29644912794034,-17.56178054480763,-19.666765174033635,-34.10936823341983
-23.90447682305625,-18.547214617103506,-20.381833327773094,-33.293010605720745
-27.9582853161887,-17.403185506026638,-17.64129165908321,-32.26215049834685
-25.555970889894358,-21.197915357173585,-22.5662151741148,-34.234851851526216
-26.04666638744245,-18.893388030456055,-20.84944358158152,-34.9140469450391
-24.995832151294454,-19.687591504597055,-20.765712081443276,-34.109703978042376
-25.746801771483987,-18.33435279246588,-20.624303537674784,-33.904710295972336
-24.819682613509084,-18.87935431099762,-21.171260620480147,-34.84367235029785
-26.335942354868973,-19.122123439357818,-19.443865973273397,-33.023222505187064
-26.11626630206094,-21.12445867972016,-20.883462366060694,-32.149442837457165
-24.12852970118391,-19.31315920125375,-18.76140773509017,-32.53187337259842
-25.720073884408546,-18.448681662994314,-18.863974944311703,-31.721236276956503
-25.026130886358075,-21.197235180774808,-19.42491355943301,-31.95047167876483
-26.183141250819354,-18.44738613616769,-21.092189885809592,-34.512152640680604
-24.218125016667447,-18.621828066083197,-20.421355710625214,-33.947989370697876
-23.689632656375952,-15.649634865718616,-20.097481359935017,-32.88437160691743
-25.785892629808252,-18.42850940045046,-18.556252861804204,-32.21836920713137
-24.40031558144612,-19.924936874411678,-19.940199505731762,-32.64945112997119
-25.89436011264623,-19.695676889584377,-19.470383621155424,-32.17438119103508
-25.29546040957338,-19.384518862185416,-18.308162368642193,-30.58984213774208
-24.847681437161086,-18.94822356749116,-18.808388558550252,-29.636656159676157
-25.535353659239117,-19.738965098717244,-18.700899816899774,-31.411297652988093
-23.483789030366868,-19.401025496717,-19.66399673502128,-31.940140611914277
-24.507431857631474,-19.893641881380017,-17.023670406563454,-30.495209477385018
-24.71883411832913,-17.749290983798936,-21.042914783574396,-29.831188317175897
-24.891509791257093,-19.634978007578862,-18.404784176672727,-30.965393519383458
-24.46280158672849,-19.00071031848171,-20.904452145005198,-31.224606191196653
-24.77283785973899,-20.14777004222411,-20.13458038844952,-31.319504878164103
-23.89647657044258,-19.457286307867054,-19.256877843729526,-31.90248160002753
-24.833742476403273,-18.65960664448403,-17.883961090843343,-28.774681761587875
-25.363391758588456,-19.12549884065475,-21.02057061280458,-30.562312355580598
-25.605108744445527,-19.054865404246208,-20.803258284548495,-33.12135677134424
-23.62105611313262,-18.092095297681208,-20.386554923055115,-32.818458140357194
-24.90721413658735,-17.564316027735046,-19.083210895201812,-29.78398111028592
-22.58704520086964,-18.029525142891856,-19.071739248034692,-30.792944684512076
-25.648939208302814,-16.25430653105416,-14.633708544711192,-26.883472102024463
-23.80487177152609,-19.1165417871812,-20.09983065811637,-29.284939095923995
-22.242320937699475,-18.303033930712786,-19.779093855383188,-31.199808404364244
-25.413429698719998,-16.50796799473383,-19.090365080798577,-29.103816255922897
-24.312497569184334,-18.581418955431403,-20.655997672561604,-31.81396591868058
-24.244594322224174,-18.256311490071738,-20.39024794137626,-30.717205128298474
-24.885493775748287,-20.404169824553282,-18.92812566580392,-30.230261294215545
-23.26416399406806,-20.105810329377142,-19.456373384814405,-31.222458792557774
-25.735379947685725,-18.679899096286107,-19.074499399779405,-30.012158979812643
-23.520168000670882,-19.162439369212105,-18.6033489443648,-30.880020792157143
-25.940523342140693,-18.683649288403174,-19.551581719776603,-29.447900263755272
-24.38277097609289,-19.092921388002125,-20.871849741610728,-29.487575023086134
-24.15252834154784,-17.830262859191393,-18.867054114984494,-30.848614381434768
-26.067384348163568,-18.005940234618738,-18.429967779468445,-29.141202560211923
-24.53643220075525,-19.216292942502378,-19.576330956987658,-30.354674188586984
-26.351336678750663,-20.59818175783472,-19.200649281610964,-30.291913875426996
-25.88841702265035,-20.332323700302744,-20.030156642212535,-31.376738497200332
-25.674493492948,-21.10677023040944,-21.375841790148222,-32.97383771618799
-25.859104145504055,-22.04681625470877,-19.62151283400802,-31.857111154730507
-25.50501178844005,-20.808897536156966,-19.782554166246847,-31.702067885881924
-26.376596905059085,-19.06589373719106,-18.891122755998506,-31.8636909996588
-25.716616076451785,-20.503950842027876,-22.76971351627581,-31.533397699692763
-26.681288661435858,-18.611343043263656,-21.4804759767625,-33.16961028494733
-25.096797545111045,-20.998739094248194,-20.521889959781387,-33.32856422618401
-24.65717210013618,-17.60505953167865,-22.728802515970234,-31.678098762395653
-26.201077617280514,-19.751985417207635,-19.233731506320595,-33.85588841630019
-24.701695856816276,-20.867793899040688,-19.901057668893046,-30.69434428109226
-26.680800294792835,-21.34794762205075,-20.337731933003464,-32.08468415179414
-24.533759355925152,-20.158560219290695,-21.774830235946183,-32.842403830257346
-24.10320666626125,-20.255104902236297,-20.701144831980027,-33.11270945399003
-24.858758943584736,-20.203968888788946,-19.804112452740405,-32.57617174837906
-26.175865800348447,-18.965981578912434,-20.379575656829545,-30.442851676505416
-25.315783987741828,-19.95455831117065,-21.62353391474428,-30.768008841295
-24.12194883482779,-19.28878781229043,-20.99030536797796,-32.85248224703513
-24.931091496999645,-20.057643922016688,-19.56856385275063,-31.45703274577606
-23.49471908308843,-20.19844843712417,-20.22797751325584,-31.521099591318137
-26.24359418982599,-19.505872462148883,-16.92164336660969,-28.27502280850522
-25.8907906949374,-20.581400643596034,-21.389060494977805,-33.08330671220333
-25.04160249349425,-19.50727969965799,-20.368482339758064,-32.84399460713823
-27.16741781671484,-20.339481168237832,-20.610164961271703,-33.30258245031955
-24.50793180118493,-19.983307627230726,-22.323530029213327,-36.71056664554156
-25.41866374062491,-19.318690063390275,-21.31071597868057,-34.669791125019465
-27.109124153807446,-21.285287680800376,-21.906297240311023,-32.3085421909778
-26.509629912973477,-21.372976554823303,-22.89429760269896,-35.709436503847726
-28.17030323042272,-20.26976612695954,-21.024007095618714,-34.410750529842865
-25.57210071679016,-20.90742480870136,-21.460068929053595,-33.89546942690556
-27.160200271170027,-20.085995250668788,-22.244345100327646,-34.515426496968466
-24.941476053602713,-22.163851465574293,-22.27723701828484,-35.53204880637239
-25.880566762980056,-20.97359006344417,-21.32007155223252,-36.37936852267357
-26.060616695944116,-20.882480653908495,-20.9687305045176,-35.46601363206019
-25.580703425541223,-19.88860971956739,-19.772723863048146,-33.17884841069026
-26.217178706572245,-20.882208940065972,-20.911445142040957,-33.418848023899905
-26.123072094885345,-21.322938737971477,-21.021259937457494,-33.98043199082057
-25.191662381219537,-21.592102423502027,-19.44322927951596,-33.768373705972195
-27.203888649773933,-21.54533717301227,-19.695428974467724,-30.83058683094316
-24.55080590947815,-22.547195590329707,-22.52320277563595,-34.96866662370128
-25.52439117605426,-20.513845674691858,-19.481729441746797,-32.67960790781148
-25.12607440009366,-19.596495145293613,-21.247061952245698,-33.63825221407397
-25.534239837598875,-21.33957524014522,-19.68037750733893,-32.25446183382074
-25.764671616624124,-21.378896627978595,-19.912051716006342,-34.590529436901406
-27.904041243639185,-22.694621414053508,-21.97889699379775,-34.723293344391514
-25.342273177853727,-22.376089046825363,-22.148083577525576,-37.141032052456744
-26.628411819706226,-20.08310132814055,-20.3913918002789,-35.493358113724476
-25.488884620783292,-20.63289224045571,-20.75805205859287,-34.09984566078744
-25.49000920526735,-21.277306799976053,-19.5597606456075,-33.935445154959815
-26.77123185377597,-21.055628568497163,-19.914557760089277,-32.78183920889354
-26.556348048211696,-22.678858773969736,-21.720178836400528,-35.87465381882256
-26.841224507566476,-21.894864971293572,-20.311748417705356,-36.77339635547711
-25.955060850416668,-22.23876215976759,-22.346042382363436,-36.53140339513866
-26.0506829448359,-21.902289749846933,-22.084570673702835,-36.943480537332036
-26.20122698481125,-21.92289472883361,-24.035833040429523,-37.936374676261764
-25.264146451605242,-21.63802132330315,-21.031122539586157,-38.59362461775286
-27.607260299223007,-21.979584412257033,-21.03286360077763,-35.03669271028771
-25.433903194846106,-23.367410206739287,-21.688053763303056,-37.129507271882424
-25.53904192341121,-19.922850195535464,-22.318349949921256,-35.44438997222861
-27.55217658676587,-19.210201898100003,-21.078412089628472,-36.35689443902058
-25.221947506728174,-24.316397589744305,-21.571471363548213,-36.445744384976116
-28.165096944967484,-23.049245743768584,-21.20739415173152,-35.7067372197041
-25.698635735260247,-24.574548020317906,-22.122820807361126,-38.3691301964655
-27.756876937403767,-22.213514280544317,-21.11593118327624,-36.71472371308
-26.794956876713506,-22.57201341015349,-22.238309859703012,-35.71726807586778
-24.648156607639066,-22.00096475436735,-20.84080749495395,-36.722000584341956
-28.74445727201771,-21.33895592772647,-18.765728262995943,-34.04506879427446
-26.343006173928483,-23.620663248563467,-22.90307340629356,-36.19783921746358
-29.55260167487424,-23.492417456693858,-21.888415234021533,-37.31699548504721
-24.841563238692892,-24.830293833982317,-24.10012020227904,-39.4350810307921
-27.56271884677794,-21.590314962649988,-19.236295227867355,-36.56075189335493
-26.818649315702974,-24.993929499553804,-23.07142866090496,-36.45217935689546
-27.355645451459452,-24.112391522187917,-21.632986049202586,-39.20935484101122
-29.130048373691697,-24.633925215287974,-22.27040045952904,-38.05523119258219
-26.333754991690608,-23.718063745319437,-23.407400482272323,-39.67197366821583
-25.888140004498258,-22.241627176334507,-22.076286522601862,-39.00042480942991
-25.184131232722535,-21.499780782319295,-22.56245635581072,-36.653398838475525
-27.474830545771127,-23.692363716223184,-19.626562370218384,-36.93982299310975
-26.50951570014543,-24.848245886170005,-21.015733013128255,-37.94178344464828
-27.735815541397244,-22.152793272427132,-22.9997875176145,-36.89761067110758
-27.975195491168062,-26.480851871923647,-21.81972627219158,-39.697102907184735
-25.44046246939526,-22.394875352180783,-21.296973478089274,-40.15667467176005
-26.564920171826046,-23.78358721642261,-19.756458928753887,-35.54813487023911
-24.928936833722442,-21.74248178519142,-21.668606316136906,-35.946890632849716
-27.62023310583122,-22.599788163153967,-20.886645836728714,-35.4804048396865
-26.61884189644724,-22.446904113713124,-22.015208405314986,-37.485166962988814
-25.780582233955116,-19.503083238910655,-21.047288458310913,-38.45730674824344
-26.200384996788532,-24.439256453606486,-20.528658276008194,-37.48654215503397
-25.748397005135825,-21.718401135453018,-21.140442627548392,-36.54525712099615
-28.52938087142804,-24.182084666737875,-21.68136932823142,-37.59681528683016
-26.06974425664952,-23.64571613078766,-22.40081640583358,-37.80165427774773
-26.075971913455465,-22.555374449152414,-20.384940910906096,-37.06537839969149
-27.332652915753187,-22.34549066664201,-20.6599554053027,-35.53078575460564
-25.273425077619667,-24.056760915644062,-21.755128687531293,-36.25696112469679
-27.59947519845692,-21.151132857388372,-18.539490574349628,-34.44968808550007
-24.921436403902263,-24.735324700345018,-22.703958943338932,-35.23520100869088
-25.965748056237185,-20.269405242316004,-18.65571402566516,-35.159455435982345
-26.82150990175308,-22.73057102151167,-21.506622914211587,-34.50263880208251
-27.23654596709337,-24.357646920274643,-20.348257348446037,-35.28501059844152
-27.74401207578788,-21.693807427243776,-20.555869223594154,-37.8377122742922
-25.18986386797081,-23.447835024773493,-22.48826086403219,-36.27672980196524
-27.396883969538504,-19.89701507247874,-18.49092804031582,-34.557802388885044
-26.699730208719586,-22.049281210813028,-21.448471288884715,-34.21066670171269
-29.138065310240574,-23.814827405436557,-22.23705660811624,-37.155256583265384
-25.469223587702793,-24.431275176573873,-23.68460884258167,-38.58622566167669
-26.338250947680383,-21.733053174153724,-19.242616564055584,-36.92612049464028
-25.66315779734588,-20.857133253494727,-20.147536056267658,-33.63405944228062
-25.55126519142051,-21.45014765740058,-21.588566639255998,-35.73719409783745
-26.823903192249823,-21.747747795606365,-20.580269465326907,-35.75348339722293
-25.754573244741177,-22.894727391921972,-21.255599571023346,-34.613853072432626
-26.744841174087306,-22.082257407251603,-21.11126318486855,-35.2790391704409
-26.136429885635653,-21.3452798560374,-19.03807321589513,-35.165611759254915
-23.513312428338907,-21.94326617337251,-20.6754801651032,-32.83634227886709
-25.924254507643298,-20.73165997498137,-18.872462133574174,-31.161103534158524
-25.097743277891478,-22.490443443236057,-19.54855256185655,-31.51340703799251
-25.869051066699022,-21.962031934318727,-20.443408157152017,-31.704221764614996
-26.627955499619883,-23.409425096942353,-19.687813242741896,-33.13733752503529
-23.186675028929738,-22.927571427522032,-22.97009679527889,-34.66296640785431
-26.93717409943873,-18.627203815779364,-19.00299406938936,-33.714310230029184
-23.64112372078814,-22.609761580506493,-20.50066886117374,-33.17587363658318
-25.33713495332574,-19.542437231141523,-17.34270125604084,-31.73754800687365
-24.74977106599902,-23.834931889206892,-21.043003675666586,-32.20833863989227
-24.1674349993081,-20.298872665857402,-20.689638489017867,-32.333065225123185
-25.83267049786286,-20.76737168839559,-18.76650156907602,-30.591371797282143
-23.960720456935228,-22.045433353610445,-21.289170293208002,-31.898652009493585
-26.161601214521802,-20.271826915898583,-19.437154283303578,-30.24892685693022
-24.804729191236827,-22.3321863158196,-20.052875946880288,-32.77205874043754
-23.684927733264015,-22.876673187491225,-20.387885534603473,-34.21616791913373
-25.427236477235,-19.198739563528036,-20.913367938146898,-31.820258424611968
-24.60862036448239,-20.99314432367705,-21.64287361739388,-34.00020657786107
-26.31071644273991,-21.124312058783353,-19.676940705865633,-33.0919763399202
-23.606304097162386,-22.674229093669936,-22.91199630266481,-35.57307773690064
-24.322215454837483,-21.332679876585246,-19.18220369502723,-33.899446486966774
-23.956441108966434,-20.079403851116425,-20.84986888011398,-33.61190005970361
-24.72293910856973,-18.486024208840277,-17.525213880307547,-31.662274295293404
-24.56021630568023,-20.391792811231078,-17.61320869209011,-30.231713597199654
-24.808182727816703,-21.86349623272143,-20.70637014688625,-30.657909152453527
-24.70082991160463,-20.39302067672412,-19.589787502215444,-30.47490635954949
-23.412507430999824,-20.44174978968954,-20.721067661280557,-30.958004410849103
-23.837606831168117,-18.63899342808032,-19.03932154685437,-32.61434914776425
-24.96827171429083,-19.280593769563584,-17.266616136978687,-29.502050462136165
-25.178421232400986,-23.659002014864225,-20.44130591915915,-30.389430370041996
-24.725848660134318,-20.202885835729187,-20.428774448157906,-32.12805216602522
-22.569331957030894,-21.191995882068245,-20.723208195335154,-32.33710115462337
-26.19729291012021,-20.43607113308008,-16.90927618795985,-29.888000945449225
-23.490468896090356,-21.444059159350534,-24.221101030620197,-33.153682632095794
-27.063900402833745,-19.279306706436543,-19.235172438403907,-33.15554548785321
-24.74248977163788,-23.57218292637851,-21.697006416402456,-32.22184336235975
-25.18104459799656,-19.6174444680673,-20.455069147161222,-33.49659926277028
-25.890399684315934,-19.90811678993215,-19.281290170666082,-33.3026262722956
-24.869552686702665,-20.990271899377923,-19.510292463482276,-32.21906206932446
-26.469942983198468,-21.321475655250417,-21.30768166224165,-33.492543184226236
-25.34127679580085,-22.411635153016103,-19.082467732787972,-34.829048581921604
-27.287951175451667,-19.781776996199255,-21.696280260994197,-33.44393020274916
-24.835968627535618,-23.407120493837542,-20.541730258685494,-32.759377389747925
-25.325879763928285,-19.134621255313064,-19.7189472034928,-32.36231442869316
-24.809781495344374,-20.62609689604249,-20.764404908256445,-32.376163504614574
-26.87431277612865,-20.372293910644242,-20.257192125951338,-34.72288182995327
-25.74994818281387,-23.287571018179563,-21.532963011563236,-33.784400287033186
-25.17916184602521,-20.85227757318871,-20.391540684387316,-33.57340897341088
-26.56911604181066,-19.80156681992517,-21.063483828191696,-33.90196429982901
-24.985298422502662,-22.536241878752694,-21.48923279112692,-34.1468618068002
-26.837981054280018,-19.747843966240648,-20.758911560929725,-33.47990696300244
-23.52547264409,-21.093117505808294,-22.685434370497887,-35.82545588104316
-24.08407541314004,-19.532995490131743,-19.6376898177299,-33.15967612271736
-26.711650736280532,-18.658346787077022,-20.417234963207473,-31.107394685626765
-22.040759912093364,-23.0574976119154,-21.789475501774945,-34.0636882951028
-27.6900416164336,-17.773890808923955,-17.200133024206277,-32.169148179605784
-21.80244298376426,-19.836930635384228,-22.03132293896892,-33.48612386465338
-24.916560533923093,-16.17661503415196,-15.467609610350756,-29.698308235277775
-25.2527370868642,-19.4104057821306,-22.143701440858393,-32.34077760107362
-22.985392429169128,-20.080703448310313,-19.73284870327717,-32.93282037638105
-26.578923095914966,-19.157336653629763,-18.38189370481095,-31.923246823221966
-21.839587701834304,-20.836387887066543,-20.447468134360008,-32.55075781218272
-25.517069512538406,-17.010360612949476,-16.755204957157034,-30.961517940236888
-22.349822908979007,-20.589530732345665,-20.578647360165903,-32.194018850563346
-24.175831427707706,-16.961123650513,-17.707207042326452,-29.48733207819038
-24.632247071873298,-16.880104350481325,-20.084734355084652,-32.43276258465445
-21.911645331713824,-19.093597964668028,-19.092117678144184,-31.8843048716801
-24.49426232734725,-18.70112990217302,-19.408192317493764,-29.188714820565828
-21.39892072602553,-20.171129801316653,-18.818583423228485,-30.636400799528015
-24.999633549786076,-16.214687674171046,-17.142310025056535,-30.8138034550942
-24.06084668034789,-19.449350879312117,-20.486768877659948,-32.92135135050014
-24.02336158400265,-17.82381215332497,-19.48121054372504,-33.385189690636615
-24.898375889528158,-19.26769453599492,-19.377885501790505,-32.12025911825378
-21.924941886361175,-18.190987571718622,-18.621396951142025,-31.813780022296424
-23.973020669363066,-17.275938478143523,-14.306459845840429,-30.038660380893482
-23.148024572886932,-19.17417384829505,-17.95854571134007,-29.843233928628973
-22.567272107858507,-18.180232397690915,-19.0837454441993,-31.326150706128278
-22.65473083744242,-18.551916496819647,-17.424035862001528,-30.546126878276475
-22.0027080807093,-15.33521356405085,-17.45045550389645,-27.604415165136373
-24.13576752494578,-17.151830691024053,-18.527327187014663,-30.110332963115386
-20.999989677362578,-17.564788354392306,-20.569413317177307,-32.74974068307787
-23.412537167430553,-16.76698585408613,-16.863272670806854,-31.50527442767595
-21.70119506097152,-18.77462203913205,-17.92232213124301,-29.383023653278695
-23.047227649676497,-16.86850144532782,-18.972764316378647,-29.781598480983195
-23.80827161925585,-16.527362906860844,-19.158679987395605,-31.733765925692357
-23.49224809383483,-18.626377075206843,-18.473965586414277,-31.67801456764767
-22.977536069785913,-18.679814739482303,-18.752074861797286,-31.786622721388085
-23.3801226312998,-17.31047712020675,-16.965755235229736,-29.889632750428188
-19.952850630734382,-16.883083041075043,-20.115465559116185,-27.80378575337698
-24.6802707078903,-13.790381657521696,-13.61011557113805,-26.780424591865042
-22.979931837265976,-18.196512795928705,-21.28220900988182,-29.548581481281474
-23.318764673224667,-16.728199505018317,-20.413109188641045,-32.68446334530445
-21.650713755315593,-16.70199591578522,-18.71392451807704,-33.06542267367135
-21.571217995036303,-17.37782915182173,-18.455029932498483,-29.5792014124754
-22.593249811415674,-17.214264934108332,-17.29573006007392,-28.300393060515052
-24.119122333609848,-18.182844904345895,-18.148326728087206,-29.43750555781056
-23.633518788011937,-19.431102289176152,-19.49107207899531,-29.433446331665497
-23.95853377360029,-16.97699228011054,-19.74922606260633,-31.028701130804667
-24.497414241472,-17.745183935063952,-18.73417086630054,-30.37739789965375
-23.158911558484096,-18.180961534504778,-19.915268507944774,-30.96214084491501
-26.55109590915136,-20.23777961499362,-17.423464376032516,-30.44571434210284
-24.718411139335466,-17.763674252027485,-21.4212489798494,-33.0310172169776
-25.792008635389244,-19.52122633444651,-20.739376334334963,-33.28228898805396
-25.439198526354808,-17.275203656598197,-22.32131746015478,-33.0834865967055
-24.079051594729606,-20.37760947645523,-20.523468252532222,-34.11438920696054
-25.689567025850607,-18.93456597138169,-20.532445847146306,-32.06005898007023
-23.50493262109708,-21.219280516531864,-21.901615474685265,-34.31322837433872
-24.98840409790725,-17.259304868382735,-18.276488787730678,-31.07015873504281
-23.331252784364562,-19.581829541114654,-21.768393339489194,-31.373439926093393
-24.53564624632748,-18.500972030928423,-17.25280884915874,-31.820964517346212
-24.206943004290917,-19.598199892764477,-19.468800612666445,-30.438033984286452
-23.508775731793087,-17.13647828189947,-19.409397034457697,-29.68060177935545
-24.45601685370806,-16.796986123542908,-19.841786525985054,-31.532811084684184
-23.817208567995895,-16.284770549223026,-18.800441186623512,-31.79374486656264
-24.82827408435754,-18.4261801539987,-19.056671787994112,-30.218261173245168
-24.82963418447337,-18.21983011542076,-20.548715910226832,-28.74764403293486
-23.746908078165482,-19.61152784872549,-19.663882650927107,-31.446775593751255
-24.736840693175868,-17.989753644274668,-20.680311917971768,-30.382689562251354
-24.445232073717456,-18.829365589329438,-21.424799686089834,-31.450343583856093
-25.444802208091296,-17.734494881553143,-20.676371744275045,-32.34103026237289
-25.8478318568782,-17.91510153445886,-20.006314498863325,-31.547521021260074
-23.61701380189119,-17.993857630621953,-20.681523807308697,-32.10860917056834
-25.213718605495245,-18.42018455160506,-17.844631775957197,-30.322444887156493
-24.893922957377594,-17.65955863255848,-21.090964736564775,-32.02100512173211
-24.520712657191254,-18.436466518438227,-19.340470525420734,-31.145504065364992
-25.931326216922272,-18.592919405496314,-19.730440678148284,-29.30603904062489
-25.475363856553454,-19.915389938350916,-21.688106168278747,-31.23733837514792
-24.551300121989627,-19.35255392095037,-19.994983414529845,-30.469849414850408
-25.721740396531636,-16.518421481120935,-19.707051955836935,-29.622168322144923
-24.94490547979923,-18.693465968352847,-21.20651151137071,-31.004857177215165
-25.785353286377777,-18.365641446166496,-19.913925296695293,-31.583347927246788
-24.067545445386227,-19.21874891893852,-20.757813015039616,-31.67771657588242
-25.14828941331739,-15.41644842320473,-19.407724424826487,-31.757035942848585
-26.09376004710416,-17.409400306360848,-20.531224680564712,-30.87918851989104
-24.50272044244613,-19.93971379996125,-22.179956576576966,-31.748017325512855
-26.424546391002693,-18.572835899226085,-19.527410938062033,-29.287227142331208
-22.39720897238671,-19.458722133091143,-21.94235148652357,-30.631149792333964
-25.78753762415793,-16.621811557068092,-18.938096045553436,-30.424288659488134
-26.480520007644103,-19.915342722803594,-20.870729943428955,-31.865363937353816
-24.787764061146355,-19.09561124567444,-20.450389461943107,-31.785987226987302
-24.50793540706317,-16.87451883942792,-19.644597741226104,-29.570066433645543
-22.016566228221144,-19.20089956400693,-20.137490534008126,-29.910753160519096
-23.316782226853984,-17.40775078242883,-18.184599040444773,-27.627115263091472
-25.268303303314088,-17.874920771682696,-18.01761251929442,-27.559826547614247
-23.14012074802339,-18.989241845690994,-22.61137841209851,-29.196602877767234
-25.61011389492534,-15.319269239944544,-17.714731609219232,-30.865694533928163
-22.35405408870534,-17.72800894510709,-22.362106890870614,-28.88913969548299
-25.736400489629393,-15.853555504648922,-19.29865117928725,-30.547296612748934
-24.45563446089243,-19.311545765001224,-21.103386222966744,-29.830699698144148
-25.114507316190007,-18.513146407271684,-17.3943834257831,-29.490691378111627
-24.13431889776627,-20.052593840726963,-18.41418649293774,-28.468468090432058
-22.93356158077802,-17.02436090479366,-18.600967362415883,-28.496957384720204
-24.658539964367012,-16.658987067859837,-17.990306886326966,-27.376005479627604
-25.04501943889061,-17.12269765122998,-21.589108939506083,-28.8578313682669
-25.19816307422823,-18.918437948110682,-19.87925738823179,-29.488957374453186
-25.335785651271166,-18.983950877297428,-20.707751977942557,-29.002427976487212
-23.196186570808635,-18.568634822981767,-21.08529785463966,-30.549473803547407
-23.818977955001902,-16.42600166045073,-18.40214616667225,-27.732291423886686
-23.064217418818735,-19.163772390004958,-19.526292373448218,-28.450935237461422
-25.263789934032086,-16.66481956966347,-17.582074389086138,-27.018580219572634
-26.93953465733443,-19.144848723109586,-22.146986714838338,-29.3496325386095
-25.99695015055042,-21.278457193659317,-21.476616303521567,-33.06487773786252
-23.957629328085957,-21.457883353739412,-21.676657343954382,-32.557534015025766
-24.9318387240044,-18.19733471310912,-19.57573929138446,-30.60538685310875
-25.361434249324137,-17.356222233235325,-19.64084455972428,-30.375057813789343
-24.29302639723318,-17.341768500219477,-21.406455262069375,-30.839369019797907
-24.414032254448948,-17.94440023931986,-19.27018897847408,-29.9572396879649
-24.10087914073978,-16.41072645141069,-19.743564008768423,-30.10766310495611
-24.96633858029065,-18.303029695473125,-19.941290177768714,-33.257926235813116
-24.863257907845085,-17.922759183715105,-20.44364335024344,-29.950025422580154
-24.40251969037445,-19.229958579741304,-20.045158217462998,-31.323998534653633
-23.03859779982741,-18.855739144485778,-20.289852264862773,-31.9393156857281
-23.82923199131989,-18.164706852876435,-18.423783764536317,-31.230883086544047
-23.27643915701989,-20.068039752695505,-19.34156221472199,-30.301285215893017
-23.176974840512315,-16.3460657737847,-19.232433862682875,-30.50772280958557
-25.00915542472159,-18.41132335926009,-16.951737638506867,-29.792037997260636
-22.35292442769582,-19.611354888715706,-19.592084417215652,-30.535872087493757
-24.713762462682354,-18.39030447737712,-18.26505177477961,-29.001234928537848
-25.330776988130623,-19.15303811467171,-19.625149539321175,-28.217259192730147
-26.073538193583147,-17.715784062581164,-21.29144172727801,-30.793876598253465
-26.188083817944793,-17.941640172291272,-21.295602161645103,-32.03883436559667
-23.682008082046906,-21.55094944140585,-21.270544504794085,-33.89165400641427
-25.337123574973276,-18.681202174739784,-20.192400375547408,-32.40264645735446
-24.3220258279131,-20.44390983327166,-19.882344811984204,-31.955733642533186
-23.75438740159152,-17.679912315158003,-19.96323336494331,-32.52022056769434
-26.52414443778876,-18.287608605973436,-19.35897658872062,-32.027890872764054
-23.745631096002935,-20.89835586748155,-21.788035409354364,-32.55131261880025
-25.626198483567205,-18.459188516700053,-16.037414286159247,-30.043791081278332
-24.77010157849635,-20.267106468473113,-21.163573937027778,-31.130274619158875
-24.661966197496422,-17.59274940618502,-21.88475821668291,-34.668279767088706
-27.247072342226904,-18.870480159373873,-21.329504928955973,-34.55993947155947
-22.79389242947465,-20.139729139517243,-21.038355251086088,-36.438748349416045
-27.118249965427488,-20.819753536834696,-16.89866125189659,-31.802265424046524
-21.750596839207,-20.738189262467547,-22.376397163714845,-33.01616253971096
-25.92258240537941,-15.276505122279342,-16.12152780173014,-31.382010355412465
-23.47078102531777,-18.737454076925548,-19.99647592446098,-31.312791073781934
-24.41154028641818,-20.317316715590554,-18.966104951240304,-31.332319274061202
-25.32525932763316,-19.56254555599384,-19.78967851290508,-31.83945706154246
-23.6650978960346,-20.953364170478736,-20.079337235690875,-34.25773872223337
-25.504796937140004,-17.091874775829012,-18.05462249467404,-32.48071797646722
-23.24994076626214,-19.65040171982197,-20.006542984116983,-32.212565748080024
-25.742427120694273,-19.362838296867988,-19.27676091480841,-30.61843033714145
-24.41264446280753,-20.202262055135332,-20.76814874358173,-33.49111987254617
-25.31386137442155,-22.032764251990006,-17.548852115524102,-32.05679218487665
-22.65905663035893,-20.905514216523944,-19.999875302241048,-31.530453104808814
-24.371631840253464,-18.12685223389309,-17.25791987740453,-31.353969781059156
-22.655509723830043,-18.3747139539998,-18.95742048495354,-30.271585442261827
-24.587760482338183,-20.183588085025995,-17.851050035066333,-29.579612382269772
-23.72539790759089,-19.919743735784575,-19.56150948585548,-30.30254976761908
-24.944772627993828,-18.077179702328063,-18.08292770074773,-31.139422614008968
-24.49558746579004,-21.376962052267096,-19.23717586708438,-29.78314075814055
-23.58960650512269,-19.321291839023612,-19.332576494620486,-32.825019782976355
-22.955670143104243,-18.816895677031944,-19.565447729646042,-30.477976362872823
-23.435519428680518,-16.80266531947467,-17.978977308934926,-30.581856603642905
-22.566501024356036,-19.02607866851741,-18.815423479412498,-29.93251040930917
-23.32482433703236,-18.464912928408083,-18.361456730829904,-31.276013566160945
-21.450652425274676,-17.811546401471386,-15.98108349465982,-29.554908162851945
-23.199289457373357,-18.885505261607317,-18.699573247927567,-28.016457654250033
-20.05286321632579,-18.719060667019075,-17.600918706841206,-31.57079539800121
-23.368291443778823,-17.112463141837665,-16.904961517314465,-29.379176175681568
-22.455305610876746,-19.05455417802403,-18.56343766567966,-32.625619440491256
-23.619524784215784,-17.573845890100024,-15.395656969611212,-30.336487104513143
-20.496272862566983,-18.399860592775816,-19.857988822196692,-31.49106934577197
-21.01674642765289,-17.59746862132969,-17.120890944880852,-30.55363667538205
-22.266402886553212,-17.230217591575595,-16.83091087927391,-26.209136944117123
-20.487003322391324,-16.60195667037918,-18.66033926687393,-27.646772145838028
-22.255271650266714,-17.883490165637557,-15.505546306972757,-29.832789220945916
-18.525510621103564,-17.80005418601141,-18.338746756276667,-28.834795022106796
-23.183841871699713,-16.021461235917506,-14.166398856733515,-26.34401743896327
-20.66131686214264,-18.927747320854827,-19.876262629159843,-29.438956262795532
-22.297943980988343,-18.92092954311507,-18.335884991868337,-30.176895156801397
-23.431976932613278,-17.16594674124053,-18.067340163743726,-30.132803351253788
-19.35140009626626,-19.763972303162586,-20.314089384128216,-32.965029504500876
-23.578305957959856,-15.556719827144805,-13.96285116424756,-29.91446930720046
-19.26672727421789,-19.75845765105398,-20.392448256862885,-29.793993800384655
-20.578353035144488,-16.901973975022116,-16.451068507045008,-29.08356819315209
-21.70259579524319,-16.119946403753776,-16.049062542640982,-28.505938841511224
-20.38602954836253,-17.020233205482757,-17.94844058625656,-29.49325494885419
-22.521786706877528,-17.122852631722317,-17.82721160855763,-29.13844018212094
-18.839131058306798,-17.72223016879165,-15.977465205430061,-28.1245650184828
-22.11678289632116,-16.546603794820093,-16.072938649805014,-26.67629740297808
-20.901825023907126,-18.463699626874323,-17.88968412455348,-26.72967261090821
-20.194216952100476,-18.219792210162645,-16.93065253923173,-28.882071781183598
-21.33316654155429,-16.296376338150285,-15.445064409713803,-27.128692301196146
-21.561402268208457,-18.737274608280725,-16.604180772572374,-27.616384975461404
-22.95036651840683,-16.880316281171083,-18.075922852297772,-27.881404782176514
-19.73037778223058,-19.354141842545754,-18.686120432168774,-30.658663739370887
-21.17036345217484,-16.92996451647648,-16.01122465932628,-26.357960045695897
-21.29396809292968,-17.233845592184487,-16.18733126354131,-28.659487542183875
-21.536292517426627,-18.10079742690083,-18.203496389202346,-26.60781745646063
-22.108930632866585,-18.670367527571777,-15.210923457185519,-27.49780582376794
-19.89760178954844,-18.60266846400214,-18.446327893752713,-27.508824741978717
-22.997910437379502,-16.46095670492474,-15.926830828395346,-26.100940131696614
-21.436734079909517,-20.051304416099185,-19.558317789596845,-27.95234012569165
-21.994145722539677,-18.496727151706263,-18.447546275568232,-30.266431211730666
-21.8726669368835,-18.756897795658972,-18.469744987109365,-29.160184547853138
-20.374014573407347,-17.685879457907056,-18.468656767171055,-27.606220769093163
-23.6647960844911,-17.948031178219388,-16.71346868288071,-28.72442917339468
-20.54824565038711,-18.048990436307875,-19.910801896356624,-27.813202126460006
-21.737887284137916,-17.96792385353631,-15.743044099015478,-27.708127348526954
-20.72363774648602,-18.796608476484778,-18.173293722628706,-28.267759722854883
-20.91683918901104,-18.05500980093914,-17.47272569064073,-29.108483921464376
-22.29010051805453,-19.488379342204937,-17.1264402153261,-28.249494083696128
-21.567393572470575,-20.11214972880518,-16.83924153574733,-30.09175230612003
-22.085992493536008,-19.166201306987297,-17.039038684366062,-28.584161511157248
-19.885809806597894,-17.65632016331702,-17.768483524716277,-28.699427760740313
-21.620444347873647,-17.47168893186402,-17.341692615246995,-28.76689577729935
-21.977759151674622,-19.185717445911347,-18.439063938162626,-27.914169426255786
-22.086166048937496,-17.747486711330378,-18.86061726137932,-29.456730029405843
-21.831025525329384,-17.484649877056665,-16.362081615477653,-29.392911329644555
-21.359501924948542,-17.56557165504208,-16.93425729713186,-28.197251186300296
-21.240431653538376,-19.342387102630028,-17.94922204888303,-27.726197006464545
-21.145786777562552,-18.901483162667198,-17.556716966656357,-28.119617598846165
-20.77431567083329,-16.498281740461096,-17.741919598287378,-28.858228050781175
-20.064846679180935,-17.748510241958808,-17.50531375304734,-28.018796958094825
-20.071050073518556,-17.769301402687177,-15.591576312128568,-26.894047000014424
-21.586878230507615,-16.94670427541075,-16.34437627959916,-27.308814433919615
-21.51195287211683,-17.71821041832856,-15.18833484010863,-27.000735289205807
-21.256368427130276,-19.22523755587277,-15.959202473176465,-25.90417088012069
-21.239575132888298,-18.259456385983984,-15.695614401237501,-25.81167840068944
-21.80203597728536,-17.601933681731268,-16.320303131362515,-26.75391671137348
-21.85491847587095,-20.092306150435594,-17.86428785233548,-27.15091603677007
-22.131507358320135,-18.988270575907325,-16.886143896167177,-29.159241617647613
-22.22749119126182,-20.321541089903278,-18.054038581184766,-29.742999814436168
-22.00133073175922,-20.238032454429735,-16.151716902281095,-28.93492134079023
-20.836312733955257,-19.54486778700634,-17.196785202357457,-26.621087301787238
-21.728886562565847,-17.779923967493083,-16.40668982856119,-27.160201605513567
-19.012100970082226,-18.933120791846715,-17.25603658762317,-28.120496156520005
-21.807680690894184,-17.637656035582964,-13.469414348704923,-24.266009044004942
-20.796781624857974,-18.793230955652398,-18.879894886552137,-27.129917558207058
-21.317863829769855,-19.335358959554675,-14.799137472217655,-25.345793336732665
-21.006342115268367,-18.091730698387757,-17.24044487127002,-27.32606140111227
-19.729728442754976,-17.041353961761683,-18.211222668030345,-29.502299137356285
-19.330300077222255,-17.315707620874015,-16.53599248584704,-28.340254430730447
-21.10857549878404,-17.33411847738516,-17.115047324501386,-27.633710053004904
-19.46503589531832,-17.83461044263811,-16.233203653441596,-28.683390124171343
-20.849708209412082,-19.22005800275476,-16.610321666601177,-24.667148635424603
-21.168479911607267,-17.65087477918981,-16.511098901324964,-26.855648324188852
-19.319305361222405,-15.118394630601426,-15.800566899119966,-26.995140805499027
-19.87090414439175,-17.097471664590234,-16.12746121754406,-27.1001699630392
-20.249347032047794,-17.511075573269498,-16.164827008537795,-27.64763511846724
-20.369240044793887,-16.91785158743824,-17.50284423555425,-26.899835035361605
-22.43426773383523,-16.298582545185987,-16.683749144786308,-29.751562752560275
-21.10307916269248,-18.272799853247328,-15.373390561794814,-29.80735739231954
-20.10455636149624,-20.36256888559394,-16.104530166043542,-28.202706933908907
-21.14262960337757,-17.038713400555174,-16.348375508090598,-26.317505782544213
-21.345701178083104,-15.766883542552455,-17.525791718883774,-28.692731643642148
-21.55898830414797,-17.869032736309812,-17.119194338122917,-28.80897859009255
-21.746802601818814,-19.80278197965799,-17.117139891124737,-29.184044461004245
-21.30259399059764,-18.441470589751443,-17.81651178860081,-28.385225677326634
-20.70539007692329,-19.620843953497815,-16.51201599670698,-30.72634272984356
-22.48588094327472,-16.8543391645033,-17.517759551599042,-28.554000618408477
-22.037554403217463,-20.23097830404062,-18.947092429604044,-30.77788072774582
-21.9622617803979,-18.865403679102144,-17.259848065523766,-29.852282106118526
-20.700664406159344,-19.60394534483212,-18.738451177882716,-31.332193572229265
-20.095665627170746,-18.333856974070333,-15.831514272064936,-29.74139487467795
-22.258334395078656,-16.078372681965536,-16.09081311413353,-28.28027170501881
-20.129233048274457,-18.745862172968742,-19.63457673478014,-31.30368485189285
-22.89444038120869,-18.17800740125795,-15.99388731305862,-31.323479546546864
-18.588739380310102,-20.251948187938527,-20.00069892955595,-31.905550709582243
-22.628824029609447,-18.3507910453924,-14.17762949459242,-28.886369709316792
-19.09505807690265,-20.186922809613122,-18.351773552938155,-30.14723656246396
-22.035514645760678,-16.625488014489232,-13.424962245015301,-28.277180332068127
-18.98150277426107,-17.49106056162325,-16.557098872235937,-29.93410033846569
-19.720806284182906,-16.948237228862112,-16.24589472564068,-28.671643298362792
-21.821179931343483,-15.524909836317201,-17.797384891187743,-27.828869052875955
-19.930170660085288,-19.073688870451413,-18.21204520186616,-29.614969604313057
-21.14716608332834,-17.371332285186,-17.165395130898602,-29.7622006254293
-18.403192299557617,-18.769108782611962,-15.091994779785578,-28.704380293246597
-20.504701775480083,-14.966433244054638,-14.732868498926246,-27.49604005217437
-20.06752783448708,-15.264907438602519,-15.470342616200902,-25.79287230917081
-19.459083185138617,-18.734851688685776,-16.33905318014025,-25.473092184021286
-20.47554853189689,-16.972023045543157,-15.74693403639154,-27.17320023466002
-20.224642601686494,-16.024224482196647,-16.41306584802642,-25.514694143436238
-21.30309917832867,-18.644496109827568,-15.07317476275675,-28.072404692524355
-19.910965274935123,-17.22254366317269,-16.730854586988336,-29.69901362803968
-19.16560876523595,-15.494342382187993,-16.986106063424764,-29.674135088814225
-18.57727447925396,-16.03227455853047,-13.709972874102345,-27.652739695280953
-18.91559626268977,-15.157175527224862,-15.15463508238948,-23.726478533297026
-19.65289606775495,-14.23170378415958,-15.587997134028466,-26.395796150630037
-18.66446688282997,-14.435744355263111,-18.551822156452996,-29.134093217254705
-20.076003266702305,-15.869384856715456,-14.29717391510264,-28.778366830087098
-18.774101641300177,-17.171380458123725,-15.95978997369996,-26.163464187490955
-20.319930486035513,-16.775650778945213,-14.91935565643824,-25.47569367320408
-20.462241465235277,-15.948161405534977,-16.658769059939228,-27.680727788906836
-19.15864967279654,-18.23904124751295,-16.945011012321004,-30.338677372189935
-20.08360905938405,-16.272451914919415,-15.696500165067661,-29.173811320412902
-18.278723172539348,-16.356561414281174,-15.60372637637996,-25.87924705985422
-19.655657941817335,-15.808688247098909,-13.983860764998129,-24.798308422728486
-19.12783804756345,-15.908881013217231,-15.955557941828467,-25.847373699475284
-18.85053714162938,-13.198720362286437,-14.353332943734003,-24.138812121033407
-19.64840664970123,-15.742049535675617,-15.159403894320983,-23.22458683605243
-18.151738761861967,-16.436055300143277,-16.22295173788464,-26.047485181940036
-20.378176698445643,-14.131478350323128,-14.32297543458221,-25.603159448219827
-18.27008247907358,-16.22594678927069,-17.661927777250373,-27.485957446725845
-18.945939234751503,-13.58898799483731,-14.383347674179616,-26.68543600378687
-19.628925992459607,-15.375770297352144,-16.698933493327573,-27.550188620234987
-18.497006899313888,-16.124389533665745,-16.73086775395145,-28.876046623122722
-20.627153855081986,-17.050857728442928,-16.816296926167734,-28.903082134734632
-18.91005138570985,-18.176652738909407,-16.67684003673709,-26.866245212698093
-20.9114759000189,-17.361089281986196,-13.518407406258786,-27.03193765709362
-18.00371376391817,-16.22649531508891,-16.846257381096553,-24.354504105528758
-18.638556224946345,-15.966290685723083,-13.759385631701411,-25.364365249263393
-18.77799995527274,-13.776898876793789,-12.558531082644688,-21.568571753991648
-16.802107853384282,-14.872308946681935,-14.618344116098097,-23.241818506470707
-20.033983624214212,-14.056832307319311,-14.206898327295448,-24.576886819418622
-14.371148393540594,-16.322537642879812,-16.654755502107207,-24.031334584471317
-19.5637993399435,-11.381704804078776,-11.496260506609469,-20.384754299696827
-16.31938082265065,-16.08888062208882,-16.283934117215725,-23.82214697037448
-18.5807315106041,-14.194825238115515,-13.613591657933952,-23.41463909303287
-17.804356663372126,-13.496456511127986,-13.879331299223791,-23.780546984442786
-15.640325024186101,-13.540411769975744,-13.217329049925489,-22.530421996836257
-18.797994394710898,-12.901052022553507,-14.159152501397545,-21.229956209228558
-14.203133076300755,-13.745781670616202,-15.85656503366894,-23.68014737412843
-18.450213668024038,-11.556874227378334,-11.826510847953998,-22.799840969718474
-15.73325948372624,-13.854428815083557,-14.16108198825398,-22.34051858858456
-17.954267040618788,-13.344997973934294,-11.443531998475336,-19.65948174879985
-16.847127864668185,-11.872330333788469,-11.661445698221147,-19.860647733714835
-16.21272727926914,-13.654622911756503,-13.94337558801721,-20.514235715439597
-18.2569104956834,-11.250171711271165,-13.38591053775734,-21.623486903329702
-16.749467789646054,-14.246235410621267,-14.016958380909006,-22.312441613607987
-15.433825388394409,-12.034648815246953,-14.081790950671703,-20.048990243024654
-17.061775077336158,-11.32069172377105,-12.488022172206044,-20.9513384437354
-17.280261754613043,-12.040982891468254,-14.064458170652472,-19.861460997248912
-18.35756424624235,-14.260828618060874,-16.445863325594615,-21.935748040779263
-17.066432611605762,-12.941472118390145,-14.562818166842337,-22.733126001404575
-16.349027784701892,-11.167254995004896,-13.835507048587402,-22.26131746786033
-16.509307322745645,-12.758579430048078,-11.807991177504615,-20.351841902589484
-16.138030217880946,-12.512833517280704,-13.201955450660162,-19.39122762762618
-18.078296091131328,-12.977953111416884,-14.16517165261893,-20.467418806921064
-16.26179097124181,-13.950572560053578,-14.720735745884587,-21.17560583817032
-18.08972140202719,-10.777317938733956,-15.100515620130075,-20.8026835103831
-17.005192130007735,-14.637719993439854,-15.682694956821397,-20.095234097450888
-18.031584784454328,-13.893011345246641,-12.96864773585319,-20.530730893799277
-18.7301329651678,-12.10256189432051,-14.672608267517127,-22.7864373488784
-16.082478388990058,-13.287685958387215,-14.061598132636176,-20.8532262378547
-17.721315482618607,-10.07726575778133,-14.832874962070093,-20.81551496231224
-15.567169889520768,-13.555055048458994,-14.419513783418639,-19.37058298289084
-17.83713706751217,-11.672981870744964,-12.9292484100044,-17.98191865498477
-16.37184372847914,-13.878292013259564,-13.313861071396532,-20.131267957330813
-18.72109713289366,-12.259800488799142,-12.424712214616688,-18.53393826666358
-16.183492087503517,-15.544553525198863,-14.334625556226632,-20.868974749825643
-16.967013681202186,-11.364550242220474,-11.405383631918712,-19.30992556210395
-16.383204977358677,-12.193524547355835,-13.941698054248317,-18.477132345463392
-16.28940540579205,-12.13431610950287,-11.771483146586224,-17.78523583462676
-18.539206209663053,-12.604663173388595,-14.075730475513376,-17.88216551332809
-17.734488522038827,-14.582075519892436,-15.912242717496138,-21.282039482037746
-18.465164111615582,-12.448433102386224,-13.434844246132723,-18.981972326714274
-16.49392946842584,-14.641078543265978,-16.27687202770127,-21.81769935674735
-16.68719334352842,-11.577489870523165,-12.622377946321715,-22.525207480535943
-18.884510116426313,-10.350335884027892,-13.24844148110141,-21.354235410058504
-18.19194030025184,-12.38897352037434,-14.035755364486178,-19.692074714303978
-19.398072799961785,-14.996745828031488,-14.612996205156362,-21.19786105046169
-17.700239944605652,-14.68464691093366,-15.4624092936739,-22.33741406681508
-19.404683902597753,-12.690681298484638,-13.650926962759616,-22.22608656991137
-19.714426796656117,-14.389248197932814,-16.18639667213798,-23.110580662079283
-19.62014739783235,-15.909007542615246,-16.477747744815115,-24.903686733510803
-19.469995962083946,-14.02701960053305,-15.221688478422463,-23.60954317038869
-19.840788010972492,-14.338577587385416,-15.605284578797795,-23.541069385334453
-19.553143442312614,-12.6297909904052,-16.279944326082273,-23.59917243156177
-18.71905458767249,-14.497870629975772,-15.72529885354776,-23.673463042522634
-20.888425157485994,-12.695524780690725,-13.380684162299662,-22.99593902472887
-19.300971033288754,-16.476773378832064,-17.153758532728688,-25.369434840931888
-19.33984985047847,-15.11724399761246,-15.912796439913018,-26.34734750707045
-19.845325628164492,-13.432757372872125,-17.17932410504527,-22.03568847440098
