X1,X2,X3,X4,X5,X6,X7,X8
0.3752783455116915,0.5018785632439917,-0.6456364873085383,-0.3806518718926285,-0.17054988810358873,-1.4069773229385558,-0.8270528126513969,-1.5248354902193735
-0.640813314869904,1.3343537701656494,-0.9788602435902122,-0.2185831806939309,0.4503949126720153,0.09762866985398866,-0.47120922195566795,-0.8737706943928689
1.6458739367085085,1.0934239940106076,-0.8326436038842866,-0.7254445683665036,0.35141739690956497,-1.5043460934735782,-0.34694250709762786,-0.8734527457989698
-4.173320807781072,0.7975471341204643,0.31505684454715643,-0.27689252667062436,-0.4870378723074869,-0.6040275318027358,-0.09567177188702669,2.2403291753073282
-1.9973167375112735,4.015371823839384,2.9957562711848387,-0.7280941432696997,0.6445728446283814,-0.30996858828092777,-0.523191518424726,2.780929888136983
-1.4816185526696617,-3.1426996047356086,-0.43646190761136516,0.8057802826730915,-1.407357890474441,-2.153677993706476,-0.9138038912802597,-1.379103571556667
0.20082215569907547,0.545198273418338,-0.7159602983991721,-0.14774551035035932,-0.6565450357549749,0.37453053510977496,-0.9881476439349091,-1.7015829237563667
0.22319400289801683,2.8837611705843846,-0.6022437460927644,-0.16082142987152326,1.108579527536506,1.0542968961514978,-0.5012013000208388,-1.2824946269602662
-0.6029740759822927,-3.9286970051026704,-0.6386577770650871,0.6012054551768895,-1.1692537449149651,1.5501601551103321,0.586308118344306,0.07184111889323452
2.7184068303499695,1.7941123156077592,-0.8703663967763987,-0.7510766422344155,2.9269912385874726,3.894922975413523,2.4998035033705572,1.1337984780629111
2.9140546312278457,0.7118927479873014,0.08332513487160997,-0.7404525652014032,0.27331614253431,-1.0079089233483982,0.3124902477191256,0.0054593433531804625
-6.917083320682151,-8.951252547279864,0.37584885351744357,2.084096832296985,-4.4432106386569306,-3.366942856742613,-0.5570613203685335,1.1220256849041688
-4.147036084325297,-3.946970173750581,0.5078091306428072,-0.08137497847825825,-0.5612382768836932,1.6272074055146502,1.6749922833323954,3.777386291917601
0.6895782840303744,-2.6377103104488118,4.309882795759777,-0.15239824791719836,-0.7136384613483626,3.0390160407400444,1.3974654579800165,4.222205303720188
-1.4195620203564951,4.103618745740721,1.1066602347767636,-0.9834352140420114,2.2450033930780133,1.3267461949481336,0.45294376173184747,2.7409016192861952
2.7942143387760083,1.56147741742108,0.644865840495582,-0.5034457314161589,1.1521614990031148,1.4942602376935596,1.4670248402375998,0.1542118876037264
3.536083825010249,-6.97979114167218,0.043491481976603685,1.3093902228569734,-2.6402112312165515,-0.6614899514076003,0.3743041974033041,-0.936602269289457
0.8631887141412865,-3.3018152199429176,-0.407475801039209,0.6719741886720019,-1.9155443448205074,-2.225416577894748,-0.2551443121507643,-0.992649595454518
-0.9887967049545097,2.628257483537167,-0.9555464437281528,-0.48939958557611074,0.6178426897650631,-0.21581539740463507,0.5492892842628263,0.70793291133351
0.7089799869684988,-1.0381014840417475,-0.04339721317980194,0.05513828671860699,-0.27422205488946505,-0.4114196563015067,-0.00550163438908835,-0.5320487827196158
3.454966409160996,1.4586972579114794,-0.37861691250705687,-0.5339194845927818,1.4875913684559856,1.6990490940551122,1.2932806976901898,-0.7469920231832067
-0.6617237220988129,3.503337807671683,0.507961375109591,-0.39614269850445993,-0.13290430071738002,0.4364584255441547,-0.7542335044732864,-0.11504873819118544
-0.39816274253610173,8.18795063517411,1.0280015811562464,-0.5652491362197007,1.3121916795928275,-0.45533972949870727,-0.8499720268371262,0.24174076714924575
-1.7586502660449814,3.744392816922539,-0.6679311853027299,-0.7533688490660595,1.4196234062779152,-0.47620379146375,-0.39067581970786236,0.5850490062521159
-0.4356919481969963,2.9327065711286595,-0.9502492787962739,-0.21089288263541495,-0.08028350101007103,-1.6800865374190266,-0.8793358825188821,-1.286696828454494
0.7316857886988894,-0.34766369155957566,-0.07517776487722616,-0.32662280199717975,-0.405288186356627,-1.1775466242404815,-0.3761811313294632,-1.021268244356991
-1.2761986881653713,-10.955607703972062,1.5534193997940475,2.0748143219624033,-4.319119263190889,-2.523355015827017,0.13446863103297746,1.867360288545147
4.594861702438049,2.3326247385484136,-0.17892840339154403,-0.8836757658927797,0.5785865111482611,-0.25271220344694234,0.9060581842032716,-0.943106826427208
4.539571891278265,-2.3460272444161916,1.1309428858443762,-0.40185753303189853,0.45505896675906976,1.6210585256755219,2.499461806443837,0.4195812616617478
-1.4617006920095255,1.2364729754732031,-0.2469852546601674,0.44350255286970497,0.1897308842033596,1.6641525632009444,-0.6208571727790957,-0.8311810116213819
-1.8636741602844784,1.4372568068300604,0.3139940476439089,-0.27228105206622255,0.5370024086928619,-0.9014120077302111,-0.5180593728788423,1.1456701474211748
2.4341625238218447,-6.934893168747218,-0.7112170053161948,1.6522314838597492,-3.471032543641062,-2.678508516928776,-0.5623141757955101,0.23226592738600627
-0.5344922370118907,4.134220161307147,-0.8655827491613116,-0.5137135267831124,0.8034600918562924,-1.5377083387814587,-0.953312445839183,-0.8031014060277331
0.13259424522489116,4.366297142675391,-0.8575191672597079,-0.8347751785298247,1.5313744065229624,-0.6832999788668233,-0.8267116025425556,-0.9894910405563853
2.3459713919884413,1.4094357478772923,-0.8823176819249124,1.1518915749403233,1.1320360348167957,0.6287163522292223,-0.8935924683668246,-1.8054679790000123
3.906718509924736,1.8508035794062605,-0.9453268810864704,-0.9292432316237498,0.5948961076875222,-0.6987173756223362,-0.17663489129684695,-1.9803758870629737
-2.7654056502575397,3.1271662336955797,0.7165931914944821,-0.441920574049974,0.5623194061711609,-0.2967367954239542,-0.4398025673654168,1.5392383095661368
5.544007640028065,2.0869397372032163,-0.5513850012330729,-0.5830230817821782,2.1871619240122,2.242093268612546,1.808628174003871,-1.2107346788587805
-4.050164641934564,-0.7782858388734322,-0.6138687373349052,-0.07912512045533449,-0.8128229853350528,-2.758995706423388,-0.971657856115987,0.8880684647864161
-1.03587366453692,0.2648116284092812,-0.0650406654086626,0.29921664983861906,-1.2030043787345148,-2.065765807116482,-0.6814701631929333,-0.27635012498915223
0.15349965130602228,2.092505451731709,-0.8127325445318232,-0.35908313037272555,0.5590008475040933,1.9586925657859822,-0.4948305567523259,-0.7036261421246167
-1.0878530518400273,-4.994491138797786,0.918292441851646,0.8846613361705102,-1.9617970111886103,0.007169395392930766,-0.08951204092204679,1.1465877606528856
1.2662144328420974,4.4107108367618695,0.29195603944044946,-0.9527443112883347,1.2888636972021086,-0.2153341106998402,-0.7377464732070576,0.0017044407796666938
1.9469335636129956,2.1039123837852136,-0.6707578039992943,-0.6086182807683786,0.6955773298102458,0.05281623398012569,-0.6255474438903692,-1.796266828877494
2.9530085140322355,1.153127171766018,-0.7994081856275639,-0.1267230421561064,0.34883186699703717,0.4912899966350046,-0.733523544984227,-1.8205576899871923
2.40621662005637,1.7362079756612663,-0.4689803907314535,-0.523778533946182,0.301466602731682,-0.7897857613294139,0.15085509363900562,-1.331897859000403
2.1541113982869717,4.3059506875514,-0.6951691301932349,-0.8445137468540806,1.6231143298110662,-0.4861870650442206,-0.7368125559101879,-1.765210417321088
3.4224125275426416,6.295902744186781,-0.924261301107644,-0.7709618739371096,1.7913072397320686,1.2673647159138883,0.24242386971436192,-1.977144580974886
2.53534544959581,0.7977771383104082,-0.49644020154788415,-0.49439379509929304,0.7269336060027443,-0.34476377236416883,0.24845516607512397,-0.7890020397972307
-0.8418802091823268,2.661899242893673,1.251878564701117,-0.5791652245686232,0.32301739842466404,0.7905547450477826,-0.23977036396233586,1.4111161850479457
-1.7047915423033806,2.6788200426076187,0.008849937360343674,0.3081836586295752,0.6463739952786098,0.3287687747970408,-0.6347366911437278,0.23905492659573324
-0.5279291450516124,-1.0638397841744767,2.082411225612162,0.184594229153902,-1.272923232812448,-2.007762158755843,-0.8827072053738484,1.710770016993063
-3.706080458806159,-1.2092578553569404,1.046432325133137,0.12039807239860933,-0.5160185485112192,-1.343895827210686,-0.43430536303174316,1.8282221199207183
1.918404855492665,0.04338156676131527,0.11789209884159857,-0.027678813903246002,0.43328967613310804,-0.4049786537544093,0.12289271255868472,-0.626047308815668
15.051025136058533,-14.997921386912491,0.8506003950998422,0.3973141976008925,-1.1841844174661031,7.353025468143052,8.518119700398211,0.04514836928051702
-1.9907030875132796,-7.994072721241024,-0.2730693164331113,1.9580895519050068,-3.8500256994453106,-1.8092279044464428,-0.6268863864227479,-0.8351425869486684
2.8876445946108005,5.031441953873399,0.06784925600096647,-0.6509070297526375,0.2087674126502247,-0.1275320280633061,-0.8565326836737708,-0.7175606700127123
-1.500679677654672,-4.240309538281781,-0.6197811138450526,1.1543451851616702,-2.332163192954174,-1.9231016170682538,-0.9091604388467215,-0.8537411012107842
1.6241748477645732,5.42013306737175,-0.7809458682545051,-0.9849128270773807,3.3119602708823317,3.24682479407314,1.2179165966579002,0.6046438507233755
-5.39832744662409,-9.38189442316024,1.1449173839231466,2.0383542751683867,-4.350646705428249,-1.94794941094323,-0.3135623478307813,0.9527134163979589
-2.128950517825392,2.5737126177462595,-0.859697038029741,-0.8943318955547488,0.5436852618490897,-1.2411702104065976,-0.6469382484244928,0.4469415304795692
2.0150506685385112,5.777331729680876,-0.812101004989517,-0.8806853975643592,2.7589789000711984,0.6875212902488256,-0.4137626451737604,-1.5120748826233021
1.7651293824912146,10.936619701693227,-0.6897582624243106,-0.43014648468649586,4.803758731911727,3.3995818946674317,-0.5933568457785658,-1.8039469471286895
-0.06151101062749076,6.8287339783457295,-0.03250061982624086,-0.8333708692755561,1.3375146030390144,-0.8817769576760962,-0.4463056973178129,1.3531034297540507
2.4408643616331656,11.687334693089568,-0.5861609239795298,-0.9876542022546869,5.6090763951029174,3.457011679838437,-0.025602426479591767,-1.068764926467047
-1.866761039765089,4.171832473572276,-0.3155170646850386,-0.999928773842215,1.445674372232237,1.369620431264536,-0.7449243292635259,0.5554755813602448
1.1951624756862265,1.9072779440075478,1.1597789009247332,-0.6657072156536978,0.9178155137420794,-0.34393661982735074,0.3486638319157638,0.6318259492848901
-1.0512362267893862,-3.3644292362812314,0.5417202360342652,0.7474227138504355,-0.9462478280628732,0.09495792645087198,0.5789979458021366,0.44246362379521376
0.7241065209198296,9.201908099620745,0.17124699038769298,-0.8714046434647023,4.206749901297823,1.8738998429331826,-0.855297307161898,-0.7106499050900483
-0.44693102249779026,0.412792186025114,-0.829050069541374,-0.08160505438050936,-0.5240569736992675,-1.6157019073859447,-0.8423147326927807,-1.0677258881819929
-1.8010311443016653,-0.5181575005490163,0.18942093669296556,0.725678364029638,-1.4379637367146731,1.6566884025921542,-0.4336462818570024,-0.27094553856159254
0.5327106405330225,5.39305323486875,-0.5455216684001173,-0.7823453024955384,3.0051007696317207,1.6278318253768767,0.35979223228817214,-0.01502512615578655
0.9570899846542518,5.928875422341056,-0.8762364031062135,-0.6587330515704974,2.6261607772905533,0.3066341900828107,-0.55148606914313,-1.119018496201082
1.47439162052599,-20.620213231128517,-0.6005742819430084,4.0633555540131825,-5.494585114962145,2.664570319660883,4.1377505067332105,-0.7447397515650938
2.933129555986716,-1.7642919449837675,-0.9294425638086747,0.20639092178215046,-0.14105953272112182,0.14868613994114183,0.6453449907206839,-1.6731940979865458
-2.1018469365201304,3.61072519637955,-0.08491484987903397,-0.2777368790694533,0.6654994287635969,-1.4185653105793983,-0.9459692320198424,-0.0467490779559771
-0.7506769339387375,-4.292009173859169,-0.02832307851378313,0.8616799155816142,-1.6398390335687687,-1.6844693820516379,-0.12374382527727934,0.3342898673232507
3.2019763510218553,1.6198619740431601,-0.7056998906950034,-0.8910041259935896,0.5544165307237405,-0.865702856449453,0.32560682282175923,-1.105417512601441
-3.0403182783794684,-1.5743030665026565,-0.9541585829738887,0.547575650022053,-1.4680497763363674,-1.7286860840794225,-0.8635978194657356,-0.38492377277703715
-0.5173071033809034,-2.8627786893473015,1.729310446990541,0.3667209208888007,-0.2200531085945836,0.06317185759463395,0.8889205520421555,1.3455741901552758
1.1899548397466695,2.1336052154829517,-0.1922008404662089,-0.546987292714338,0.3763687053877227,-1.4762821182150718,-0.7542929687092632,-0.5415150788066083
-0.5345610189733904,2.215377995640433,0.4880727897906234,-0.6363230805487906,0.3944506297562749,-1.4864968609355242,-0.7667774241233628,0.5554596404247163
1.0123836800866466,-1.3269523780233963,-0.6472051138891224,-0.17663982816175017,-0.6850084567280594,0.18825498406599203,-0.05926140438906147,-1.3508975895119182
-2.7002938054101215,0.04751968187031208,0.676400863298027,0.4519753510883904,-0.09962733084475439,0.8060704797824465,-0.9337673718784795,0.03768546844714793
-1.0490603373644847,-3.8056240559228405,0.641271409616105,0.6060874836383734,-1.2288483591854533,-0.009455014889769763,0.04399255543981173,-0.12719229725775405
-2.343837083505329,-4.987510229330477,-0.9068678206387821,1.2604648475752263,-2.607330832518672,-2.267847109913429,-0.7197177776923321,-1.2214743896164337
1.1334093242454308,3.713836603899449,4.431589672018065,-0.7988248093698735,1.4281349732219286,-0.9759670299002514,-0.760959881409567,4.611621906903638
5.231053527971328,2.412226745237645,-0.3264038218843577,-0.7230729445027868,0.3769203112568892,-0.894680958565717,0.20439161065153555,-1.3297605183843264
-1.432954351779383,0.3019452515593262,0.3977584232701692,0.35186942198368154,0.5144517035754234,0.1713922002403518,-0.31608995958930475,0.3080989685269521
7.096863908493841,2.0273062876191963,-0.7563010483388066,-0.7983857778424512,1.163195931910499,0.6691255489216099,0.2677475110297647,-1.8009333872425648
-1.0121655486964602,5.614262631744446,-0.016178653606813698,-0.9909857387373667,2.6546947735227735,1.0961431233946668,-0.21630416576216271,1.058668612425215
5.113356234037987,1.2627722862703252,-0.7137570113533536,-0.7617639157764681,0.28875534990128615,-0.5113121834299219,1.142461805812101,-1.7752398435160814
0.4540456143498659,-0.17179284767418568,0.6139449374426944,-0.6377024012693221,0.24578854928425664,-0.14896387735992267,0.5920387499591018,1.0995205052715713
0.11449776644966025,1.6292984737393597,-0.5369244479176931,-0.6350934540321422,0.1664583481552966,-0.4484535889836637,-0.5087780015828516,-0.6519046937056625
1.1759224052297284,-2.759864881983725,-0.22090281238739218,0.12527323589806283,-0.9463920763106715,0.7114845726883764,0.04593769367640621,-1.2146086185484326
-0.24763819990055147,2.421798276154723,-0.4719294265842451,0.014839041819056709,0.20941490572446791,-1.5297019366075801,-0.8775507279717322,-1.1334746373127684
0.10458409047103201,1.049801682945363,-0.24648994880937247,-0.4071752771349493,-0.20019204993343165,3.836242777403065,0.20474259607158607,0.39519271815328494
0.8332210090128669,2.6896400776523963,-0.5276990619950954,0.2994074691830626,1.5907125572587764,0.8340230778966549,-0.8835683175632247,-1.4724081064366326
-0.4483130535972837,2.0824409224689147,-0.3870060639280978,-0.32881925072279905,0.5153563083713303,-1.7245195641815192,-0.9817776019536025,-0.8479963416663983
-0.7535518114984937,0.6270935189850437,-0.9712784885333898,0.04728969618983103,0.4650674607725705,0.3468282367437974,-0.48477810329385007,-0.45787799064832346
-4.856412698294585,-1.6523874974025823,0.5875089804999862,2.145397985697599,-1.4231990956461642,1.5649379137273773,-0.5645402365295082,-0.10770844762152343
-1.6959882492182292,-3.6738096269791574,1.5096483883382312,0.41470056731189375,-1.2552398843046508,-1.250369032254978,0.13640785764318664,1.0992042682511296
0.858623332730877,4.918477913996493,-0.4190404672689001,-0.6859590653865832,1.3578553862304563,-1.0704222717728205,-0.9147135477780296,-1.39984439034787
-1.6558964838168597,0.5962240122289941,2.4040892966934733,-0.8284036697280315,0.4539849255250541,0.11078540332324827,1.2914184414371541,4.261639347918187
0.0233437585270444,-8.89712507166571,-0.8319135038722457,1.8437152790648357,-4.004203124048207,-1.0169251061530418,0.8332608336333527,-1.910251268742871
0.8249308300731224,-3.9675772649845418,1.784647608936616,0.07959098842033963,-0.46362965098812053,0.6441304804355878,1.772556281183408,4.10357496630836
-1.4446820912916367,-2.803065496805335,-0.6356455656761648,0.7858951552041891,-1.2540072273321916,-2.032758149880294,-0.8999721778419956,-1.2837969030811067
-0.3990877577433073,0.8553948840263249,-0.33134173985780524,-0.1298773661565551,0.45425198510204967,-0.7689295295454243,-0.5709360916753324,0.1257765985379537
-4.379390422662069,3.3362306550183627,1.4369942917513727,-0.12725526921387664,1.196470331361362,-0.4257820387207446,-0.8124347379229364,2.055357161407018
-10.844222578816586,-23.54697734594843,-0.8730750670697112,6.205969934838762,-9.621984450700092,-3.0460356034389715,-0.7545728856711948,-1.123590530918863
-1.034279359360775,-6.319638248143884,-0.8090150399187028,1.4817756200938073,-2.581669058113185,-0.5001970904472361,-0.41705636919820854,-1.4289151212286741
0.1038339245846418,4.282792366215428,0.3425286534513001,-0.9339058994129538,1.193010127334841,-1.0476700215033246,-0.6935547376130657,0.2950971768089527
0.9909692814627977,3.356691889626144,-0.017621078499177822,-0.8107926158331861,0.8336015897892841,0.47722978702252206,-0.7503786835860006,-0.6542383450649714
1.0232579499684906,0.938111955263436,-0.7120311602540673,-0.5523973703072211,-0.07712249038625274,-1.1685416198699778,-0.5553930554990337,-0.8134791124569597
5.081491514470032,3.127904047667008,-0.5566417068117885,-0.5746427728482053,1.1016089340823685,-0.16818322779014133,-0.23665822076755227,-1.6636614506328211
1.856088570154909,5.274699843331989,-0.250148949287923,-0.8035241634798989,2.2649349060094206,0.7155397455890893,-0.8150112014430915,-1.2362180862837966
0.22429211994322878,0.4278823839704984,0.8997553816655635,0.10796075996928378,0.30175832621698684,0.563744449747878,-0.594557278736567,0.1901712092139527
1.792793442812624,1.5956379329878851,-0.6416795996389252,-0.44448002644438356,0.1614088509167827,-0.679455335700271,-0.37096271205781195,-1.6007785226196942
1.0150263649652331,-3.894900314230938,-0.23493514577480412,1.1703833741171223,-2.3087408398250053,-0.7894249342116879,1.0661779916146616,-1.0208945624135755
-0.024579626570836635,1.8113472895275473,-0.6458147795629455,-0.5638372934554119,0.40662542798822243,-1.4456805978225522,-0.232267113794143,-0.06025483717454205
-1.0678821672953784,-2.577540845064292,-0.6956814866481338,-0.2542018480719793,0.01577336494151771,1.9711972809173361,1.7664252453662055,1.7233736967973934
3.5461315776396414,-0.8119851993200249,1.1335421945681414,-0.4527633958310764,0.5459262145778128,0.9719442345048841,1.989738257988984,0.5631596415196654
6.639025166872436,2.5991625097788855,-0.4434169622366434,0.06280245681263508,-1.0080162011538847,-1.8564851265182472,-0.7835651192569164,-1.4669275810364364
1.9445510046629575,2.3969935916902747,0.3394252684601282,-0.7111180215308555,0.4593982674746332,-2.119743111918549,-0.9029843029841357,-0.37053951368131305
4.508847520678668,-8.127519444118153,-0.6972974222272146,0.7684037647858071,-2.1580960979067445,2.0585520869576834,1.9477779437634122,-0.7027774310795998
-0.9759937137326838,-14.88477863120683,-0.8139649059888712,2.419996348636889,-5.006603324129055,-1.3339560716457528,1.4243324043719365,-0.2812704852747172
8.455130124068692,-2.196747020362109,0.14240782118895545,-0.930876953579006,0.9129622129615242,2.7422443563463217,3.1484377282985774,-0.32428514961330135
4.362611821806708,1.8772289754595994,0.41745346614839174,-0.9956404180750341,1.2016341129463863,-0.301527334372599,0.4277509940301152,-0.03013735879321111
-0.4211766816827796,3.740107366917493,-0.04911355514766402,-0.46804394184237486,0.2800552260275808,-1.3583306275945044,-0.8935914561387507,-0.19496783328523745
-0.8908434983581349,1.4140716748963211,0.18735161303198944,-0.22704849576481234,-0.5869118935822902,-1.8631963874763688,-0.053163726592105,0.4336412567513892
0.5472685456508897,-0.49184378380336136,0.01885242537132492,0.29706792046491426,0.22244704201715454,-0.3728789709849034,-0.24709321013399954,-0.21229937272907465
3.8328044263619807,2.6343848752512318,0.09195595099212284,-0.46582424358672536,-0.061286476119475464,0.45712047943619116,0.7490763009246286,-0.8615555280566672
-7.844488762914068,2.2893815177561834,1.2546826014947734,-0.37738278682224036,0.5437499362030032,-1.162389263603742,-0.7844534651293569,4.257159596892313
-0.044835750151966725,0.4105200450497395,1.8234690497434518,-0.07043997945889424,0.08608845468456283,-1.1248671365082186,-0.8096782529315952,1.6750471408377272
2.1195804238880536,2.498884179571262,-0.3376426594377041,-0.49688575054105355,-0.051630987359902236,-0.42746790598304346,-0.14997638242976152,-0.8163143101501402
-3.6401476872696557,-11.088180377618418,-0.9092550624978045,2.4139754662768094,-4.97279482712461,-3.547045163952899,-0.8689592122081922,-2.0053654905157243
1.0589662016032302,4.241203754499134,0.4037343050979292,-0.9333089014320874,0.5747832350657985,-2.2616379056049185,-0.8572423291036996,-0.4563070882326386
5.689498545986103,0.10665098209962176,-0.15380641391860173,-0.8796937006657203,0.7883376725235807,0.4465314509684498,1.3148736207027776,-1.1198302838435046
1.9271365384521904,-2.3586742596485615,1.440466587112093,-0.2540587387358163,0.2879930793250869,1.632641813035297,1.7340431855089586,1.4459052785489905
5.46681952506639,-0.2717963130887311,0.04447338597580974,-0.6903120245390736,0.28989759650735814,0.32343626157676275,1.0659254867160737,-0.8869202352714561
-3.38422866284834,-5.946811622652556,-0.859730375076695,0.7293191984972012,-2.137715765625172,-0.2965792316900037,0.3090143343683438,0.9739160496201289
0.032416401960949415,3.554881920734099,0.04920738280407755,-0.5734414569283772,0.8455218361389023,1.535765500579408,-0.6066571903887386,-0.3174269529107168
1.5893665889800634,3.359621319940959,-0.42755529056268216,-0.7712957504066233,0.43594379204697065,-0.17805177551681273,-0.5967441414666497,-0.9086036914521676
3.7649189529311706,2.614684121006279,-0.8848638605704694,-0.8233760424935321,2.0259581705912306,1.055518388622564,0.8726447841874589,-0.28004057254164927
5.093551906481247,-3.596082283119218,-0.7261498898733855,-0.03217500183851729,-0.2717798082340198,2.4940109706968947,2.500729887639664,-1.2844373534468743
-2.576386128323324,4.871172129806482,2.4760395931951957,-0.8213947740442593,1.2467940780003737,-0.6212290901644894,-0.9949979526761208,2.186290779403288
8.321620966705652,0.46726402787221577,-0.5970727403831113,-0.433847164508933,1.804521711165132,4.509645993918862,3.8372523469974267,-0.672275849549882
1.6355249356980304,-1.8129290058238716,-0.7419091271063266,0.14327710226733603,-1.0607666920955783,-2.300575945690117,-0.7876306631853578,-1.860473659606758
2.5415520764991895,-3.426169676565995,-0.5558940241985111,0.29062675321198017,-0.6650244809535055,0.7862388501653929,0.7647435641479898,-1.5490146281552455
-2.1376001918132417,1.713858107403988,1.0673543748199155,-0.5205674415009223,0.28581624427326335,-1.5719872247696052,-0.75899567335981,1.1290634551681953
6.1690627452896845,2.4863920209347397,0.08883617657275011,-0.9528368194316489,0.7225813653779618,-1.9100240308265999,-0.5469282290817333,-0.8772747871230109
1.7968367197752952,1.6052360872020583,-0.8022949106039812,-0.5488519668342662,0.8121280978361882,0.3872657669469267,0.03135490936458152,-1.208125258769372
-1.7963952564130445,0.33780412906343815,-0.991870577166966,-0.456826879833401,-0.20667723056996956,-2.076987166750154,-0.7217183534527007,-0.27627775967711865
-1.9516058148580333,1.6047165027297878,-0.5619764844320063,-0.3809647083735992,1.503341295205822,3.208223982436402,1.4324899444205244,2.588845660334457
-0.051842570775279206,4.708573787424969,-0.8493730492014753,-0.7270452532846033,1.353132389872194,0.6474249981881036,-0.8456799362614459,-0.5760422109024632
-7.820202827083333,-7.3217438961578845,1.0674620819983383,3.2066262900387486,-2.377492376717991,-0.3303814808383785,-0.9303675773204867,0.5003973012331324
5.2820892385446205,-3.5606609985541793,-0.8934118038032131,0.38423437174654906,-1.0213279492649248,2.1321980511564846,2.2043885580753813,-1.6767941873031342
3.3556646395634653,9.742351580001134,-0.31575740978960654,-0.9062364428748286,3.023045699568524,1.917109866285529,0.6496213220252722,-1.0777751273453915
1.82498655139986,2.7274810056352976,0.017527467371826866,-0.9153529517559129,0.7212730938768478,-1.5248813571930033,-0.5287566722570609,-0.6536055776084727
-2.9275178738381498,3.5455791690711727,1.8700053938568244,-0.4024375277301111,0.4220657842853446,-0.7875131930336472,-0.35970940484793945,2.330030713319604
-2.0648328738262025,-3.501114347570697,-0.70952184361154,0.6014401978278763,-1.2475710692195654,-1.157398027906097,0.08979715661715959,-0.04056625891517407
2.195457513028475,3.931879799076735,0.7357798997128928,-0.9133275061646376,1.6761904184786678,0.45560047500681367,0.6093909055042634,0.30852859863313653
-0.16532388687830624,2.2976580958513217,-0.2363306279878028,0.6139451350124603,0.8894358929925339,0.9040030974961978,-0.5255239048458007,-1.2741085235600909
0.7662850032791859,0.13421072649510418,0.7300200420527727,0.07066170124659843,0.4669254350870991,0.10827057877546564,0.02103354654552181,0.19898199704298336
-1.1998199939248007,-3.3577628459883146,-0.6418699320232201,0.6694079965553537,-2.033739055802862,-0.8441957257952536,-0.6838968112963666,-1.0633822091330534
-1.5025985938429827,-2.4802992342744785,-0.6672310106557551,0.7289990155035666,-1.3734758093703694,-1.3795189765126659,-0.9662738238811024,-1.56580921879525
1.8180062421557217,-3.3858869375246177,-0.747226974494685,0.38690526568712524,-1.2571806284947216,0.5170142052358555,0.8116028112883775,-1.4749521377355816
-2.1799148351563455,-0.4938989339414339,0.04389682191053956,-0.053934443202258264,-0.774345528772356,-2.214820198171938,-0.8901239471301892,0.7372565149702418
-2.3429511577224456,-4.634953318392182,-0.3503733899047333,1.0932517620256763,-2.1610630227281584,-1.3899483268579975,-0.9792725618957389,-1.1473958990940445
2.823968231523533,-1.7417558076334996,-0.13392068753491004,0.00013720649248805117,-0.489324886916355,1.0229221067939451,1.1865761381102704,-0.5380335255702602
2.2488202760375904,-2.4527965518843806,0.28282837488528156,-0.14805044025563474,-0.7197674401169506,1.2712518815569451,1.3064258656739693,0.028239669742025963
-2.58982586864898,1.982487138425823,0.15407743699404874,-0.24959803588452822,0.20693584244637114,-1.1014023592876188,-0.4037803782074938,0.9724642677351729
-0.9551143335787534,-2.6775836405009743,0.04529828664461122,0.40036996445531514,-1.5658689145818294,-2.1589793913130264,-0.18833458587705454,-0.4646208625801659
-0.7021868491163964,4.938348154075295,0.3987476397425094,-0.6512702093203886,1.4737337043630423,-0.12171439082548496,-0.5539002907800068,0.27695592162896965
-5.20088274998221,-15.11239515418648,-0.9655631765545252,3.2935240390493012,-6.165240911310596,-3.5763884283020766,-0.4685358472139576,-1.7664367183398062
-0.6676028003952877,-1.182368850922702,0.5049398538863012,0.6095937255875381,-1.114123354786678,0.4776305086130136,-0.7229760367171469,0.03963989774189525
-7.368163174772763,2.355306957267344,0.30041127662335687,-0.820964690460927,0.5521380377785647,-2.048315922765451,-0.7546694861211869,3.8695675173052346
-0.4777398123504848,1.974640953408604,-0.561336856875529,0.2695986888971489,0.8512704130265921,0.26862355902845314,-0.5858352214317036,-1.0213421667509408
-3.6330123218220365,-4.071804742074587,-0.7602726432703646,0.31910489663989305,-1.4746503072543256,0.30913091621888555,0.7929382045824283,1.748744684370116
7.004865870824436,2.027469728349326,-0.28938558434027717,-0.8687860428653555,2.635987348057379,3.0211447358330488,2.2052336348784247,-0.7955712787862619
2.614768496136943,-0.3627114683559979,1.0256957461386347,-0.43917782889660495,-0.07300016724314673,0.42320952311652865,0.6126779395671509,0.2830702800718984
2.9294388477961855,1.4730957182393842,-0.6740719364377208,-0.657512903546786,0.24864214719284872,-0.1922542726721132,0.22858588104728894,-1.711485614104158
1.2840270605631776,3.474538668690298,0.43328923805199726,-0.7986578681373491,1.2448298052307636,-0.8940274646527445,-0.3479345564841314,-0.4418060300771277
-1.9372744535403896,2.6652860228438304,1.969057888654966,-0.7049075805297218,0.9607335230550215,-0.3529928202865753,-0.6617521179130761,2.374973705129876
0.13558923355539143,1.547960295821836,-0.6011753293054988,0.36942757804231174,1.5503873466943463,1.4773601156146559,0.004096583917493568,-0.9330494920688093
-1.0048158201656685,2.5696814314094283,3.3027721607298437,-0.29569479560715217,0.16481963825959506,-1.654175665188834,-0.932520807094808,3.2106020176726
8.999876742128237,-3.020071029851261,-0.9396040172744116,-0.6512754688912918,0.3141694892646718,2.298975390381379,2.8618608022775693,-0.9126018250213948
1.9013523578334048,2.1947545362716903,-0.9628150243725607,-0.769388528335831,1.162316262402746,1.5440780174707995,0.23418045468145143,-0.5643860181725799
-0.911485173322089,-3.8039082771984942,0.8573087241059774,0.8028042666626898,-1.5327373595308418,1.419935129688202,1.1045593252299302,0.8217838432452363
0.11113797691729688,2.217757313131766,-0.35461184465009254,-0.3834331675754469,0.43531948349552874,-0.5170568499819428,-0.9869234333482039,-0.8941307640713527
-0.27690135015160866,7.239551124496458,-0.39395389865465413,0.20846928853851865,2.0603029893874445,1.3989285942956502,-0.8947032467194664,-1.076421045228722
2.3627653388953402,0.2549268458429279,0.9591772914840946,-0.4442910006177122,0.0338093258342943,-0.01605511723613895,0.423683137485114,0.38152628764259544
-0.3397604599553672,4.685948574107403,1.4749997066580396,-0.7013266541886105,0.7144391659244552,-0.871135725396145,-0.9726497994290291,1.4261155077297136
-1.6341320675409163,-0.46396381058423886,-0.17572159747104643,0.401125914782134,0.07094089849494789,0.004552006540126247,-0.23269130742559518,-0.3024848921268759
1.2658643340690188,3.1569948604200118,1.1065553890164446,-0.2767731058719307,0.5186201611568824,-0.44997944714313837,-0.7455213292022074,0.9596716391990796
-1.4794254581345117,-1.2618785068601142,0.010469847242259966,0.034131714885777376,-0.8269924192846313,-2.214267523725341,-0.6249508740982199,-0.2795603864264185
-5.704783286728769,-3.9893725986112973,-0.4985370370029868,0.8915208337401972,-1.0782047008616078,0.927547150278212,0.2479591970490458,1.8273286449148194
-6.754613177691872,-6.625086434044968,-0.7567074833581047,1.5749017653721324,-3.430962469183883,-2.903925200847585,-0.7270551158934054,0.7327306834904395
-0.44188986298380845,-0.9718567059233987,0.3767652459932085,0.27471795756687545,-0.3689363313532082,-1.1220901400715744,-0.6220118781069428,-0.06427618700177157
-0.8036107496548874,1.2738467666815216,1.1408836436965824,-0.02375117593161591,0.979134673646403,2.9261028221030148,-0.03743810061325148,0.6623600164323109
-16.094711430948397,-0.34522320187165434,1.6698869648623615,0.5913442558710482,-0.5470130558476497,-0.7070173432086315,-0.825054120141438,8.745199771399877
4.520121018296702,2.76748789121473,-0.6979893526187321,-0.6762611682302768,0.13614941208728681,-1.255486063458299,0.21978849773416909,-1.7231938420329111
1.6406688294621405,0.09402004093757554,0.02579968366381813,-0.6112342340429735,0.7259582656724792,-0.1650737172654153,0.8848519430233266,0.15860524880289473
1.0958694766368018,-3.8158413150403083,-0.4866965692703016,0.31040896304023,-1.3482504232149721,-0.5260284542844242,1.391903871761511,0.10042505642963817
1.0851559260722432,1.6151321219572532,0.7119284197812581,-0.6137645479129056,0.4079956052949949,-1.370276202584054,-0.24742726459702613,-0.12285434058473366
-0.6853311829446389,7.933608692392376,-0.7792855360685478,-0.61970152807964,1.4079483639498598,-0.37841303513204816,-0.7483025550811158,0.957844906534612
-1.8653909389211858,-3.6778140217301662,-0.9410535151396315,1.1264915195159064,-2.6783027912394366,-2.330726680351295,-0.8170232122843145,-1.5489992162701451
-2.975778931219211,1.0426146855794485,-0.6390859027097204,0.6918516656690556,0.4977589152880757,-0.00851235848192522,-0.8200137704930865,-0.7100931816350698
1.651051397320727,2.814488050280218,-0.9293396357174238,-0.6014835131764273,0.025230367500695183,-2.032261005815316,-0.965680642662693,-1.9519693938559328
-1.9394428471230936,-1.2226041240046235,-0.5288963008774861,-0.3939938776526699,-0.1570531130700471,1.4728296870227866,0.34835095992938436,1.454619219288281
-3.039276845000159,-3.2416874648595497,-0.5121199918220498,0.7434232745268083,-2.182472800019809,-1.485755599751637,-0.33063566298345526,0.06707090403587856
6.393641815931439,0.9090335036090642,-0.8866108078211847,-0.9013536616811838,1.1773869082625796,0.8659506471920531,1.1885315768726477,-1.087972451443918
-2.4739834259627953,-0.6347028710973515,2.0872302768364226,0.27588552899713403,-1.1726157613907282,-2.311131407115275,-0.8724326582597113,1.872994763469189
5.144905999361546,-0.11254381890612031,-0.6978196668967326,-0.8123654773685974,1.0505671147614515,1.1600216008408324,2.045066204915077,-0.7631239338901397
-3.674510891200355,-2.049104781246342,0.19676782666685533,0.9536150632762823,-0.49808290215309303,-0.6068539507288429,-0.4251041454210077,0.46628034442570254
-5.350156429201219,4.4484993737219956,-0.7992794272703974,-0.359044006560462,0.5720147383063905,-0.6567879152190518,-0.8828102914566511,1.6507268598890723
1.0611320618087807,2.203269316591922,-0.4912330438165323,-0.8244970905707494,0.41567715714633147,-2.380958844373804,-0.9812768827071261,-1.4639877035081807
3.4649644242760957,3.125576186806586,-0.9097562863155434,-0.9995157720225188,0.664184060614241,-1.3041214469270832,-0.7791754686132106,-1.4899280145595641
5.046727660962209,2.3539062124662458,-0.8821580290372883,-0.9675279665905372,1.6920662876771195,2.259436323791734,0.8974854308085936,-1.8118123711837186
1.1517151192282178,1.3600204833539993,-0.9888487641889108,-0.6030928543773144,0.1048118686643088,-1.9113731557313582,-0.7795612445110838,-1.8717074234752595
-4.125653269156737,-3.0784331638404185,0.6153670617131966,0.5375537245797151,-1.15574230327482,5.0462188872401095,0.22772809881476208,2.5147490060344
1.4963080784001888,7.759767470301281,-0.6447452640617235,-0.9638459352158227,3.006800757178447,0.3465445843449979,-0.9190312097047584,-1.6718659034953829
-0.22938999901676305,-1.3065191884328642,-0.3073674817320715,0.3374225924087062,-0.7447488217589148,-1.2271439265783626,-0.4169094833908741,0.2165099029358909
-7.020579672064972,-4.474842922072908,-0.13105351027141554,1.2374260535125998,-1.746930850649028,3.29520011782219,-0.018809583414808317,2.1145248259210514
4.51012482404786,-0.23513156684025627,-0.8201869700812073,-0.5710433675155074,0.4306943637233923,-0.0772535820134761,0.7487270365325187,-1.9647586016057663
-1.7715098710062884,-0.15110590962053969,1.9331469691445498,0.3373591525702946,-1.061734035317712,-1.0203448555462928,0.07701228435577256,1.6000431752292017
1.4926978897323033,2.8524385016849267,-0.4533556395676055,-0.9835949968982415,0.6674410648662809,-0.9148495137829464,-0.9537851749618382,-1.1258654250661757
4.116037605534909,3.1664034120713342,-0.9246247706088384,-0.8701024031851297,0.6043376667605986,0.7776795177519994,0.505381149876917,-1.9904705129293387
2.680319066942459,1.8081387417836199,-0.8919560687001258,-0.7142267238397066,0.23118377797348977,-1.2641247376991531,-0.9945746339039778,-1.9992672858973293
0.6740158294143312,1.3564813522099155,-0.5036666950353752,-0.4458211815074241,0.11874241574964883,-1.3556117948289788,-0.8015301681502548,-1.3357883039431635
4.706339851395457,-3.1086379957018098,-0.8730088581136621,0.2382057996534177,-0.28638325072146137,0.5201190560358009,1.4025311667775995,-1.8568414700683133
-0.7412846575198109,-5.7336995087767555,-0.6736734559231112,0.7395246601626833,-2.0900608801215066,-1.8137872360653597,0.2503972331135145,-0.6959301235024218
1.0953833528453205,2.956277315207236,-0.25666522783001877,-0.5243063378262462,1.6680294005844605,0.19505560098856173,0.17047998519147667,-0.20072354806461912
1.951116109830608,0.6923159200847617,-0.9585028940916926,-0.28053035560186934,0.2052261830990068,-0.5020801142059885,-0.3031387217294441,-0.9917048105309314
-8.179659551172797,-12.831225597841799,-0.6411052454779826,3.015175445550363,-5.0984006421511054,-0.741266883867281,0.21208701807720098,0.9740718533084762
-0.9888482713359176,2.7182387417523173,0.5698881582450421,-0.20727919017227736,1.0439164383850843,-0.11015582388572687,-0.7995460969749495,-0.22790754626503218
3.026626794879049,1.3667692654225037,-0.9254782902192823,-0.4674571908892665,0.45428366532908837,-1.2194408591548251,-0.22968828706094357,-1.4478135416211666
0.8497554834788894,-2.9971973598153543,-0.029642025918079407,0.7239779608220058,-1.289146488368797,-1.6976088859200171,-0.5559825968949972,-0.44271181834653
-9.788130536253307,-14.72101325844159,-0.9495301540466013,4.4600390117700766,-7.639941119499445,-3.377031128185555,-0.6052147022273324,0.7121803448074251
1.6774453311707398,-0.5370234560207716,1.6781087785170379,-0.46040240016438105,-0.16763242753187635,-1.5163361672828715,0.0669941856934615,1.2498621592122077
-1.8184862539184752,-1.1727584479970121,-0.7458041168178617,0.10354493502823736,-0.9661024072332194,-1.9575565379043716,-0.7106548693229071,-0.5346053496550857
2.3200072638339995,-5.058236740649642,-0.7549178940086906,1.4616800669537149,-1.8465630094154553,0.03576786066770002,-0.04151770195429083,-1.710722616988384
1.5378806025670044,6.745033063775977,0.0901070261283965,-0.5528368090133637,3.364156319234495,3.251233839882749,-0.4762787598594391,-0.8044643188591671
5.413961704781876,-6.28404465303163,1.2593669015328781,-0.4113017856916872,-0.1410382815643615,4.42621805458639,3.941700683953454,1.464526530999804
-4.204811555427834,1.0082924078181605,2.1877369293648106,-0.22177396383924008,-0.10853433803520118,0.21143494894804438,-0.7330636948969812,2.5652418333144995
-6.413122574396623,0.32506216711430747,0.38172619228179827,-0.1430076530922323,-0.46210841961803006,-2.3757621648152636,-0.9268428900116159,2.629066680178582
2.5284449590794784,-4.051150581437996,0.7276116298428026,0.33810122503907736,-0.5201171709250647,2.871392282404746,1.2160187323475817,-0.014418714054247217
6.635318135560798,-4.781289793691807,0.0968462576879332,0.20062559070984443,-0.5455607303609953,2.0467677570681797,2.4145773094009724,-0.45039014555203855
-1.0960146350674105,-0.6398136893392306,-0.8074634198210929,-0.45412163287375396,-0.20536858818605708,1.8161988785136995,0.12478912752854687,0.4183321417282019
-4.089694168562564,-0.6241920531811749,0.16565261002562726,1.5680739395712688,-0.162671367501233,-0.13759728839361762,-0.9536401740693591,0.057210471592917006
-1.1953505000754203,5.001262294997192,-0.8331197059872036,-0.43093674944117233,2.29197085678893,-0.032766529496690455,-0.9816686151387977,-0.5703834133514929
0.32809165278395436,4.361327237171384,-0.010837298031563303,-0.7309311185849142,1.4776013590358081,3.0457441938879435,-0.8918230958251252,-0.9033343636350049
3.2203084906196002,-2.553524818826216,-0.23274212358761648,-0.022855622398916475,-0.18598332504426415,0.8882097207945251,1.1171578050449957,-1.2591280106424934
3.481833810342271,-9.170872666463792,-0.6424356287039994,0.8349676492538445,-2.0466441391757115,1.7388543123581375,2.523095523693106,-1.117929783145874
1.1101357817476007,4.38229214054398,-0.289855735737646,-0.6872716242976729,0.6462001725774057,-0.26144222353925173,-0.8464757106163763,-0.98608623144341
-2.2847822012343877,0.20648969634160597,-0.09774576282658276,-0.10510192802939045,-0.4249736953157357,-2.1761065630377683,-0.8251081291137972,-0.02802137454834097
-1.076042840425649,2.2306798797986884,-0.7682831435161138,-0.6005281837050642,0.5076405173799866,-1.649073445773242,-0.782696176048741,-0.2988881728045262
3.5278263055764243,1.6592396506061788,-0.5819171837849555,-0.9670664104762978,0.678926474326273,-0.5715158315574386,0.9461583201577239,0.7836514297530881
-1.7850089947084746,4.189977371505905,-0.5772718356768634,-0.7218582356278067,2.071752484625031,4.406129924764987,-0.02046127575813561,0.8697523849333055
-0.5190114191334181,-0.7898261466618696,-0.8875753438345855,0.17092231783912193,-0.4265503058052886,-0.7342114562384122,-0.07154146988052446,-0.8653068841108082
-0.6873939247386307,-1.400058201996581,-0.7103544353332145,0.40533142109168563,-1.098160766074996,-2.47223491197003,-0.9904334873303784,-1.7637832424723126
1.6680265115875281,3.5551984003405153,0.026061673418290576,-0.7351802045772551,1.4277849461711047,-0.8204299791899663,-0.3901166887367912,-0.5883456199604361
-0.28587180506545873,0.9840057994149398,0.19509534508583082,-0.004883726826266921,0.23183009067690233,-0.8109881040617621,-0.3292212233475451,0.022167675147672705
-4.032411209042787,0.20824357188398301,-0.4260708822907756,-0.43905895837109565,-0.24243833635902434,-2.1763029027569587,-0.7288487278385314,1.2902866429514903
0.16000945914649423,-0.17526813692814236,-0.400060382334269,-0.07149957270377949,-0.7100753599111884,-0.4006624463594036,-0.9539377190605207,-1.4661718842871876
0.8701138277686962,5.522918053700818,-0.6021408202577393,-0.9610562685784589,1.2529260689668016,-0.7645648963614656,0.05904042087952388,-0.14724880395049966
1.706236273950671,3.8401725755955027,0.1666191088663176,-0.8426911687073017,2.087488733161589,1.079417568278203,0.026447423687463445,-0.4862109282939635
1.6314185451585643,6.2824248643319756,-0.5937573879174132,-0.7829973534638706,2.064912684969782,-0.050822249072129844,-0.6380218800431228,-1.558843311482025
5.401124616810103,-0.17482132613226953,-0.041831668580100234,-0.6578649674609244,0.46208562187710767,-0.5172472790913569,0.7762250239593484,-0.9270259130663786
2.275755402642204,2.802662812451786,-0.35988847772924715,-0.4522476781580057,1.1491206236110356,0.4466416276610029,0.6413230866695003,-0.9078480880825458
-1.3912688311282388,-1.1877797162996726,-0.39971894495012816,-0.4300730254670788,-0.26509953682628806,0.6642587627059187,0.3158851676605883,0.9801084276076788
-3.33773961946154,2.186137560483132,1.87325589005893,-0.44222766636287447,0.9206758535262287,-0.7484977246366915,-0.36583309172380385,2.470877871478912
5.03804543257169,-2.6547950381793486,1.1448537035035429,-0.860355035318037,1.0216353305260137,3.1940351156386244,3.8345310891960924,2.2344326835495876
-4.146491646286497,-5.142286771870607,-0.046051948504199025,1.8901685073336427,-3.817726615363555,-0.9797458702270297,-0.7047750878508807,-0.11700636995200114
0.3022991383299596,1.8473247813229623,0.1929052278988188,-0.5806799086942911,0.7454089648756941,-0.7104575089069901,-0.3524193509037915,-0.07478573125433705
-5.414993223662526,-0.25874811893343264,-0.8520298817165384,-0.19697923190702538,0.2290558303468545,4.626572096828239,0.9538122480344104,3.296771352989565
-1.7322083792992828,-2.1141529635051572,-0.5364963747165215,0.9842426938329978,0.1679227287635825,1.8022078592954827,0.42958809044079094,0.1849180643511975
-2.4171229531419365,8.927888973834447,0.3026945329151136,-0.8631121601479514,3.8584537884896797,2.049175889350498,-0.30744528223315604,1.6485191888768966
2.71099205096113,0.07626635410587841,0.023011205354667386,-0.16294230482540029,-0.1684274719750249,0.2276615185320091,-0.07326909330173415,-0.9716152255603471
3.9247778729336975,1.5258486904808635,-0.7632847224610955,-0.5021924694152327,1.5683582584513096,1.1939008836086829,0.66949019955725,-1.8636590501654058
-4.962439455150889,-3.3791299547056015,2.1058434861566266,0.6784823790895362,-1.6182606092810192,-1.5096468920948745,-0.3796905462763779,2.49855267396266
-0.5351497214406264,1.7618263553596463,-0.9616204327641917,-0.3409397447470449,0.5282119700603094,-0.8812227523482371,-0.8762502298684198,0.17344352836046384
0.829147738704136,1.4580843250569437,0.11336378358132215,-0.5674900859009395,0.18380390555400694,-1.7628618165672076,-0.749863036586734,0.4173152691448815
3.4801565270728267,2.7969093420224427,-0.9035723764804382,-0.9866566660449706,0.7916099103620431,-0.8449125178739473,-0.20196433050802332,-2.0812378262480387
-5.349255519334497,-6.973883347036959,1.4572988384743968,1.7020264239767426,-3.055017791843863,-1.4416994985361251,-0.9469005672275711,2.1381491688181873
3.385974143976918,4.256060144164264,-0.9134208233205823,-0.8859236753189146,0.8608904881795886,0.2292147330049183,0.07439053972378007,-0.490003165539334
-8.817557595786612,-0.1555475960707411,0.5516598643002251,-0.02228865326781382,-0.6173526518559682,-2.4379255536446616,-0.9147879759151725,3.9934438514463095
3.8715206520183356,1.5839263468173281,-0.8189247399620845,-0.6289806408723286,0.10732686273556413,-1.606216122305805,-0.5818990041161113,-1.981336256835522
-0.8554058648957872,-11.380957400405089,3.540530969020728,2.2951839693903637,-4.6762534421871855,-2.600325783347984,0.03423744856371003,3.3621693095332206
-2.1285986930882954,4.306449015578618,-0.421913720533162,-0.8334724014521271,1.4797166382150593,-1.0207100768986153,-0.8068671363781195,0.41879826870535386
-3.1694826128832756,-7.1778895576432085,0.17428679788409407,1.7100553425892482,-2.7482234336460785,-1.3611266057246063,-0.2708127994167646,0.36296899653212766
2.578210829575852,-20.28891909387838,-0.02061079969608337,3.13610601341718,-5.577235343150779,2.7361652160919903,4.5858056198394905,-0.5364091724731611
1.7813111321786148,4.929425815402231,-0.33010751727871523,-0.6840354528722467,0.9908466168388173,-1.4228960549581045,-0.9311509423152265,-0.7129372011868127
0.511269474782642,2.4771932261073526,0.4420299110524233,-0.8883666183346369,0.5250563361441889,-1.2806048055429562,-0.017947599811522053,0.32833974429519164
-1.6601493017208355,0.019357468719697513,-0.25998725454789473,0.06294531872220621,0.5751105032475847,1.3387121290395574,0.07894453181852046,1.1857450992888876
-3.1561109836926846,3.735335894270533,1.7406027077736583,-0.6941475883236369,1.0012224721161207,-0.48428419880125567,0.10120259969659817,3.0640300933465507
5.589693010699312,0.207324097455317,-0.9389540863306939,-0.6079396196994666,1.145170598472467,1.6520183579556795,1.9884929938940057,-1.4492601824772608
-5.149624204698527,-2.1155395352245137,4.358865474175313,0.3528011801590949,-1.4060241002108462,-1.3859264023467823,0.2640103196641743,4.850958245427412
2.667359241521751,-8.478130987471289,-0.17215944915794335,1.119151375918324,-1.8137604202592497,0.8811246821867806,2.3215153194439733,-0.7083288594564056
1.7471129802341578,2.0558982415087814,-0.7051607209846962,-0.07004540114873825,0.1802826148859185,0.32974803491227644,-0.29881995616860435,-0.9737114955540178
-2.622369286471754,-4.1382429466684165,-0.4134373941328593,0.6426437468502111,-1.6730100882810692,2.233887782999246,-0.2706075174898884,0.0797598924807994
4.837251743695066,4.806748557521301,0.24304986951937235,-0.8778505522513673,3.90547393832591,4.3630538933270815,2.660922949694985,0.6632931076309674
-5.811036226781308,-7.664335787088535,-0.003183118427407927,1.5039959510039234,-3.100924232351697,-1.9233285335986126,-0.05496036931036885,1.22261325086569
-1.1878209610050612,5.654118480676339,1.087506708616695,-0.862278343041185,2.630658214652856,0.30393271117998466,-0.6617076325183244,1.2349768954991136
0.028143375817716088,5.879928629065394,1.2757382077866208,-0.8805808140909841,2.140169736692232,0.6957626246507631,0.4801310437818078,1.604882403415633
1.3531929490103054,6.477595927733915,-0.0544532426966271,-0.694655596346166,2.4749598289223345,1.3407198047994653,0.021804221043404848,-0.4328903633884131
-1.5906734656234311,-0.895906434197818,0.5743159402737685,-0.2505232823299979,-0.006452196129047183,1.2545661316740784,0.3112580097753439,1.8824180559875612
-5.408624341080126,1.5029520417766797,-0.3278242886177408,-0.817530012268884,0.5715814592618247,-1.392371008629591,-0.057794463208825864,3.201626717544718
0.20661035084584523,-8.86110316533338,-0.8849835902080011,1.577041600505125,-3.438538105847944,0.3128612961428051,0.8884657694850355,-1.5551354642214514
0.5208053057706821,4.894818851257082,-0.45611343842318053,-0.7477246057349558,1.5927832159002637,-0.39793498276246997,-0.5061039172369104,-0.2993315278055726
-1.7666367524783988,-3.7948293516696454,-0.7059863207221115,1.1454035443740946,-2.158532285272155,-0.27558158599608185,-0.8049499921988654,-1.6194517284864556
-4.68480130387949,-6.848995823123009,0.9718681936931481,1.4966330564243666,-2.890744072883892,-2.3020059722981783,-0.745049244336019,1.0769231465949003
0.5637868362537154,-0.18361208897669484,-0.7710965565674037,-0.4313031714767196,0.2530461200812265,-0.6999292986205309,0.28638176847667207,-0.4951524421917365
-2.210929132505463,-7.784155922672032,0.27409744817446735,1.247088306862382,-3.0309801554301106,-2.4539623219628504,0.007080375973279596,-0.3134883489651571
1.0097447882973398,-7.083376664032093,1.272813355555614,0.6647965273815781,-1.6837248994290899,0.11187590904977918,2.1126360388921674,1.1730451694946726
-2.9145426504244374,4.052170630805026,-0.8661396339246619,-0.47791665758630997,2.3350273306640106,1.788176182123835,-0.23119731435028423,1.290249754316985
-1.2437657341884627,-2.800918327491292,-0.05064306433709187,0.6774052152784968,-1.1523495663576302,0.38153945395072697,-0.6733164767556198,-1.0570955719141037
5.551804004580796,-6.807117906913659,1.6084305894431035,0.15248604849725234,-1.015079575880467,1.9121542518151984,3.3328167901513552,3.184535758798675
0.005180010327639373,0.9605611554716913,-0.484008036270394,-0.6685573379220426,1.8585024371539705,2.4299163481811017,1.6260649435716417,2.005344997507492
-3.5476713620102966,-11.976496924519271,-0.5078393079060366,2.7172335146002213,-4.405732428473572,-1.4051166460000504,0.7496128702777214,-0.48849415484428227
6.645496920109542,0.9123611108900436,-0.3359573026749356,-0.02909769994372058,2.1010609896876824,3.868400031110518,1.348051959387126,-0.32881476421969
-1.0922940153780125,-2.754046731387706,-0.794055066999116,0.8671649822194689,-2.1145198162074688,-1.8098043552986145,-0.4613385501900137,-1.4069196734577303
-2.540155493079229,0.748121146564097,-0.8199151439658806,-0.43587641110106545,-0.03243706246076061,0.514048002187769,-0.6937615941755522,0.15377815482831214
-4.1056185101604505,1.9219152020993162,2.1070514898235255,0.06983654274355544,1.0782996947025998,0.5497920818086675,-0.5843425896272303,2.62649349995442
2.282085412060904,-0.6465076883875527,1.4009799413128685,-0.7160159746097604,0.706206876778343,0.6571211380949997,1.274195370709704,1.571665960843747
2.4095634759553137,1.2288258361003312,-0.4111527301790192,-0.6333213195862546,0.46350099595625893,-0.7698215088633296,0.5431846072478836,-0.8035941431035929
-2.7399547643712876,-0.5693290462968841,-0.6765099918676898,0.43412758601081647,-0.5501600845432476,0.04219459112384649,-0.9357550203463623,-0.6697651507277421
1.859332841749003,-2.147100507646232,0.3441593253349646,1.03397510207137,-2.2758212456803153,-0.7910154991640345,0.18866133020178144,-0.5835400655069509
-9.733016025003272,-14.279107745820395,3.347894572488503,3.0999329238923634,-5.911989201504652,-2.743772133597713,-0.646033654254451,3.4311177915189983
4.068456842025577,-0.7813937024726192,1.1672921954094613,-0.3004443007578218,0.7600784964217295,3.8398027451764922,2.4091339557026905,1.1955287992798453
4.431739693390225,2.1058798826170473,-0.5139165660238538,-0.9703638708745292,1.4327800444019505,0.019194455340866723,0.6013303836574306,-0.7477464263365315
2.5718300259149514,1.7094210827698202,-0.33775752011421634,-0.81660272168708,0.5092663651927681,0.4240916113067248,0.14850452185084073,-0.7744377706634922
-1.495809672899831,3.417910703342315,0.09551433623297423,-0.8088916326354676,1.5575877268374816,-0.5150508007990655,-0.1941877808719108,1.3463244762689281
-5.712438691481755,-10.466488110650452,-0.2491772613183343,2.3377474025416705,-4.716669131468072,-3.537852525308255,-0.7825376274491085,-0.1274896489517255
4.312484001654007,-0.28717197866660016,-0.6759313265290151,-0.6264105987346199,0.0847814763791307,0.9555116711959896,0.2706348911685894,-0.8628255722906532
-3.401289054389002,2.8858033356585646,-0.6788476920084121,-0.6105322667660731,0.995642264093412,1.7522546438664162,-0.2069082339147219,1.5682726801293074
-2.95089007516593,-10.193370335409718,0.0830987079056138,1.7109322608120254,-3.5949059145827507,-1.5460825254121027,0.8696122219092242,1.1481459751579361
-6.2832020400979225,0.44902386553920803,2.493006427577018,-0.2085152005131109,0.20778215711118114,-1.2780532036985486,-0.5733692487456661,4.42207066775359
-0.3105884234975319,10.865374346310755,-0.8083258030078936,-0.5685209220539875,6.292430618285755,4.999883143740951,0.1438730570412332,-0.08010481752037424
-0.32704315825527397,7.829538376196216,0.18921374788659184,-0.9684539005395277,3.613412479063188,2.515701267767782,-0.888013776436591,0.48001633520032033
-1.8188204568406832,2.745920610139599,1.6246818286521365,-0.901348307520493,0.7654562004690888,-0.20997356003662415,-0.7575288739970966,2.5060790309081433
1.5469443391858053,3.8560680837438968,-0.9872621258912764,-0.7547023515539926,0.608805469720505,-1.6240415412773377,-0.7668892899203078,-1.728788581955938
2.292025034909191,3.566864762167381,-0.45133387544071446,-0.7319129599573765,1.3993452638388983,0.4827696336016798,-0.5450048237730478,-1.356081696353952
1.159060319398241,-1.3271368855655288,0.3479371743570021,-0.3930738750029851,-0.342664918900208,-0.7247922770862931,1.0986826277634094,0.7599716342407283
-1.3028479389837844,1.105508427624276,1.2734131139368738,-0.09426098214769008,0.02442571020003373,-1.1391007361059153,-0.3455449166950507,0.6387043574935465
-1.8794402913816222,1.1403612777357133,1.8173949217444032,-0.7196334951669099,0.5021672151204655,-0.8262805764753477,-0.22055435005209134,2.237296236875147
0.6442407683822888,3.598731790906854,-0.6659909170824836,-0.13284260293936512,0.21201034324476511,-1.1572198134299712,-0.913196839023978,-1.7448475419936775
7.095527232396965,2.098005104367512,-0.9294122493057122,-0.43931246788959866,0.8662265757478513,-0.47029849778232574,-0.3733115076075568,-1.0436516092424308
0.42963803284506996,-2.1030011172167296,-0.6586223614949474,0.7795712993283574,-1.2071425060639585,-1.411167952417821,-0.312738495259383,-1.6290009306535225
-0.39424715546669975,-0.3923151860024885,-0.1910689132978003,-0.2336663095904714,-0.5634180554616338,-0.7030059712980106,-0.5702307342649808,-0.6555692738663605
2.3598436813526273,-0.981359252896803,-0.7352193729743783,-0.3000857005528659,-0.36828608924531164,-1.3682999703978371,0.10541200188411559,-1.5655845231912935
0.7757363955141681,4.834876501168875,-0.5705961961649446,-0.5168377204535877,1.9035823511023113,1.5627039014711646,-0.28910082163115713,-1.0217284939125122
0.6995287975781393,2.6938385194322185,0.41897030598602036,-0.33159747824596564,-0.2994992107980057,-1.0734619464395236,-0.814890532462948,0.01314461657858168
4.902430224223366,1.911555561471702,-0.9824271957076847,-0.6351286624413776,0.6913299652013792,-0.6187182487790855,-0.05773164352249194,-2.0603020777648124
2.021744794698534,3.8358373060298234,0.7765398326222452,-0.7122943295661786,2.0038491144188297,0.5748169155829442,-0.2757482138769374,0.0484293024339455
1.4160489966010585,-0.659036703547444,-0.9788558187501114,-0.1339613357487649,-0.7556496674805147,-1.806847077859627,-0.5707331973491591,-2.1193615324582136
-1.1081301963122676,1.829220750102051,-0.042451627820313975,-0.5937830225491575,0.1998423033394484,2.36007947284651,-0.9721427468750365,-0.31246619264000614
2.4368279011681286,3.1153089799111013,-0.9409472073164427,-0.612350512776187,1.0966788720612357,-0.5013346682940062,-0.45036844864385084,-2.0474276477472606
1.9840354609421738,-13.302025759769986,-0.6799500155093579,2.1928053811252717,-4.506638791021791,0.893088585116915,1.4952308381981574,-1.407567224214382
3.8114402823765143,-2.9659381078690705,-0.4158913233086523,0.1581747837498657,-0.4573303941612708,1.1061782592220313,0.8634315890416733,-1.11641139509956
-0.5622468557343334,2.647444422025088,1.1752954065027827,-0.4922475165048682,1.6058505048627953,0.9844659763237584,-0.11169066034063391,0.8572661188370042
-0.284473076369987,-0.5248809497602551,-0.7841774065740885,0.10856386219591374,-0.29396353315151713,-1.8469095550299337,-0.7830314597691039,-1.1240931039537618
-2.9479373322376112,-2.1929133712662967,2.885914126977382,0.7994777992504072,-0.36447601367184745,0.5801801464606362,0.5179780442096213,2.7453634433572844
-4.175032749441534,-15.113605567679969,1.178188095256309,2.9578207709093847,-5.54713876978531,0.19320966579759324,0.7415289887678111,0.9035488439890901
-6.89009409786941,4.17662346758979,-0.9207877897900867,-0.16472014041260574,0.5454484661018895,-0.16809068332084764,-0.9511325667799364,2.6222030752678203
3.2398155913710167,5.381895798450658,-0.9910655476354272,-0.9420021306333423,2.4498374547173745,3.9381013997225613,1.645602201456699,-0.35123823275478516
1.2937275613919343,-2.2492727470830562,-0.8302163285476607,-0.2834018302054079,-0.2088234197197909,0.6302578580482852,1.7998905442518764,0.5654526953896492
0.3261082850930431,6.289590983215879,-0.02535816528487722,-0.9140078236990997,2.397408606024592,-0.40993645167659176,-0.7447601546866982,-0.4788630117995062
-10.122203303240205,-11.611255779698592,5.169099648358276,2.4180908393033205,-4.912461153514034,-1.5781908611566857,-0.5507265380372776,5.510496547305583
0.24053159134945323,4.175593217936662,-0.6448049156988138,-0.8437238181665166,1.2547832473495926,-0.922335620788594,-0.9279377102570419,-1.0586875284302721
2.601892616407353,1.3178431536103545,0.3976491114212799,-0.9286065722074214,0.7098340326989019,-0.4714795997989565,0.6546432208650386,-0.05993154556459973
-3.9606972528166917,-3.6060232389007236,-0.9161195131305104,1.3113207154339515,-1.9568229080415045,-1.0036546957675925,-0.25123424111530857,-0.10109225336609917
-2.077412856531743,1.0172655966157735,0.5614091549916829,-0.42311389085283346,0.47855964975655263,-0.3696585657980216,0.2652158681296659,1.8782523744509634
0.1505709588459445,0.5377585020343371,0.9881509920217018,-0.2786381562576373,0.5823758740960002,-0.43847865879248327,0.08905850057239428,1.1583457376674833
-0.4511215845047851,1.8926199649358337,1.2170042705632471,-0.414799810664193,1.3771121115865643,0.7955449217744692,0.3865895344197037,1.145835996003312
-2.879604247670332,-4.686119101176784,1.2507969537271508,1.6537423237980091,-3.056003895202183,-2.197702362283051,-0.37006139748533984,1.047240955299058
-1.6943065451752461,-0.5113997945297059,0.6454937288749296,-0.12750224194489268,-0.5263760044272869,0.6803821352205516,-0.702953316802923,0.5874243735788224
2.4106482905242967,4.083274636600682,-0.9152074197593428,-0.3571016075481471,1.5274518475050858,-0.1474604801616886,-0.4055342605786785,-1.9316106362880816
-3.07732084788125,7.1319716671230635,-0.1759115063008896,-0.886695962319623,3.2316153569214716,1.232230347313264,-0.8242546504403049,1.183374882553975
4.040747660810956,-11.778322609784833,-0.5636618689483308,1.928480622854924,-2.2365398001611094,3.9633849848314706,3.228623694811964,-1.3136169693533806
1.79061392034934,3.4976094005267573,-0.5315314799947403,-0.7370516065855539,0.3691361058977829,-0.49965851126110894,-0.4421142433648596,-1.2960130172548268
-10.815005111703897,-5.829902490693586,1.2336141900347166,1.7636802148673465,-2.3553622923611224,-1.361177537772699,-0.6703752138124028,3.899831698533365
-3.5718455795367037,4.468248459815166,1.1551119823834641,-0.9506261578278653,1.6052965788567926,0.2502246145620274,-0.5496796916941553,2.9906585927318483
-4.386405982309391,-5.009942777002294,0.1693945147257352,1.0425372972785731,-2.1762723771774737,-1.8785504108713318,-0.5217971847095623,0.5602318678510876
1.675382464052448,0.19599616821444876,-0.7484359801164664,-0.4387006561864423,-0.1461084417769254,-1.516289121234886,-0.29258981683945406,-1.6846278017127874
-3.729847777940032,-13.635830808871358,0.1024401256108245,3.3339646733384285,-5.3413510517053275,-2.247198308451024,-0.2888622933255881,0.15196708048447316
-1.9448190826557838,-2.9447708558116914,-0.7125693653821557,0.7759969423218605,-1.207074983177945,-1.7024052997208838,-0.6424760704822279,-0.8328514588444057
2.5461419247694392,1.9821125350214295,0.4845406199210269,-0.8707185087389926,0.7157913002356153,-0.8181669194503289,-0.2777594103428933,-0.2333979298965626
8.429532780795157,-1.117681736479811,-0.8065416095577461,-0.864229831893459,0.9201082361501725,2.7120286704222307,3.0868730813449092,-1.8310470292547785
0.2561053021841274,1.7272467554479742,0.1837638081149926,-0.6064512157795483,0.18265617549287538,-1.7301265533386887,-0.8695261398321247,-0.5829572953007072
-5.6339931337867935,-6.842532778526895,-0.5247299521101393,2.5024371074721676,-2.4942787727869176,-0.9876493269331282,-0.7864479034293365,-0.8003970693795808
6.500832566538612,-1.6705571555067942,-0.9055096518746597,-0.102346072165171,-0.1742383597180877,1.3797625810513905,2.5936334360198243,-1.9457971271832
2.8874505563120683,-1.6180304532508916,0.3800778102561704,-0.11629265902245534,0.1310048388562903,-0.31906446972860836,0.7250598746823715,-0.32482808171344163
4.244773583162041,-7.643097758489327,-0.8730591787910037,0.7820487685576241,-1.4529090436987717,1.7873094010669899,2.4001962959094656,-1.5500165914761022
1.2227233300443832,-0.6194223078510668,3.2730229453216095,0.23020702547191152,0.17126176352154676,2.5635406448930182,0.2460893143599241,3.6107194101503026
0.7515088860540053,-1.197142356625962,-0.34114039472222113,0.18930401522444207,-0.2615695243325696,1.1891084605260533,1.087987774165292,-0.2346392094749461
-1.4755366427380379,-3.226161737183882,-0.6448797442720542,0.9185185945174803,-2.226493414008802,-1.129662111856641,-0.9096298968303262,-1.5650216717755674
-1.094103989848591,-0.282153462577863,-0.8005573496950756,-0.15184258584402544,-0.12291712112095488,-0.04731287780028681,0.994054970442241,0.9003545248785102
-0.06911146348803143,-2.8761923733380974,-0.2705277150560552,0.3197792034464444,-1.1595315384091598,-0.9148681043228335,-0.16875620106272826,-0.9846945838552368
1.140198554591638,-0.4983371151266973,0.3911138715291349,-0.5029216369603857,0.4180434476131324,-0.07405206646497664,1.1705261721729303,0.7824290669324807
1.066065750882398,2.870372691149909,0.7761968954484659,-0.2464868051816982,0.5033724544452665,-0.03524557793674885,-0.05455028733870493,-0.03152183345272408
-1.6456918437476207,1.743039708121736,-0.12095936264373375,-0.028061516583484214,-0.2958546254673374,0.8133270544108491,-0.9917523053899405,-0.5088233649060054
-1.7995695221378618,2.5109901192133677,2.3876592036568045,-0.4979568562295781,0.7464897543797732,-0.942636291206854,-0.6150789770038937,2.2266644575876113
-4.798999348673439,-4.281082934510855,0.5516037460273442,0.7243759090523685,-2.0180178729610723,-2.330773641054744,-0.7682715086341149,1.2609093798042357
-3.0300041674617333,-7.005845385631436,-0.8215626137487326,1.3819787431602117,-2.6060596900998694,-0.9380881544902333,0.3826574251032293,0.27548824565860686
-1.9900592238886743,2.552063593074336,2.2361115954282424,-0.8161143299528281,1.5060926855216001,0.9777752187189014,0.1057950828257499,2.7882506506776203
-8.59880079149209,-1.9113363237434235,-0.5961554960971116,0.8390915818964173,-1.3701294152333983,-1.8218907962192596,-0.6338489692632663,3.839805512447425
0.17285253586818516,5.393057481897589,2.399980680394217,-0.9315520777634624,1.0599270527071591,-0.49558803553624314,-0.4594311646380488,2.01056995627828
0.7119486633265962,3.2918105474016173,-0.6897698237557245,-0.7644947495699166,0.5009748840350243,-0.3330003693985783,-0.7503326544942927,-0.8798907290137192
1.122577620392455,4.404545645096863,-0.4741485911948926,-0.1529231770753675,2.1694867277887506,0.7291760846335934,-0.7732391565268045,-1.0795432354966095
-3.3212256116918852,-3.104194294958071,0.14618313239641068,0.9315159434751119,-1.6174518396141764,-1.5586383264927919,-0.8910910659918537,0.03795337037603358
-3.558464557802751,-11.596887120327732,-0.9263166599148166,2.653951236768931,-4.725268526029267,-0.5125636786921554,-0.2519039286445516,-1.8681327869128435
-4.393046809363867,-1.2312994040741478,1.634023248677619,0.042787664956456695,-0.9005401345688607,-1.5515652071776491,-0.6830727009108607,2.4916330520681225
0.3127839990757014,6.112312814746249,-0.5513771380362511,-0.9408269763171356,1.8864134782197777,-0.49837956480186046,-0.38613582490472387,-0.23531804156904046
0.16112889008117026,-2.814305981910029,-0.7407149959957866,0.5261631353275844,-1.0118802074155342,-0.27350723202932103,-0.144497000678235,-1.4423126510682265
3.857365674661752,3.01366124035751,-0.939293007142818,-0.7682584798812612,0.535836639521751,-1.2223500552983337,-0.10773713307968502,-1.9166527779300853
0.6800889571257938,2.278450421799463,-0.9745275636231382,-0.7482840970162465,0.2543395215969153,-1.5286109048409926,-0.7596982829168264,-1.410783809842071
3.3298495368840024,3.3681233867114972,-0.970846974789742,-0.9054551096756522,1.2366336639826359,-0.42517071609851054,-0.6384528738377915,-1.2554216484760183
-0.09250942701224352,2.581151482671134,-0.6186874433831797,-0.3375105982545292,-0.24159950588265355,-2.0789702231724405,-0.9856953504237975,-0.8126812671427377
0.8552461611159456,1.9852053379406072,-0.634862909199488,-0.5966486160411968,0.4987489635018373,-1.3590232817913404,-0.46178813251200734,-0.8894830769828387
-0.27690514801059796,-5.552392093711872,0.02056302091396045,1.04507759655352,-1.576856130537216,1.5131691314607307,0.3899456060512452,-0.784667548609592
-2.233565325739211,1.6609022676313137,1.29001399294263,0.2645823918813279,-0.30639056707618667,-0.843276917485895,-0.9629058293510917,1.4618861531734253
2.241283814103935,0.07316432375722481,0.1725742721609822,-0.5610061222258749,0.010651208727416428,-0.1509881527340684,0.8194778212399119,-0.18097742272716213
4.281472194470809,-0.8512706410955354,0.09045918649158358,-0.637307800040888,0.46504201574775217,0.3105394248085096,1.27379824860305,1.3155660969910994
2.4161925544739393,3.0269111765859864,-0.4461600727308429,-0.28206147005865656,1.6505313873112717,2.3488038388114534,-0.16283194492367847,-1.5361625881304282
6.073717290302411,2.090071930259659,-0.03197887309150127,-0.7126059654138253,0.4808223011804681,0.26542690764489496,0.8236711823664093,-0.9132340083066751
1.2506939881803671,2.967492936870807,-0.19937519482898547,-0.9480596520801652,1.02331772520006,1.8556446162419948,-0.38114522583177246,-0.649979821017296
3.0072640390049257,2.3094162107688936,-0.9463084282870791,-0.5587926698133219,0.45014361375565937,-1.2749426941815276,-0.6705993278887694,-1.2483029504552507
1.7721229606830586,3.1587616630685993,-0.731280077798367,-0.7107573522044881,0.18323164681529847,-0.7862374419929207,-0.9366280215113438,-1.1457857618778255
-2.580854830825003,-0.014308733754887504,-0.7407347112631775,0.3075731739885892,-0.23651711843335066,-0.3174460338537839,-0.9491033173721379,-0.6589244876523164
4.405461424111177,-2.0899345489308083,-0.9231413036494989,0.05803029897745615,-1.0322049212103694,-0.4488391345889985,0.8342796484671695,-1.8252381117378582
5.956322707892682,-0.40243368880792785,-0.5425739522626187,-0.7418682856505285,0.5401647511503503,1.3358079669458,1.765160963720167,-1.1620010730448715
-1.1932194820981579,-5.396185924453703,-0.9406853183360396,0.9929758858485394,-2.411477147283027,0.18428811948316853,-0.20852997431791054,-1.5508439755109629
3.106769476966802,-1.6097199990265605,0.504303952560772,-0.17339127824646616,0.1280701851286689,0.29026351461837185,1.2314931553836619,0.7905564402444567
-7.532751432772741,-8.610349256722259,0.5397654257086688,2.0130602287585586,-3.91535207275385,-2.426517388391587,0.025569407877857664,2.156229837145859
0.28237192790586696,-2.2913548790904867,-0.8922652804943954,0.4879266381633769,-0.6111654798574121,0.18123577517469525,0.678347981183336,-0.9790318076502651
-0.5254829259034799,-5.000855866459309,-0.9138274741930589,1.3225531397360322,-1.729716067563793,-1.0338744446181336,-0.05506150838575685,-2.051380474149251
-6.457243708100168,-11.050463861145094,2.1297328865997933,2.1783603034687067,-4.46145069890426,-2.6768064640535827,-0.09735302832559567,2.1166157017612566
1.706186809250827,0.9308047521983308,-0.6862917615920685,-0.48409590972220984,0.008195782165136278,0.5301581948764985,-0.5736194221481747,-1.0245469784732804
1.5813569222837212,-0.5079265536654437,-0.295462845459981,0.1007933397181151,-0.25445368516016725,-0.6468164103342222,-0.0587230667819435,-1.237717391099692
1.9804295799197917,4.492066815446131,-0.38527636889584094,-0.826824634329894,1.94899327304606,-0.5427541066776351,-0.6994269096461361,-1.25138059572925
-1.4161684226362092,7.120762851597393,0.2732343183407686,-0.7217117903453999,3.246558185269012,1.3325081526766689,-0.9425908035176858,0.15826780139697333
1.292719239789979,3.9671816357438217,0.03654613927774397,-0.7713005238641679,0.5152564388881232,-1.6067964512076274,-0.23252317332776318,-0.3716597813929501
-3.45924461102708,4.808992007618901,1.2884944928646993,-0.3820932303905801,1.4345225556398638,-0.6008572852076706,-0.9014283041580466,2.363684632620507
-1.658776115800505,-1.5077906935596799,-0.8114873590528188,0.24634931111557812,-1.264302211943921,-1.8279213753444532,-0.4315831919108605,-0.4452545502615929
-4.3766189559166895,0.9617799668373257,0.032606017866667614,-0.15607868135004688,-0.23043679252974458,-1.2613103883592829,-0.9779341693523959,1.2405087065978158
3.2198049076798934,4.523270613607529,-0.5702414582245897,-0.9713996011700173,2.224726521738771,2.197532282738207,-0.04586988464535102,-1.5295510425049104
-0.2318040138214767,2.661700384211434,-0.2851784343256897,-0.7575343642238405,0.5170261175970771,-1.9333767295336508,-0.6215475115641278,0.2427453020707886
-4.984853906450116,-2.2289515798155577,3.144518360062226,0.2494837845844735,-1.2436326767970547,-2.155873084511346,-0.8673623386790681,2.921900819889662
0.3963742193472699,-1.3955415674710383,-0.45884859685532653,0.01558258695397341,-0.9888747881077777,-2.2076837046135473,-0.46504108445999115,-1.4264378805071183
0.45253767842881665,2.426970275458455,0.17905520994315638,-0.6809096373656254,1.0478972799153827,0.031037223810387315,-0.4964661896248117,-0.4403813543418572
2.912507985180243,1.1532214897352455,-0.35981126579099276,-0.6346517872703621,0.8805656618991871,0.32173684984450535,0.4748646909230765,-1.2547785496664048
2.327478473188484,3.607837253806344,-0.8035632411747244,0.5095007254495056,1.8318816668849944,3.165617081642176,1.5219546436348947,-0.6584577890825998
2.984402378433486,-0.6703306904619095,-0.9803629322882909,-0.26704030381452626,0.09850759800972114,-0.6610977765077601,0.4086289895993582,-2.080501377817151
-3.5530999332414606,0.3903340475527459,0.5597364442991728,-0.09101886543463122,-0.6518215506927206,-1.5045701467556087,-0.8725181833963893,1.2651565895322787
1.373609370365355,1.405379058531381,-0.9043708378023051,-0.43054165049400783,0.17087876255489975,-1.5357452338571584,-0.7320515764668303,-1.7406859489372821
8.293139314788498,-11.698427292737858,-0.8037508897996251,0.36328954819299364,-1.5410355828072444,4.263921054820576,5.339373012638374,-0.3533073203583309
-3.175612219459317,-5.334761990653713,-0.08695202919322864,1.2297435335476492,-1.965011889931883,-1.1374162630729723,-0.4780509063386581,-0.3825725586545293
-4.184753465089042,-9.516880477663026,-0.6265749010900201,2.3538557502848954,-3.6290307129367867,-1.8406744799900148,-0.49085363864613507,-0.6833263547179638
4.9094373650342975,-3.5545804737652698,-0.3880922602541351,0.12343735592352867,-0.9600003226833345,0.8566410599135744,0.6830643679250101,-1.409773085093978
2.1125789435174718,-0.5887991646657866,-0.3742738243215019,-0.4832454166326803,0.09908578266046841,0.1549423545725106,0.6239206492625784,-0.004578943279790637
4.666010170829258,2.413534180890003,-0.97584029949082,-0.8417973562103302,0.47430118637397856,-0.9480178062602129,-0.8599045245767559,-1.7330369487525963
3.818637890157725,2.3206990510017946,1.2065463048385032,-0.9635446940894588,0.6785996993497828,-0.8083536630715135,-0.09809524009489101,0.6169985460379246
-8.526648174478387,-7.799168086344846,3.0559630298844898,2.0914863199033817,-3.919530513330359,-2.282084977320074,-0.875530802039284,3.093728469910044
1.602403684955958,-4.047057642312538,-0.31543629296532383,0.35077014059138567,-0.8380691990671306,0.24174340322898513,0.8176458038230678,-0.8627826806947019
2.47076350364983,0.8383744429870035,-0.5869411067551893,-0.5035991146360225,-0.1515202638777895,-2.0571844731906554,-0.921462935363131,-1.4085768857520318
-2.2884841141816126,2.5211811691940387,1.270738724815637,-0.04383112876406281,0.15163869244803604,-0.7648006468020807,-0.23263844924009391,1.270949665176722
-1.0538874895662174,-6.123513597979905,-0.4638416094770216,0.8888096602639566,-2.1383055555222663,1.044961470008995,1.0796989175153389,0.1284994475986102
-5.648810525920929,-12.629531338895541,-0.026550607307248786,2.885642480312963,-4.969315831577133,-2.4780583075751346,-0.41723548037050284,-0.44812684178163203
1.0738736502186248,1.5896855723820393,1.068861293666254,-0.7787374029375322,1.0606279265456569,-0.5186148944285524,0.24286659690093848,0.45751279007559775
1.776332705829061,2.4226388866168826,-0.5692379039822208,-0.09293740132976169,0.6951497061358708,-0.02342438754854516,-0.1130551994000456,-1.141396294372787
1.07663891617829,-0.8391454207056634,0.925767715555381,0.5915148064923459,-0.02254031918401933,1.6001156226692554,1.000124995917413,0.4857854904727833
-0.6349776279429347,-16.8887549799823,0.14329901229075315,3.6485968129716344,-5.15554345698914,1.8399291097407162,2.0595478470870603,-0.724331799574088
0.7152214305931126,-3.4096367360328506,0.026411396708479584,0.42056984900355343,-1.2986040185255958,-0.7261444809808827,0.26398313944135166,-0.728029482126558
2.485726365308264,-3.157206907688761,0.7655835845073491,-0.023512989245436988,-0.011014164867839911,1.833368764294853,1.5908595171924835,0.3930628002416038
1.8991876409299109,-1.6272786924220757,-0.9853821204429928,0.15331676090187907,-1.092125208081048,-0.25877960311758097,-0.5671752602856671,-1.3059855614436553
-1.234178258984637,2.1316538907423364,-0.6266782264458055,-0.6467192246159422,0.6829645165770144,0.3832068465382091,-0.21099975285500183,0.24391044668788564
1.509216115529214,0.5959843834316301,-0.7744515013771681,0.14799890083380407,-0.8883202829132844,-1.6733815600555086,-0.40283451619584665,-1.8907060763337582
3.2278633631150284,-8.36445865494921,-0.6713606695743356,0.9825940685592329,-2.237753447357412,1.3569845516211712,1.6742473778132543,-1.6110689796120177
6.4793410608668545,2.1559856358370366,-0.5777858305949937,-0.6910742431846675,1.619916409472691,2.172726182205217,0.7006065224974822,-1.4162282237723776
-2.500012084949348,-4.258924392622569,-0.7425579792325967,1.6919560474766624,-1.495649889927952,-0.7712645815511012,-0.6251440296757964,-0.22133433064085628
0.9211116994462833,2.62428970073922,-0.4037477767516636,-0.8898677546962823,0.8816962464256748,-1.4150823922618292,-0.5310606108597467,-0.7609596408280568
8.926775803162045,0.7598681820543702,-0.6470495962554224,-0.5124424660678657,1.495512834726361,4.035556157180585,2.15389752240667,-1.429609850775218
1.2468161275549863,3.045287027549537,-0.4390577671860486,-0.818765788310422,0.9247242443887073,-0.661717237740885,-0.7242452074796037,-1.040005686325146
1.8620932298913782,2.6563072556913134,-0.3491682774715247,-0.9143991584539259,0.824410647668487,-1.0491536356807019,-0.490459724677092,-0.666704307850063
-1.7117846703686812,-10.778103291264298,-0.7289502884304597,2.6770103064198607,-4.958854121022083,-1.4906211318628466,-0.543568570863244,-1.6102712485442994
-1.806271286241288,2.204201630989621,-0.029791996333837445,-0.6824801584951232,0.48421299004695095,-2.1850561438702245,-0.9730227746906245,0.666593765084068
-0.8383567433706364,-0.3749423536663185,0.17581708909110128,-0.27923229625191526,-0.3816081468552222,-1.6705449643060168,-0.10749587194152488,0.7725852758863339
1.14428692547415,-1.5878687102493085,0.5577183739831064,-0.01720810438160847,-0.9263251981484312,-0.7642514364745334,-0.461554454236379,0.40462365570495107
-2.0105064277106313,2.637791745757679,-0.7703290491723863,-0.8593289524147142,0.4534952195979485,-1.359688857517324,-0.8680444635034261,0.5327954264313686
1.7981443024738542,4.236629565982782,-0.007998954213705778,-0.6554548425218476,1.3378005208066552,-1.336551593818287,-0.9824699149638794,-0.9907169043652049
-3.9098212668823926,3.4460912039732152,0.3719695996248267,-0.6742184144633802,0.9321266326970428,-1.2366625648909026,-0.44863513994322735,3.120252610904416
-3.318319297556404,0.5414857426114694,-0.952338828722303,-0.6272793223577398,0.46114764141695885,0.24059208225232576,0.7180681138199598,2.1908669057917276
2.787049091431544,0.03562439869056755,-0.42969843217432735,-0.3407815390744273,0.1860378896589059,-0.3771347713478478,0.5433675307609658,-1.3453995384345205
0.6435567248751151,9.115803022358852,-0.04933306291680639,-0.5944348743900176,4.253858507343172,2.207769860805285,-0.7281106050210077,-0.7260324658308149
-0.5188988104309398,-3.0999589627525648,-0.7023735123078956,0.6853389040435058,-1.5928193868086788,-0.5835360250461323,-0.6389060296609875,-1.2956946987646492
1.197737305892864,1.277863269085959,0.8384697610201366,-0.27867793710829425,-0.30134558696698,-0.7207769781007174,-0.3354676075915064,0.12577086266523452
-1.946539782467056,2.6804286099838044,0.29520141212164885,-0.4770621007013054,0.9833761371336913,-0.42316954728788747,-0.9043839337893445,0.2951336116157444
4.46413107497879,1.638149400313637,-0.8102497873643875,-0.7405798793055975,0.35464772223291374,-0.24525889341405613,0.02080739724722558,-1.7369837030128021
-0.7339824130525182,-1.3836751550294966,-0.40320993152521967,0.43612792408528156,-0.8519652037766641,-1.3614460547266964,-0.7022882389845151,-0.4963720289982936
0.912848419256485,-1.0616503214496502,2.3529315118527383,-0.5134230051323041,0.38837938986520915,0.45567502259323,1.129321090455043,2.593544922124041
1.045176018732813,3.3703834355152047,-0.20211058694647277,-0.5087086191672658,0.6246651250532963,1.0122565802468149,0.04416617365521591,-0.5921656296844986
-2.9483506357945473,-9.122649770776974,0.42192137462547974,2.3291233288499114,-4.542215466097993,-3.2474192056042517,-0.6261510640139452,-0.3205149927817992
1.0790134689874704,3.0799674093570024,1.4738549868335884,-0.9408428835830551,1.0494760777843428,0.6636840358267416,0.6571686571645718,1.2220297042114092
1.660315561719438,0.23995373336775594,-0.4070987729240819,-0.4750194037625205,1.1699345704469768,0.9435621948681148,1.2866571932910897,0.029876966911942582
-1.423763625635635,-1.0919749648895372,-0.9029385002460472,-0.07626047293670235,-0.7864055709890467,-0.9819573382962653,-0.215653985480582,-0.19381805022680543
-0.2740215344641874,0.5562766898400912,-0.7519147978465602,0.3805564010369895,-0.06821645824893419,-1.1768336353242046,-0.6787411770918717,-1.781777618648158
4.579602965314889,-3.4907281477463745,-0.3366519918184361,0.322998789266866,0.23863192627943164,6.442256463821065,2.3202565522048824,-1.3250445530587833
4.281837781259081,0.4518581858638693,-0.4131984202815979,-0.6752096839768487,0.5904717920538816,1.3996899856470257,1.0222850316036673,-0.9789298827255648
7.035512382070717,2.5067416581548265,-0.18879130437342795,-0.9925900098000549,1.879682755049164,1.1686310592763238,1.43961699269483,-1.116954956065617
-1.0098839589094186,-1.090539230124032,0.31868373484581536,0.10536922154644701,-0.20776409354958422,-0.11773112989548391,0.11738502014421859,1.2397083066789656
-1.8446225283627558,-0.6786595948256962,0.5203243891533131,-0.1089384916092977,-0.10002747052630365,2.7292312615444527,0.044539085723476646,1.5855301259610006
0.4421921565922584,3.6076228494114853,0.06622680133237568,-0.9077886578354186,1.8814303725374033,0.3548527063573089,0.19064929605984915,0.4076733378924836
-2.9551033266235063,0.548054208855888,1.8603555911685805,-0.29290801835418645,-0.0918396519258241,-1.0030352553548092,-0.8197919830561382,1.704008978012273
2.170315270053173,5.592288863690135,2.6151118664478243,-0.7945517583538131,2.140388899389422,4.512659112072549,-0.06253506300880862,2.2612295093149317
0.615895872170402,9.200775769909889,0.3050840496196372,-0.8786681225326898,2.8838977577767824,1.2519968812471314,-0.8094185173068683,-0.5927213229089192
1.818604092330912,1.235462135733151,0.9466535811873897,-0.14684809960742862,0.1936254718904403,-1.3404250765955066,-0.7024749447545502,1.2964109369258117
0.9397652084758477,-1.2696553153016181,-0.4848656690920664,0.12113080951385413,-0.9911526289582759,-1.0168533361976373,-0.6046716422038485,-0.5267636312571554
2.5819620545630935,1.8461796168829387,-0.8557652235235345,-0.032102842207640925,-0.9007266457765195,-0.5225412583127049,0.44709841790978655,-1.6527924450692755
0.29743259160055746,3.056210194545275,-0.15832623636525445,-0.6318798727483803,0.5445496716848689,-1.3406657642278168,-0.28059432088045777,-0.12727796582313855
-2.7027507391594683,-0.4474119691043361,1.5903095968747931,-0.07427975245544705,-0.8098000413796707,-1.7614942633312105,-0.2816059703911249,1.77161548350248
3.0909175852919266,-0.1468993010759191,-0.8399841263380107,-0.3894546580802465,0.1058281842254829,-1.1986641362952077,0.07684243268897273,-1.9231732504365127
1.0215643238137369,4.629692732614852,-0.5619307862493649,-0.28054254639393184,1.9081501104937824,0.4899859746609618,-0.2863447558231066,-1.3889706722318622
-0.6583968519786533,-1.6889190206909523,-0.0018280763934763744,0.2731314311721156,-0.041179163861949586,0.005819571699757692,0.26041335986530845,0.19318711245836176
0.7879338003896823,-0.6585400164223183,-0.42569240576104916,-0.09569260798552914,-0.7632344103939254,-2.6711044908799098,-0.9229008671998098,-0.8403541295868245
-1.5172740074087447,-0.8463134696046567,-0.9464168896471142,-0.004121393812120955,-0.7693161031898611,-1.3531392749298101,-0.4909218234578575,-0.34675984504821034
-5.160354148016634,-2.7594983668062123,3.1552192406303767,0.6419325764788681,-0.9632707989840337,-1.177387977157222,-0.25407888716045923,3.288386719710492
-3.598570405784719,6.630944351691637,-0.2229170329366993,-0.5382783869204153,2.941206654788184,1.2237985405969058,-0.8833118246255758,1.2227227892683266
-0.2986410298808145,1.6104690120039744,-0.7078677670127207,-0.2582586938273542,0.732544691825387,0.23398212152145303,-0.3854745350193264,-0.19134083298579097
-2.427652253892625,-0.9566590647956869,-0.5022567910060229,0.03594689409247076,-0.908672656447528,-1.4076884663073015,-0.3732867939028778,0.30336846613690815
-0.1593342787560541,-5.003088438002518,-0.9705358446610205,0.779762657180674,-1.7974634073017846,-0.7562531489842564,0.2292836742638089,-1.1907514194198243
1.2576964725322195,4.364635018263737,-0.19491810518918262,-0.7042991185590066,1.7295214412983366,-0.5068037004686535,-0.6061591129804607,-1.1344773195452595
-0.7333933599463979,-1.112967223949436,0.6458569866850743,0.46787682828431687,-0.9429002868279454,2.934530292529889,0.09737314711812606,0.12223645697538932
-2.772315735267483,2.3337436198081405,-0.1929358717763615,-0.6773915621352763,0.5774333510696301,-0.5084198262721021,0.367211240499975,1.998217142258028
3.7457354209820197,10.054969232172315,0.4849548385192468,-0.6027636906444782,5.987197557875399,4.570305862097344,0.17969638302059354,-0.11627028135582784
0.07613665646725887,2.5890503311178708,-0.32449871714216805,-0.4499348366898741,0.9942258092782168,1.072127375870617,-0.6797114238225277,-0.4993582688581301
-1.0614805390416384,3.7536961591997864,0.45681790272609124,-0.8838765528391079,1.1095630390738478,0.6915023661040521,0.30595347234100956,1.7821384246582808
-0.2486008519508578,-5.871048826839675,-0.2929925160351784,1.1578301838274667,-1.7909909142206337,-1.0532446744734734,0.20141981721461355,0.6847678161994314
-2.735259166914828,-5.26775157821816,0.02245325895322181,0.9735405574987159,-2.3530206149981776,-2.6624169769514414,-0.60997824257954,0.601156745291047
-8.011807626646325,-6.2218015304403025,0.9225097555146315,2.0708312903846995,-2.606488353541955,-1.4307216638933506,-0.7338816863232829,1.792435130826075
-4.821352780829696,0.7295425395003649,3.3919899142705905,-0.09921003651439952,-0.10592019013130652,2.0474580809914658,-0.625768715918578,4.430321685844417
-1.8793694246783021,0.5270071191723188,-0.46193263638696114,0.13555810166035998,-0.054399571131142604,-0.10228569453375558,-0.8267710479833459,-0.0672217090520405
-0.5515994918132541,9.927734246948235,2.445194255117418,-0.6471353704202498,5.2982372197247605,3.9239714721183496,-0.17925401860179502,2.5363576029183217
0.8513326908216867,4.069323026551299,-0.8879535614747955,-0.9712812441189906,1.303271418422686,-1.087810578266598,-0.25823986463297377,-0.6138191646538091
-0.8108274754296119,-1.1119211083555074,-0.0914807065528157,0.32889159491273223,-0.9033005089150913,-1.4477847297337538,-0.40538525624748356,-0.5136254626009596
-0.810573033169695,4.435217350739817,-0.29747450837985956,-0.7801521726901177,1.057857756633774,-1.1252139883693788,-0.6494765924444139,0.8012554589833234
1.0437139190046083,2.9284210503276733,-0.13711355249310442,-0.7113904165414693,0.6037781238913562,0.8495027014048818,-0.8912942836817561,-0.5514263721604835
-6.619037312264894,-19.57731239318888,0.8470055240488648,3.980241307095585,-6.750889736493178,-1.7143500312012088,1.2885117155695767,1.514154013028913
2.8511746958372584,1.9761225603927395,-0.5061585218185324,-0.834128695307785,0.45737672780055827,-1.6405664979515422,-0.14615217628748367,-0.8975159768791556
-0.5972695511386492,5.057106544184176,3.201433414235016,-0.9070644141965917,2.4439474307106224,1.9004618517960812,0.518318461437113,2.972591411781001
-0.4192752984935142,11.326947988007124,-0.20596023807879527,-0.9217172033806244,5.000343567832605,3.650510647712379,0.788516581202725,1.8367891534921426
0.2392312539562583,-1.8980760131890677,0.461934121076927,0.0677717764271546,-0.4337528408770695,-0.36941703128836917,0.5280526814651729,0.018459181059694574
0.5955104944424225,0.6483947602767536,-0.11057607771427136,-0.5527518049247084,-0.071257874801948,-2.0257300630498216,-0.4439923492036474,-0.8118747374831403
2.011671851113302,2.5878553379190046,-0.26291000792927277,-0.5947434239435457,0.3292147132941158,-1.1700637553554543,-0.0011864669008628814,-1.233201426431151
1.6247596399245878,-0.4767045050690606,-0.4246878357943127,-0.2031818599653562,-0.651569816229424,-2.3404756961149773,-0.9543650722972745,-0.9101211252121785
5.543330029750065,0.7481382739011313,-0.9756247419804734,-0.8929447873647622,0.648673123753571,0.1753487118602265,0.704744864257344,-1.6231140025991821
-1.824480074369922,3.9615644144005246,2.9289164222367967,-0.8584767750898907,2.7857459392954347,3.3493434126759896,1.3793770186848326,4.830476021314997
-0.42724496310676774,-10.231284269442046,0.04173222341440197,1.4906887344454285,-2.970671395499446,0.27806690049669713,1.7375187232705733,0.4019612244046299
-4.633242704751933,-3.2708939611335204,1.7599504193180242,1.12256967154564,-2.19299750084018,-2.4747789141396144,-0.7219707345935551,1.305806933495355
-4.566079014820736,1.409338285562813,3.0439287690090344,-0.17055885247107916,0.09616715833949963,-1.3020544996951267,-0.7508920180564348,3.1754280094639533
-3.2895896081942304,-4.187471193490544,0.5492073088102347,1.450193700033807,-3.170341785520124,-2.5092170382174235,-0.3156314138548306,0.5542456535600407
0.0804120769694503,5.004043466089797,-0.5208207368508431,-0.9205946258392417,2.4330633903458327,0.5037246741305555,0.02351105716196855,0.9768140776978975
2.9680981259475057,0.12455667311777488,-0.3658033747382655,-0.19154071320794364,0.30870686538354675,-0.3642240779545698,-0.08021931921495684,-1.3894304849180352
6.074875343219405,-0.8803657980373863,-0.9003305122972516,0.1436449044707151,-0.1995661371268065,1.2390825313689284,0.9985070636389781,-1.6551427438195172
-2.4711256864241284,-4.019215545156498,1.3702898056673791,0.8536317098511026,-1.6701512235940974,-1.6128925506318061,-0.24423164996077762,0.8784671488769528
-0.8932810184014105,1.918706277773902,0.1755178183832551,-0.13987474498900498,0.456286111834376,0.5500543506551989,-0.27289811383974605,-0.0028153737476409035
-2.5575008459331405,-0.11778354202670999,1.747591733455769,-0.15786060265447432,-0.20120922392218682,-0.23398710832477512,-0.22370524643294254,1.8407707697624767
-2.6413744051287393,3.3681186387688493,1.423094851029024,-0.6551455747999131,1.586771280417781,1.9639306712829172,-0.43300876326703197,2.0164744286860605
3.0405791649655116,-0.9549892964012714,-0.9589492532666272,0.10022675140386772,-0.33989828572453423,0.33263789054335774,-0.4503875796801212,-1.468552076565893
-1.1695219791876743,2.229022795694572,0.7648361514897848,-0.8645118041908433,0.4830882887169826,-1.3874243825175652,-0.6134843866317752,0.809801042441255
-1.950964933899793,-5.24102587977103,-0.8540320294189788,0.9521188615800844,-2.486741581018422,-2.8796027074047137,-0.8481011047519799,-1.237321921942499
3.9108558313006014,0.4849546243382236,-0.9235720657454769,-0.32105539790660464,0.007075400411408528,-0.8713375990996449,-0.6932953552133659,-1.9706533231059105
0.8201118321960761,5.218076471530605,0.13647188497308727,-0.8855398404662956,0.5027850793333178,0.7177272725622186,-0.8493808539189505,-0.566076553591278
1.326328114387544,0.8084314353765965,-0.3913646486777367,-0.6423272335461345,0.1464732018881827,0.13067277514086495,-0.3312976860577873,-1.151860195161368
-3.1021113070023585,-3.3202352346225212,0.575556889763214,-0.376210869174045,0.08718270975654208,1.511401493245893,2.6575095710879904,5.1112258248904405
-6.405280914077224,-12.44705791782958,2.2707948272595013,2.507144109784595,-4.815045592848859,0.7456857101847765,-0.1184197256836258,1.8473539267735717
2.5511599204491784,-0.6599692604668463,-0.4498099587556229,0.12758041447297197,-0.18490727063018086,-0.9666874908873081,-0.2130331221321099,-1.3734316315191937
-0.38755702198537034,-4.111260710567592,-0.07623829271121252,0.5703741604718087,-1.6535563670298092,-1.3421291122239047,-0.1812438192707,-1.073834475378249
-6.096299772544612,-15.78913135629319,-0.9968735611793736,3.62860866654467,-6.7117376231918575,-3.3687384226811914,-0.7515294210081936,-1.5093912525649529
-0.7045308542494872,-1.001234124906043,-0.7688454824382558,0.370362689400733,-1.1574637447714697,-0.05246201690757363,-0.3349324683093573,-0.5139149306419991
-1.2533853844325744,2.6841472709038188,0.12127853435377856,-0.9240498977950835,0.5713980264128897,-1.6396109613899772,-0.7711615942727954,0.4352120521834547
0.33384878705899146,-0.9499633476069443,-0.9875008753203499,0.23949496941074644,-0.37664873984247477,0.32260734976528915,0.09438312540266947,-1.4041396914440023
0.6226093343914866,-3.35965133041399,0.04795932656489499,0.4850559641561949,-0.4844557315953367,0.3696552945950237,0.8508419430726066,-0.1321868611647318
-0.04141659551501098,8.327896638891819,-0.007351547804907654,-0.622427999475545,3.559513005815421,1.237482047248525,-0.7523421072366486,-0.40521526554987114
5.255976891315817,1.0336224102580034,-0.9026899545987167,-0.8229281963590029,1.873988839628399,3.082226941115116,1.7309987822692992,-1.3506508697573134
0.42901971219274726,-1.8513018283245837,1.6001332124340486,-0.1851351484098156,-0.3177029150646728,0.35655623497663824,1.2204934306624722,2.0726171481820446
-17.487935943941327,-19.29941163570625,0.451615019885065,5.223300669428093,-8.191631525086828,-2.205517063486742,-0.9982299709889598,4.177975680754445
-4.17431452753539,4.654562513960991,1.3968687609778363,0.5331474028819776,3.150940513383696,2.908095598240064,-0.5516545999557851,2.996594482570474
-0.3666109019870409,-5.567222117688391,-0.8337906573451991,1.0483610478695757,-2.4965464203507257,-2.5198795456078935,-0.7854106740811652,-0.2697055336126364
-5.552179285690306,2.952071300532069,0.4031979982280709,0.4797794269595079,1.366484650793471,0.591482244686333,-0.829875403400303,1.84703411139895
3.598624672472319,-0.25918382456322353,-0.5796929279818678,-0.5753987151277113,0.3881890006481217,4.070966568404682,0.7624117029192263,-1.5594193815493966
-3.951549862193982,-0.8402914731518781,2.0454380226852913,-0.04190452624151131,-0.8710138470865041,0.48757259148119014,0.25710424436974777,3.2117556431652776
-7.246088162172246,-5.385076925520307,-0.3354953462576996,1.9315973842908734,-4.1370753909603915,-1.1642400597297393,-0.33758668787913293,1.1414138057367915
3.4487776510450345,0.18140174705384216,-0.03596428136012331,-0.6411354095708823,0.2720606344253943,0.5663193446019017,0.6303878632688555,-0.9717208874956027
3.398157890512572,3.4504857133450937,-0.6741786495446602,-0.9433788702522797,1.6744877975535228,0.13261899693683543,0.4495763765593104,-1.4299257793949187
-11.605137585678609,-26.67347376125829,-0.3566128044108844,6.6146659199396725,-10.731849268578626,-3.5611127372880538,-0.9050029121992781,-0.018373865388176036
-0.8953507070046691,6.136317270838161,0.39376533473812714,-0.5001830495772819,0.9970371057385492,-0.7678331898014019,-0.9165395876467743,-0.22264795884550176
-3.8456864463609506,-16.735025480033713,0.06298274669207182,3.6339112384096994,-6.5295960362177805,-1.7918607568052172,0.4210553099073675,-0.5870846412354114
-1.8893319146986212,1.0876332684101013,-0.9859952635733527,-0.10387431952332693,-0.010108568600860263,-1.4387652864769305,-0.8979305782766975,-0.6836258038673806
1.5807502638171274,-0.5063888486625081,-0.9641528900663231,-0.1743579355905308,0.5099921722841434,2.128067908750272,0.887482634024235,-0.6974884629765936
2.6211824377392614,-1.6187302750559531,-0.38762630838866763,0.05739732812344989,-0.33338842010028025,0.15527932880193057,0.03531368307017213,-1.353575025148866
0.08059506572509842,-0.41396523397600016,0.5066831440281225,-0.1347995689199165,-0.17746896650254987,-0.05622392133986526,0.27830596624094905,0.09367668795563755
-4.598239727700717,-11.000109919912834,-0.06604061633341374,2.2866007721058237,-4.520064683231488,-2.695953692437657,-0.466833262187336,-0.5756070944584181
1.6693822296718244,1.1890129669093268,-0.7994714946846503,-0.45816003026643104,0.24236558573664235,-1.3101552860331573,-0.6882089637317232,-1.815430677610908
0.8535246973797642,5.316682032633996,0.623280413344836,-0.8347581308570947,1.842919495205629,0.22572461478687256,-0.5920249791243914,0.07302001401145686
-4.569694252814651,-4.072452511824951,2.3727200907175248,0.956562186501158,-1.8020972586592596,-2.4519550362386755,-0.8740023068425379,1.8903411982873237
0.35856067586138174,-1.4346265536727953,-0.5895570384870319,0.14920414862772247,-1.0269832123171196,-1.6469877143496972,-0.5734102688310942,-1.3786321495424476
3.2896717030641884,2.3987365171122206,-0.34957858605717684,-0.9644479438683503,0.8657637019821639,0.23556842978321946,0.17345481032171017,-0.8327769548178202
2.2067223471864024,-2.0356203190578226,-0.410694387778315,0.140745312883801,0.32847666495830896,2.10299615443568,1.066582077762055,-1.090391850469104
-3.548115533102125,0.23488063361456746,-0.6526932638345488,0.6666559412473205,0.2574416195647986,-0.3144777244492387,-0.9363309648545749,-0.2669065479621464
2.0564116051732864,0.5656618995842622,-0.574606435183312,-0.6186618148751675,0.3849356527396415,0.06133770419255091,0.9752038881735812,-0.1412086270236742
5.588345475698103,-1.9753909825628366,-0.6424657427533023,-0.4709607953737073,0.2834671560576456,4.469670851857569,2.050925525883118,-0.9463343998670731
6.017788951023828,-0.9415130398555891,-0.7973492753829987,-0.8707491216053597,0.44983220700174775,0.1347303432201823,1.6298361714525855,-1.5968173839700177
3.078965856130699,0.7417627643563809,-0.940172881309228,-0.658004557056757,0.20622919978894738,-1.1342766142396647,-0.20946693450023401,-2.0897058828716535
3.105591082082313,-1.6937877232346472,-0.6627272349277961,0.13039239709867623,-0.015589333727678428,0.6695227568163556,0.9688817541652166,-1.6536356063226125
-0.04535242704785292,8.113117306750649,1.1706025689435506,-0.9686744895054733,4.615332318369447,3.794383710397929,0.4348764046185074,1.8890283428379628
0.2853984821093003,-2.2683691715668566,-0.6114362151029054,0.498239964655119,-0.9027959285969608,-0.6524733333305465,-0.23998945624277657,-1.657369184187373
-1.9189058569670574,-8.030426982016706,-0.73000730159691,1.9095257892469881,-3.366172464348188,-1.3395764863845436,-0.16627738546617055,-1.8372462043780753
1.5409946027899235,6.666379126509307,0.5546542643839949,-0.8835115159292058,1.9649972192660377,-0.4155483393011671,-0.823121392732327,0.1661614667378759
0.9974061558731329,2.479599919876578,-0.4826034027650796,-0.41735522255521906,0.033841575851255024,0.6536603070030889,0.7313020960879943,0.2688800543274369
-1.9388232904130742,4.5407243338461,0.43136084404611674,-0.7635592297753436,1.0587598884184057,-0.08992006637352468,-0.9203271642023407,0.6520741727708748
-1.6375410540998618,0.4123050463202468,0.1620795338651737,-0.3360302133712967,0.04982734511050435,0.3692441072326681,0.15131425439122204,0.9284895813661664
4.8432310130616845,-4.6039035876739085,0.16211059975040465,0.5871012136049227,-1.4936127452470296,1.5297130445866092,2.87252606318932,-0.36831025384822136
2.564573847677332,-2.9476070844972604,-0.6360453061341589,0.06963946929805043,-0.9105750100523824,-0.4980821553532843,0.42621038088115304,-1.1172630160303636
1.2194684162698666,1.2566330834599446,-0.14576742967045686,-0.47515197049270386,0.37413331342385736,-1.0952383370896048,-0.19201778519822466,-0.6427394433241594
-3.062568318748625,3.1913412379037918,1.903332935595461,-0.7868375479755343,1.0256531797948854,-0.4881615621399788,-0.5240592728187845,2.466237097004001
-4.044285905162957,-12.35251134952821,0.35811869424795995,3.037777301333368,-4.121287450566743,0.2543747279033123,0.8878037904510077,-0.03300610150956157
-2.1189142703208925,7.888898189086847,0.22143774583950648,-0.6925271361011344,3.193871150867855,1.0291046739873004,-0.9054124222574728,0.558211988215184
2.3189338715302386,3.687280052405047,-0.39467097338096113,-0.6372416015351728,0.15084062667132137,1.473637295771925,-0.3240558328102682,-0.9912208619340677
2.5870600998097046,1.1296037603945206,0.16686987718257762,-0.9948365175396567,0.7712317939503806,-0.6428024136859521,0.491021807194578,-0.38807387520842784
-5.373815149986666,-12.471933412476211,-0.26675076187037294,3.4518165049200356,-4.956837522573204,-2.31207639437171,-0.5909723667621709,-0.5748005974769927
0.8681842391323236,-2.3028997396354063,-0.8204018760315543,0.5214784623056745,-1.0385850943433375,1.290552349370361,-0.5062039089566799,-1.743607833613026
-14.248339709651702,-2.955793381242291,-0.6453814203938277,0.9924428504444318,-1.2358308980491544,0.050255820322888334,-0.9074279236273471,5.536538213104315
-2.0062929748801435,-5.149327293170723,-0.8290735667032876,0.938160518658713,-2.4561838807390988,-2.9318299625888296,-0.8381687850327904,-1.2931246866965247
-1.5549584138039867,1.257402368777616,0.09413196191000894,-0.46661918770309363,-0.05636138864465545,-1.9453447777610162,-0.9703353562520806,-0.08029744303175869
0.42973727614410295,1.627709774440101,-0.8990508608957339,-0.40938177552000055,0.49855631489539953,-1.3459442212826394,-0.5720015041569229,-1.2999921807030552
0.28478005831074293,-1.9229399137610759,-0.9072825912053468,0.6787911432782539,-1.5573672078506218,-1.096579971094479,-0.26434396952856665,-2.0661463558195843
0.3770079115023999,-1.555996882274532,-0.7841765265872477,0.2853241981638621,-0.86571008732541,-1.9050953304591538,-0.6022472223028206,-1.0792119692897226
0.08943212540886458,6.838827383616493,-0.5240963153365443,-0.9162593620544055,2.7846236277243923,0.9994243492771244,-0.651541115202892,-0.2862212595413034
1.359566954900593,1.7920439307607798,-0.8241129980296023,-0.3098322108455661,0.882460334561005,0.011145155140066504,0.1556902325784082,-1.2759990116997546
-0.18653922638961595,-12.998961342971388,0.3120408767825156,2.2699078378836677,-4.282701511807139,1.7749724149584645,1.7667732897082065,0.23659620080305388
-0.4853389187242054,2.4141614432222243,-0.22616257849222587,-0.07489040208132247,1.3824339733829893,0.6296803321304149,-0.24698504452953352,-0.5452547356875809
-6.87047389820019,0.9113806863721747,4.1142409878598505,0.01062425523457744,-0.4261075049327739,-0.615183198843017,-0.2122883607844972,5.4725554134938434
-1.0142144285575725,5.626059077271664,2.413763788326375,-0.6933433272494931,1.5253603877378341,-0.5947562658343976,-0.6669617878517734,2.374307445934016
-4.694363220947836,-11.554194760592756,-0.28272305306384515,3.027789598390453,-4.693056524758471,-1.9115554742580116,-0.5326685233559216,-0.9857806093336045
-2.569516568523455,-7.114290406850264,-0.3636936082262522,1.4474135097858536,-2.9580595662129356,-2.6896193091556224,-0.5880188444907033,-0.8601663377029349
6.5999380688663685,-2.034436601064296,-0.8802661449144825,-0.28353388412363345,0.5478170023903223,1.4578213373813693,2.0646325745246408,-1.3095695211306393
0.5140356467682885,3.986968287628952,0.6488271125648994,-0.5585697981765456,2.4104922622788187,1.7543520750519868,0.2421498848321313,0.38561802020838043
-0.8641965398248139,3.94877680800033,2.5263868508845424,-0.6750508397545897,2.3562500266664888,1.289156255758469,0.5350747759770589,2.6770845522287283
-0.42255084547659694,2.538084072706713,-0.3414048975699773,-0.4733608836143667,0.6993919871903966,-1.431789808720973,-0.7854980520259249,-0.5456649309636767
4.591926338690567,0.9290173114654987,0.5800012794208542,-0.8332784067494476,0.650946082625681,-0.6185480973171917,0.7292128452652389,-0.2758319638827591
-4.169999718917054,2.443680752194829,-0.9790919297966201,-0.7188115084521767,0.507945548002454,-1.2369383307308532,-0.41824364253058,1.5854945394933746
-6.038246107388193,6.2594746899487195,6.3874972432069255,-0.9501322840585763,2.1231933340513702,1.1939750703263337,-0.8509883091343371,7.299068494988845
-1.157406753246423,-4.4854655027635,-0.8938202458584307,0.9721284106344315,-1.863456942884473,-0.4183602516454473,0.02543697494959818,-1.2965293905240793
-2.1734857499663454,4.9303670586237915,0.5118737798350053,-0.9121731719620743,1.275882139285653,1.817975298344987,-0.8404897163043659,1.1553370670414198
2.0470879569547678,3.4665070769449953,-0.9454994627608014,-0.946822171550834,0.6270351682813045,-0.6255768159337496,-0.3959433576366651,-1.5607102524771128
-2.7917114298298107,-4.422436833657159,-0.6563223196802436,0.9511916905632947,-2.282369032144029,-2.4657756850047754,-0.8680886734579217,-0.7746429916324207
-4.134423033974832,3.150579433680745,-0.5989148253345685,-0.22239073668537912,0.4854834203696203,0.9408598363302565,-0.2118246506371705,1.7395573895050997
1.3179328375695012,0.8649742516256844,0.05837292565879526,0.2935477418096084,-1.1991378621243254,-1.1350216129624964,-0.7740082433375121,-0.08693461381860536
-3.320208086339713,-4.127607672833309,-0.9334119447316476,0.7380989833144236,-2.0600339492630986,-2.2121673861423377,-0.7589915987527353,-0.39686593774481516
-0.6197382340594253,2.7572576634673,-0.5504504430326087,-0.31440475572856963,-0.08114984154285965,2.817578022272732,-0.8377497318067155,-0.47572530411444425
-1.6226756245294736,0.2564609517071488,-0.7575182027307737,0.3483326739047288,-0.407893293501833,1.168142960410594,-0.9577862128763663,-1.3202297970468644
0.9780197792572658,2.6131156550138073,-0.8785229244955597,-0.2648348726793074,0.6365942886009248,-1.3720507250387537,-0.866029057869402,-1.3745886755811978
-3.7543556800247777,-13.556760446987255,0.6843106687134723,2.79403112784013,-4.841762151408737,1.1332043371865594,0.4903050170036696,0.023527904035181568
-1.722654328072519,-2.8718455167169665,-0.518946807703687,0.6908184490631526,-1.5079404956079556,-1.3361081645531379,-0.5280686758874368,-0.7998535681443166
3.3498757670920156,2.9656699315196686,-0.901968980506733,-0.6379952883449218,2.114979032551523,2.0539990510972297,0.788617388311651,-1.4644534039847912
6.60977370811036,4.66649773229185,-0.42693252061230846,-0.28160284575133543,1.330116193434419,2.952308426107198,1.6702796198161591,-1.00331639497651
6.99545253776043,0.4517759642411723,-0.8040937881533152,-0.7782412638358498,0.828487016846842,0.8423774397576862,1.8945284297439287,-1.7626627296824446
-0.9672336943403614,1.9949707011630533,-0.9988951541990507,0.2715889926083863,0.7100820772904413,-0.11869160499927223,-0.9269948362971877,-1.5608084639134807
-1.3450988074776022,6.445077455275963,-0.8899505880522592,-0.7217088218271671,2.5876884008091667,0.6546462537506992,-0.21664285357389246,0.19930179265223114
0.8838438518785814,2.1823081717311497,0.19515200431584567,-0.2729908204500603,0.5328125404367826,-1.067375772346017,-0.8930820472493686,-0.565067257441161
3.9855561774305635,-2.2910674892539165,-0.9982638172903721,-0.2484064049727165,-0.060593837385448934,-0.19639656236708536,1.124727422441563,-1.4634666314318514
2.613598082693665,1.0241646893735021,-0.5227178771478999,-0.1821088476403958,0.06572140397569826,-0.04444553462518819,0.518314170438841,-1.3289061883350277
1.0211151041001543,2.458835652492924,-0.29955038690838687,-0.7146715399594404,0.4910947126352112,-1.658090502634086,-0.5512662407509695,-0.9749957114188422
2.38804953070969,2.5797915818615964,-0.701424381701993,-0.252967183705775,1.2215745130543887,0.13576628245928402,-0.5083825330174229,-1.8115888058493899
-2.9109559818493285,-3.8124427103227663,-0.1951353575851673,0.8759130264653721,-1.8171244194138316,-0.8639484738992698,-0.18795997691013344,0.7733420313877934
1.6328016726589023,4.631041421129755,0.8274022241538015,-0.7025854895450309,1.6449431601919384,2.795348518511912,0.17202397116454216,0.11896658503796975
3.2105230008522367,2.53946318400679,-0.3740841152312514,-0.5722744071343375,1.4187308146320294,1.4276244434974046,0.8595182341477166,-0.7127964200975176
1.3160643723144385,-1.709184496115668,-0.41269696265656863,0.20699085373826898,-1.2831238637464522,-1.7340712578294601,-0.8841655046126512,-0.7325341314810094
5.495719826206345,4.313678502771185,-0.8483523288184056,-0.7710823667000867,2.272943936593728,0.16365412476421773,-0.17630055655384813,-1.044196420318964
-1.4632204641314392,-8.141189399635007,-0.3683144814672191,2.034809090507148,-4.182787952903229,-2.223065632974556,-0.5208302755236236,-1.2635663349156308
-4.837848116584695,-2.4319901983718117,1.319150898786695,0.4523329509401779,-1.4290587943797337,-1.9577563542068415,-0.6804948242203421,2.142669621090155
0.21184851920139658,-3.532333072614237,-0.41696402129277044,0.4570341078894973,-0.9452580996104287,-0.2818545390096824,0.23017967103869363,-1.053521681580718
0.5406790414312566,-1.4413908283404455,-0.2710155750577813,0.2551710486544787,-0.5686818177156033,-1.4445452630349627,-0.48607300125976427,-0.7526222475755295
0.15442450060406854,0.18645038961721383,1.876447600222137,-0.6277133005930104,0.5210324559719357,-0.2961358643439762,0.41301659562313664,1.41592980451711
3.481899794458525,-0.1886985333556659,-0.6003589254356438,-0.3904972665795411,0.12291540859321692,1.4905760087094164,0.7522075454966393,-1.5149314905469464
1.4091003118323142,3.83028298001382,-0.954902307738108,-0.2827160598563965,0.8508843599962482,-0.03489120526850553,-0.5266501549728412,-2.0936491685184526
-0.7178223557959315,2.227341580862486,1.1009882459191158,-0.2295047141225467,0.12421471067830697,-0.40159630137887836,-0.9830276871653636,0.3284146225618969
1.7944445024297941,-5.606849688750395,-0.3088734645355973,0.3860453731024809,-0.43029965779578616,2.0853763256548623,2.5256629204918952,0.6113209743444648
3.987613432966773,5.887965430946793,-0.8570814508660636,-0.6248150468560216,2.128629748241778,0.6869364344852779,0.22266801609070797,-1.9990881152414701
4.272238067074301,-1.638730791936084,-0.9122427775583989,-0.3932388744029035,0.26001589215376086,-0.017267242106966618,1.2707264734277275,-1.4996717261450634
-8.11900284519647,-8.863853834518869,-0.3320617669849997,2.496210389637782,-4.491913319894305,-2.623688522700053,-0.9051408569761754,0.981428985116124
-5.606752595164724,-7.652044108653826,0.5695289148270823,1.869132014946973,-3.619657673479502,-2.3163548457750363,-0.860670932015498,0.32553927164250984
1.2131603240822146,1.8842312616767574,-0.9689598313419747,-0.6420214820294097,0.4136475586649002,-1.8370219519711584,-0.9383736261895224,-2.015340390713191
-2.874498332886963,1.3728819731638406,-0.9271913388965566,0.10275538902407311,0.6873987340761399,-0.12622988589916573,-0.7542475078337005,0.3512740626679778
-0.32210044458760745,2.161792625780889,-0.8883546087583752,-0.7516517747171539,0.3852895982596004,-0.8876266543924094,-0.9911838048596238,-0.8074300748823124
5.22640380848293,1.2394406700293734,-0.8300535060677502,-0.5894000543535949,1.23819328973781,1.1067933471128906,1.0973004632825454,-1.980654375790655
-1.8922406834766536,3.0866902252258637,-0.0024784233869936667,-0.6087211870728974,0.5435993977328831,-0.5089414774391898,-0.6222786059801089,0.5130567032449318
1.5639398179261847,-1.7281778697183692,-0.9435071227998763,0.07184713678915577,-0.5229823403605537,2.248202892617372,0.5982494442540516,-0.9208662961399989
-4.176074858158191,-3.953207393962986,0.9080836232278577,1.6513028086310966,-1.0320889033110698,2.405529843397039,0.786667343630854,1.9177223608288714
-0.873456998337935,-0.4728606496224458,1.5185068090031733,-0.36254963125883444,0.04552936904260996,-0.16309651789990653,0.772273409314638,1.8841431732290903
-8.254594982306974,-9.668975909797282,3.9965012161698157,2.0279196512307984,-3.8528589372903426,-2.441980284950171,-0.3370929594242561,4.042267603621488
3.0902107216820496,-9.701941000454237,-0.9902034249078175,1.229068204092858,-2.7692842867298064,0.8942914903384107,2.520693032041605,-1.117456181618588
2.0795266675241355,-1.5308564154513085,-0.7835356995796939,-0.24517014753170363,-0.024636198420704913,1.8202598336884945,1.2160433994707045,-0.6897397822026594
2.0849301505376845,-5.400912224840673,-0.2657714491603096,0.13999254801888905,-1.0047370258360284,1.344232010544715,2.1939361676645337,0.30508571380619165
0.9784592664322189,1.030751845280414,-0.930094521732457,-0.040925739841660924,-0.0864054353025768,1.4603773318093778,-0.11453472616768334,-1.6145438175325402
-2.73930834139942,-2.364488292358416,3.114415672325533,0.7945510389543355,-1.8951402914063251,1.9127060974792438,1.0434196466871128,3.326555052880389
-3.113238929782233,-0.2635110676962136,2.35614678678174,-0.09867491625106939,-0.24212874222702802,-1.0428131515276895,-0.38634857410474743,2.5936893647131
1.850731397042386,3.0453953878356863,-0.3162957418660144,-0.2848937758412805,1.950673564337149,2.392310271787562,0.3235803724083066,-0.697534052773596
0.43182156960420914,5.998650021906222,0.9978700097759181,-0.08343585128056741,3.5229046474335117,3.1789750239135346,0.2026052685689519,0.780398676632705
-1.9597044226386864,0.8338021301628183,1.0722063879010753,-0.13164223674909836,-0.5850075720426057,-2.5799988459552576,-0.9257195418660873,0.6198041299044792
0.6687504795872248,6.199948381518076,-0.24486430934416292,-0.7040981010079483,2.223667043152982,5.228236012513308,-0.7749659112890526,-1.1264504466476235
4.063551986888415,0.7158663698331322,-0.5112317424866664,-0.975520843536511,0.6557182250313816,-0.07323304421635723,0.5492768013878215,-0.5478970624118875
-3.1284440839162047,2.0958130236670214,1.0067992430866122,-0.4936119256815944,0.6168947607587995,-1.2269530726727305,-0.9736591699881912,1.745233689175791
2.2030283936830664,5.2948240104801405,-0.4015077906596144,-0.5528312364795696,3.0017157245084123,1.7927291544397466,0.46479390089461203,-0.760881943011158
-10.021241064337799,-21.75113826506731,1.4826681439650535,4.971024179973087,-8.395155395052814,-3.1973944294153984,-0.11771059313859156,1.454149330369083
2.8978026466787523,-2.385978751231988,0.010975149850649624,-0.16325242513049987,1.8523692512167211,4.381990047449899,3.7040828106646053,1.7433827254129464
-2.0237678495253526,2.2497904296633475,-0.31543903599402456,-0.11325747531733121,0.4821568585204036,-0.3335197879170023,-0.9655918579660712,-0.1979117544698607
0.8159398546413485,-1.464322734661103,-0.49999315143765455,0.08908907228006813,-0.5135870001712236,0.46965365292597394,-0.2764641774108064,-0.9759445490173425
5.115895539919315,-3.352330801143555,-0.6575344096317679,0.18305114738700778,-0.41046183562514915,0.9197773891231222,2.1771553238874417,-1.2664255874087198
3.37325569211742,4.477680997564338,-0.7794433541252632,-0.824309441619942,1.2329480377583228,-0.6689598305467227,-0.9912969551577818,-1.4703363383904335
1.4862804700972467,1.0324490541106501,-0.9893668950891035,-0.34981931202678307,0.920590782925009,-0.35652231820966873,0.06488257724143764,-1.3438527636911108
1.5080991868931153,2.877418869920172,-0.6894269222511009,-0.9167228151248679,1.0733941241459748,-1.1405622023272477,-0.5676241484230651,-0.9829146550837452
0.2692929800342754,3.8423981444022135,-0.9817157459922201,-0.9986190491537962,1.2627977897473972,3.6133566632056664,-0.7094631997426063,-0.6024561587140489
2.3773385716962876,5.390898753834286,-0.7497042598368344,-0.2730786199253247,3.5153573882593774,3.4196493352268953,0.35604122687511075,-1.6637532048122166
-10.284661817254909,-13.289560523019812,2.30664526461572,2.9858206512322703,-5.644984253505723,-2.6631407639150932,-0.3739298182541385,3.3948983607795027
0.3642280316235582,-0.23775545755606722,1.4732477310111292,-0.35830864392653927,-0.04456044223106548,0.5980644975820815,-0.14903036855424934,1.91298214491039
-1.2489314763305979,4.304675422844276,1.4041140991010264,-0.9263965322847365,1.0889689431009826,-0.7302301690451855,-0.9998119420510095,1.1111484232554445
1.8167670974189642,2.1247170535220956,-0.5996217362700865,-0.6539313338656788,0.7036594384806305,-0.9851068054529684,-0.21769513416303288,-1.4309670737880866
-3.1483455098198734,2.96227547865142,1.9834778606593249,-0.7966867192743402,0.5705331261574654,-1.3973174848362948,-0.9201582116105397,2.516965496201383
-0.43638681919152067,-0.31835022227059456,0.14922884991570284,0.2929728988285383,-1.1892852498776068,-1.2764309309256434,-0.3421578312809498,-0.09578629974071468
3.091555103264855,2.0168514120820435,-0.9550842420152599,-0.6168275621529975,0.08271481373949441,-1.61553457005083,-0.9103227588060367,-1.9833397326715136
1.7546186443739655,-2.581125632325367,-0.7376396966444823,0.03888188098679457,-0.794821297832359,-1.2228298221412601,0.10060231638289108,-1.3017692410494117
-1.8170334333817495,3.1129814372661047,0.0812846487754566,-0.4468581186317442,0.8307061825411463,-0.3861649360175954,-0.8107144030749425,0.31938620245066607
-1.021811333702789,-0.3673682146016517,-0.822786445618467,0.03196323718981575,-0.46956685601752496,-1.7585810549581078,-0.9728362397977723,-0.795183528560751
2.651366948654168,-2.8574810017981243,-0.8813997942444862,-0.04203557569734284,-0.760135956091748,1.3769079274658818,0.7059218359186035,-1.2262370224310448
-2.6352017912671006,-6.166129156223566,0.4305970258061056,1.1997346736488432,-2.9714689829206637,-2.8811864345817195,-0.7556748821836095,0.6927375335566851
0.6416905539466322,2.4344614129328006,-0.9940328456508682,-0.6317606743788269,0.4201742753436184,-1.1320444959725595,-0.9918997944437822,-1.2667866489588213
2.433555247901112,-0.14658632525605375,-0.9647299918304428,-0.5740610957102632,0.08497006203306567,-0.3342398470013195,0.19575726628202794,-1.3304533174017328
-0.5255501807181184,0.5351989606669214,0.9500632776643796,-0.3519498214936331,-0.3984721822779983,-1.5633283013808932,-0.25407032357995296,0.45974118289365884
0.4010442481148092,1.6246408961007388,-0.6503758104083013,-0.2575414398826005,0.768416426163733,-0.39676976056757407,-0.055207926456512624,-0.5227712517747618
1.031786796637146,1.6853994462571715,1.6895583141062374,-0.7684373187440254,1.4969358264827832,0.6348190419650396,1.0535911621277,1.7351045695718748
-3.3855883465318177,1.7466943003406379,0.537710662516413,-0.19657375556857637,-0.41539435912748823,-1.354096363146347,-0.7975245786442626,1.1163443389440064
-0.922730174498634,-2.0325491262652413,0.1490112459940387,0.3330779863092823,-1.3640569858877027,-2.0602404959012848,-0.7168802480653087,0.3134785881468319
3.707105487272341,2.2354270163946324,-0.5721690715843193,-0.6996294867402626,1.2151912301681393,0.3507588944651207,0.3748502728038492,-1.6525530465497063
-0.610984626634453,-5.459169298141639,-0.8277186815599796,1.1499206649732017,-2.374127931886478,-1.9795272319429,-0.5470780018631436,-1.4073374753340315
-0.013444117602104289,-3.2417314768125642,-0.9223927813978074,0.7836728315321144,-1.7531151866135724,-2.312189983481923,-0.7058275957832154,-1.6606745883544152
0.22749965997258104,-5.13567518350004,0.43433300461636426,0.6517344132245033,-1.5501921246487278,-0.5091019525189019,0.6752292409809661,-0.15505773037635917
-0.9552143348269615,-0.4684155287221071,-0.8949493198076185,0.39381145581039045,-0.47338378184239005,-1.517709680680728,-0.5678741383558594,-1.2296621489579735
1.2518179035936172,4.1467565614231265,-0.7957155724220724,0.06601849448737163,2.2535232498985374,1.1742218021487956,-0.5833204510037198,-1.6739889893405513
4.730368754739169,-2.1800864614648043,-0.23248148076101094,-0.33642401368748454,0.28868250247117855,1.4156025893651485,1.9268507498783833,-1.1135221736366263
1.0107229350997304,5.599617929611292,-0.9605108232654795,0.10004114905801043,2.234869288446429,2.7314293109001104,-0.983265284599249,-1.9870497150125148
2.54773484317424,-9.068875747983018,0.07953778152025315,0.9209277216683813,-2.3373177530469893,-0.1931620908719609,2.003967160715225,-0.7080145268862
0.3167149935648417,1.7275739307794953,-0.9328065376598702,-0.43007354430110245,0.6212906469493008,-0.5497893905806672,-0.5965069547348827,-1.3088571583543576
2.4578231082610054,-1.4366492783967302,-0.795693185934776,-0.8172531109310007,0.4421823477374036,1.037764731033278,2.271565588526011,0.767036064665498
-2.17838828297639,-8.830602355829573,-0.9176784816669596,2.14783518252673,-3.6825382607876693,-1.2571952081925586,-0.8614790861376078,-1.7185426514612545
-4.584502315169528,-6.083020114069615,1.3365191126468998,1.5989871358650998,-2.2751432832643896,-1.220174269233075,-0.1420364702168232,2.303613800035528
-0.5765528564106717,0.7677721957804587,2.5860470738945525,-0.5504578805739759,0.11902094793442275,-0.6762812098295341,0.3419120781136942,2.309231237340436
2.2895069356231597,-0.49554982303757045,0.31489542010498317,-0.4994480613093035,0.11573697388235737,0.14902512543433627,0.3919603552167614,-0.2124726559884676
0.501246292719232,-1.528006125354133,0.1748303080400484,0.5714482546292907,-0.7059442859480604,-1.4552648827229462,-0.9040740238442343,0.8930764277061534
-1.1874722797908441,1.8617439137209004,-0.708810569054978,-0.41339129274747544,0.04618877308522362,-0.6980902987045783,-0.9092628572654867,-0.6798336916870571
-0.11351630312812855,-0.6466357270387804,0.12956968573177585,-0.3950206223814504,-0.3226471697567529,-1.7330317357594176,-0.03293508294161818,0.35732178531304604
-3.0482819207553873,1.6102855996027443,0.18319973050549354,-0.2102449906998921,0.582156037897374,-1.2402940567050023,-0.9042566055331206,0.6824784005336375
0.33170752638625434,1.8516363482926466,0.429909885522213,-0.7283483518307035,1.3843349938961804,0.09290958774149538,0.610930772460621,2.2995969733377635
0.05415991395256481,-2.4721133865682385,0.6039388542886386,-0.16814839957567262,-0.44086656010047875,0.5044378034017883,0.8785452517132732,0.800214107986709
-0.3629505852239781,7.273301414161845,0.6590567022267817,-0.7555203541145559,2.9218535380816024,0.6837283773949075,-0.8470202615759597,-0.06174595463115484
1.4464776738480416,2.1557427399639586,-0.9803959896746002,-0.5531307339675623,0.23787459753015217,-0.10343544453691506,0.46589240763226947,-0.647079857047407
-2.3197437003300725,2.091541804559103,0.17594803962268246,-0.6551367153644934,0.2088338097907282,-2.3515234634839133,-0.9501066524540102,0.5932693649519271
3.62505619657382,-0.47772025954396335,-0.022127811423779287,-0.9189398137355327,1.0229966646986624,1.7683031876376125,2.1395054634521626,0.5788609490211425
-1.8251745509236552,-6.514638098440938,1.0619547618277143,1.0990039219524932,-2.7869187621447162,-2.357732876096789,-0.2625307933496738,0.6273454878414719
2.421346373457241,0.5893703647345708,-0.8739294040541961,-0.5999658932091567,0.5867166358413332,0.2248828351882266,0.3170142961100657,-1.2805989351067126
2.1571752132158553,3.51735137920085,0.12311376915283101,-0.630679523114341,0.9922537805412156,-0.13737077809075982,0.30328039476986945,-0.7779604485452114
-5.537552306955544,-20.41963699553161,-0.3597854945975818,5.604078746793234,-7.096841073423537,-0.8511938394125239,0.0711493428939225,-1.0844681520362656
0.2734732468521317,4.852266509968448,-0.3443102658250903,-0.09530870414693249,1.6786155097483861,0.9299868955324836,-0.10814700113838316,-0.8368126310603284
1.6366913297183452,4.476025374438249,-0.8373479805576817,-0.9457410902062716,1.4118130774121722,3.954433033000506,-0.971490382043206,-1.561232195625023
0.7119235807504996,3.857382049219842,0.4429900066983359,-0.4308920688697254,-0.22659027493421668,1.1984067790834487,1.0097323559311504,1.1060051851485282
1.6469267887137735,1.464981230771059,-0.2907642909149917,-0.5793791317784835,0.7180628290231313,-1.0277980052902647,-0.07746910622669989,-0.9134782330587607
-6.574392869595231,1.9463569734033608,-0.8908864224673642,-0.34194601550881265,0.7473515265949812,-0.9280587388973998,-0.7135658029910668,2.2579577984943624
-6.506776744067688,8.59308538170276,6.470674843099635,-0.789279436594575,2.1785423480367463,1.8306240822235993,-0.5771002391621992,7.165912152895514
0.33417319070495477,7.032241116321682,-0.06488752896631234,-0.8086853375791988,2.7936821821144457,1.1173142285068822,-0.5508681754195022,-0.37782855161829343
2.2477946636732913,4.708760643393914,-0.4882162702705808,-0.9033363418693999,1.0345654032346625,-0.6311913094141629,-0.9332522775587577,-1.514983738347617
-5.16098909580047,0.658399406111893,2.2609037639327636,0.29308816312256947,-1.4101729894341113,-2.518823625558909,-0.7912555065477522,2.547108715805738
0.20826224635934232,6.824157525031266,0.8666613736766431,-0.9703988284694007,2.4111308181194335,-0.6070790318522612,-0.9797276424971154,0.5111847360698798
-6.405791896086143,-4.273947930284979,0.5455731628745515,0.5494811462396911,-1.728751398573903,-1.844659323973306,-0.1050335218554953,3.279488440710283
2.332768771605482,3.792607067191729,-0.9279956467528618,-0.8241100535610766,1.4069147765129253,2.153320045819855,-0.46328452408478604,-1.4367886111826036
4.656901907986115,-7.098708746181723,0.12423251129827761,0.45229516473772313,-1.4642518028147982,0.9730281693284077,2.196809253011542,-0.7770292424229224
0.15070753899987532,-1.5196280433703426,1.1848847073978663,0.28770436483531414,-1.21015866628507,-1.978825110792053,-0.7287315941288055,0.5247928918973102
0.6822881261032991,1.7577726214844833,-0.3133007718054045,0.10976410776088552,1.2164441518591822,1.1674514965832827,-0.14241919144694404,-1.2944743327710972
-0.3260818010112094,4.172562565034562,0.4610188920335898,-0.9607398776283117,1.4197022272616224,-0.47169762803097115,-0.9309308607032978,-0.06692382583246248
0.8983829846717535,4.325698863023219,-0.674415436823484,-0.5610389140638266,1.7807631986331538,0.6175572894009015,-0.6397935403032675,-1.478278759449198
-3.612129092820598,-1.9584681817281857,-0.8503017288870554,0.06879391314549932,-0.6939623837701991,-1.2309913775948909,-0.053216136983847195,1.2704166440237619
4.437925081022017,1.1317207101806233,1.1643733969694212,-0.9786796552822773,1.277639859344121,5.9311106637613795,2.030193043590538,0.5867406810406143
5.249029889557965,-1.4116381828328644,-0.45413993437820166,-0.6200575389937204,0.8089677433148031,1.4335134552606312,2.2688125399877386,-0.5221419962358107
0.22311874483562444,4.846971963384161,-0.28460938901326904,-0.48362907966424007,1.5669777150690196,1.1562703106055872,-0.950159510446104,-0.8593515099476168
-2.205189440326447,-5.335374985285772,-0.639653360062796,1.1021039810567443,-2.217650632446008,-1.3489264670472472,-0.028038496239641053,-0.7023486120377289
2.0905924813222754,3.0031356142503163,-0.3079032707167122,-0.7320689333772888,1.002660875754123,-0.7052719909781026,-0.7472778659418919,-1.0333066767660604
5.106934346964975,2.4459080155616117,-0.6503299033609412,-0.7791835117769123,1.0555226485208464,1.122800847480074,1.0911329491163713,-1.7234704014264977
-0.9513535523029484,-11.627912756913819,-0.943325305040881,2.419710330348553,-4.117289018204481,-1.6986682810521148,0.3385938056521727,-1.9175661453448296
-0.3841789711077783,1.1429464819253252,0.9940324107357865,-0.5429053716678491,0.0055580627258349224,-2.007708109763018,-0.7647476876604566,0.6054971516084051
-1.8307897430458024,1.0106587398064706,-0.8127898892404795,-0.5407370944936687,0.32474039346101413,-0.7147663541422058,-0.5077346666970042,0.13573706923276418
-0.8642932269042873,-2.092492661277348,-0.6155865197976124,0.44161104556414066,-1.6915324322614644,-1.3560786176294322,-0.9921435772920242,-0.5662465630456895
-1.6460595928019983,-2.8106180113023105,0.9441702979611533,0.22864693551724846,-1.3454713133722556,-1.60666134802322,-0.48018155893727377,0.36491535028381583
3.210980041374957,6.39238641306541,0.0960869399056874,-0.4188895377658919,2.953185007566059,3.6082150315963624,-0.210191054428972,-0.3107028948773063
-0.1646141285423306,-1.5181508858191033,-0.1279345290322913,-0.03523294622965378,-0.8567784316435116,-1.6048734029953433,-0.35425132927015823,-0.7973397634287622
0.9376832031280411,1.4761530148775241,1.172490721051354,-0.592903102507517,0.999629290636825,0.028083728316804724,0.29966960043598756,0.4342786270672794
-0.15566885718507661,-1.5317390132287232,-0.8211523244443987,0.19458610763702078,-0.8928427370020586,-0.6823440343634668,-0.8523215283854109,-1.8380731996358999
2.3839593996562782,2.122777253589968,-0.33184478803879114,-0.8489329482125055,0.6482450901832669,-0.6025468223778915,0.7595571394135863,-0.18103702240736758
0.9409157921706303,7.871699694541283,-0.3705054311927777,-0.8487092577174192,1.9159739017052717,1.0694890997561508,-0.5271177729707467,-0.5750784606112685
-1.8444300360147214,0.9809208103599314,2.4932087515925927,-0.5596828228393882,0.107411939925801,-1.722632640876603,-0.5074986196674625,2.4688271373690864
-0.48595076469571463,6.0016773725595485,0.7261542250989992,-0.9820916157533508,2.525320927369801,0.6736566026825428,-0.6476218510483382,0.9157569987808728
1.2063115280078205,1.2952007908687118,-0.7794304627248863,-0.7385620446223917,0.6616155437787083,-0.7216555044923009,0.5089127792088628,-0.24766526180251602
-0.3290261394688174,-0.17212811345141876,-0.8327740765383007,-0.2571702754139503,-0.5169075474585891,-1.8571732760344322,-0.485622277678026,-0.37816822503342595
1.1272322882277708,3.806570083361197,-0.5368925011438395,-0.573106267732248,0.3120728944339356,0.9169777491252833,-0.6294066917169616,-1.511867270087642
-1.111332115917913,3.391553654397531,-0.7810026006718291,-0.8524688808212675,1.3882725418460877,0.5613374082630558,0.005295001219689066,0.4715290735541502
-7.722044765778811,-20.7167430140462,-0.5323366347246825,5.238665463290679,-9.290753559070433,-3.595673484327888,0.01531951313577773,-1.4701334992587833
-3.0297159355106755,-3.597299718257645,-0.8869598923228907,0.9606777942395661,-2.414224435458604,-2.5909124246919895,-0.6018166098768946,-0.787960590510725
4.019195986958888,0.09348302615646564,-0.10158232032790626,-0.6997766262163099,0.5408805863967844,0.0870631342976611,0.9227760332136763,-1.0174327345354994
-0.1353694565130783,-4.695606226711786,-0.7767538436951233,0.8399603284428521,-2.2275811226060163,-2.4334771740277845,-0.5196044322183508,-1.7134731313779776
0.9273294258165774,-5.039232344159246,-0.7558638131781467,1.5748795346435616,-1.7166781450603346,1.5911509378536506,0.2982888639688763,-0.5983932093744598
-4.84134509762542,-0.5925534061394853,3.01097298534929,0.3914778990912884,-0.9853831078556635,-1.0714073810925235,-0.6505412452380146,2.941912084323185
2.870239130489608,2.679335631778037,0.6926858457772898,-0.9434504904093334,1.3878294244586342,0.7577856340991691,0.521444307357529,0.1375224516156991
-3.8504004111414067,2.2132880819146066,1.1406711778523206,-0.1649954862607731,2.096976378528076,3.576808356660918,0.479656014523139,2.935166564685518
2.549134579737607,-0.4906014751802481,-0.9344165268133695,-0.262722388618272,-0.3311898386295668,-0.38384762257815797,0.26229837569379066,-1.9608391280845885
1.474152900258995,-0.5870173118264226,-0.6943334467283682,-0.23322160373145118,-0.4392226783035886,3.908005511413462,0.5984869139050395,-0.9409066084902865
0.8574278693389712,1.7083783316900667,-0.5320838252859846,-0.8804488233829045,0.6956183800803271,-1.0339662894621855,-0.14354182459652864,0.0939295588204282
0.4486975387203713,3.369539273663256,0.7493154811851401,0.2566573604624942,1.1251218118569217,0.5901983161975226,-0.795885580789016,0.7777620117322367
0.2117613021604685,-4.014191154695543,-0.05325329979311966,1.1350841363295605,-1.3818901725401203,-1.0243792926626094,-0.28760661329511983,-0.5662585171893701
2.714706427144353,8.1425210494338,-0.9937975060327658,-0.9135120496763335,3.7240081973163974,1.6229596043651762,-0.763198437456944,-2.1746084218361683
0.7272866807448324,1.158503105469235,-0.6632630215996913,-0.6832977787730549,0.23832212987338808,-1.0323236185064095,-0.04095358306613461,-0.6907910829321474
-1.6357808384769637,4.5536556176822955,0.6880420919316175,-0.9883224159464109,0.9177070614973255,-1.8784372017959168,-0.881656639834336,0.9235450863821949
-6.099105549739759,-4.820791795460209,4.675036140461937,0.738644370696949,-2.0538143020614497,-1.9675629345036043,-0.1568112604162839,5.455525874264062
-7.724521972685486,-14.796325742889486,-0.5771758267403764,3.811322726987763,-6.0918154736422885,-2.8380483623190003,-0.8425532439526673,-0.8999483052083728
1.510869231969071,2.8071689598036627,-0.37277330626200866,-0.9798691711691523,0.8436976701718554,-0.7084805460655004,-0.11245443915872488,-0.28986555035283323
4.168083521561028,-5.290499705196082,-0.06820688910787365,1.2870610303104129,-0.8257633520484609,3.7853408267417556,3.0978576167928678,-0.930848095442494
2.103852288327549,-0.19403969201826649,-0.37293101124454775,-0.4109360789884198,0.08065434605548627,-0.841136628998581,0.14785769698837603,-1.0038674463609027
-6.473896039772905,-6.01595081537476,0.6630263277636934,1.8932323708867842,-2.1123099482325514,-1.1911417256188384,-0.6329047409709738,1.9004834389086611
-6.178220850384158,-11.680888408957113,1.2139616251259073,2.7599658912137675,-5.17590714452961,-1.5229995391069475,-0.7275055324371634,0.5315146180283765
-0.5457337687525547,-3.908259807169737,-0.7892047155078812,0.6210958725826419,-1.9160088690493977,0.21339387306003904,-0.4591703371624062,0.9959584571970196
-0.03943093608879483,3.6686303390627373,-0.20740697690122323,-0.8654978161162554,1.5467064651557365,-0.16086354644194828,-0.28477097641217997,0.15762783266160424
1.7558072989428564,0.254945295232889,-0.8888118854609945,-0.20185901816463214,-0.2998957973191775,-0.9841132911937177,-0.07008903344192641,-1.6570457928930107
1.421249263619632,2.8357896568802277,-0.8245289935336296,-0.8110434343513514,0.4737673534600966,-2.0776104103062405,-0.7089750116416947,-1.3505034725958165
-7.245637546200408,-17.619891310379785,-0.3663211638851267,3.731700933223162,-6.8614156307577305,-3.011206950492887,0.003418672324385197,-0.2536204481722888
2.206288571514111,4.374197633502642,-0.6321644539707055,-0.3590244115005998,-4.0543417839877804e-05,-1.8910171806255045,-0.816981127375584,-1.6816845009577364
5.112742075072258,8.79065976193559,-0.9089162023856765,-0.7464865168176139,5.478488450022637,5.772878687571316,1.5995575775027833,-1.3724431104779495
2.2403769733004837,1.3681193804269445,-0.2509372929645701,-0.6431269937882798,1.0610411431045206,-0.28883498731221496,0.3109137957072201,-0.3630559978835592
-6.397859211999421,-10.442937829822071,0.34110486296765963,2.3731568072739075,-4.796552944451689,-2.829624509794698,-0.35199926621670097,1.0142433219517328
-0.06775122064769623,3.617201234459876,0.3083981554297437,-0.8847601037086769,0.7896143081115049,0.16505527669851458,0.1454891248020591,1.1309454785314357
-4.520112365293043,-0.2291259675256141,-0.6215293346098241,0.31281486059445185,-0.8071228900467552,-1.0699571782498478,-0.8304517627213538,1.0618049787189987
-0.3766899903351876,-7.960115708419203,-0.22734540149922677,1.2116507143548874,-2.730273537278925,-0.9965679083071719,0.9556407570570999,-0.5403784583170526
3.0395844471250255,-1.6195874865521818,-0.7779263937977154,-0.4804646596506744,0.18416140274997173,-0.00845184180445746,1.314548901015669,-0.048647673041930295
-0.3924669394565443,0.6310498688821431,-0.7377468988504814,0.09250349276983716,-0.9631369102747926,-2.1694712424343554,-0.784101916364697,-1.6007098861602727
-1.1587114447555746,1.031899252299567,-0.6113213012857703,-0.18665904652204834,-0.603410712543522,-1.9853457167199509,-0.9615668922063998,-0.9672191364088492
-2.1432818839513086,5.41603654660963,1.847463314585223,-0.38862579149614573,1.7190566502920097,0.46430451732515843,-0.5620163589678353,2.225140067436979
4.073568494017488,0.30691467028325753,-0.4635365612427308,-0.48728024851453267,0.17055882309667425,-1.2015035292211924,0.1070841740857682,-0.9933346717411656
5.766006503516489,-1.0862998154100039,-0.11776631862811782,-0.9299074179293892,1.2879715201009052,2.0449849225908565,2.5822933140317135,-0.270431894562718
-2.8157887875294385,1.7554685160500587,-0.2334264959784127,-0.6592282510834905,0.38991588790858933,-0.07410573102643137,-0.5927345507530469,1.0242849178725324
-0.5269862364848157,7.119221667397196,0.37728035070462274,-0.805533843285458,2.740944831142226,3.0606065472429522,-0.6011467324708788,0.4985675422040774
-3.3470235961081722,1.9501264826084546,1.9189312422209817,-0.3938110224462391,0.2945257799853652,0.9854338418129609,-0.8727085607479295,1.9772668300363225
-1.315413914835862,-5.147096183301782,-0.5757835940525207,0.40344457688146584,-1.5650053823482146,-1.0135939656170023,1.0186209502631685,0.4806253708387197
1.8167447454136747,-0.7605338452750217,0.31497502789149645,-0.7271235697580047,0.8951247330566917,3.632669566994932,2.116269572214689,1.7412485160632876
-0.3511775341035972,5.760443264802431,-0.5955453275152209,-0.6693474067086609,0.9655115705372944,-0.11309828287009982,-0.9278393259831484,-0.8961071756389309
-1.2186507558963193,1.879504292708813,1.0668938065278182,-0.6072778291648082,0.09304334868004571,-1.413959599071397,-0.9052406344610856,0.9319814892584526
-2.9043873612403415,0.3035594120390157,-0.8505151197698231,0.5666354818785195,-0.38528092046603957,-0.707070742398353,-0.6959686728721806,-0.37420525642901503
0.10748968852172625,-7.38570019768337,-0.8546190095962134,0.9939490416780348,-1.9971192640649413,-0.364468148393414,1.2283165599206032,0.63437689162738
9.04871634472492,-3.750867418131597,-0.25054241475309313,-0.8504033085219905,0.5686313113934494,3.012372702747165,3.809111906475442,-0.7549226547627967
-1.2523062882320004,-3.1338290081932687,-0.9145453168681488,1.3380861048385766,-0.7037529818466539,-0.5363050642850616,-0.5647329587836907,-1.5113112153602708
-1.132047041297192,-3.143119508884704,-0.6767993499022065,0.5362925787667348,-0.5812133798517987,-0.509046910328711,0.3978327915277369,-0.0744954296370921
2.2325599069550472,3.0597668119346983,-0.21900117419487175,-0.904142822472123,1.4239632412969772,1.7515962320544802,-0.10548763452223642,-0.5810302724836027
0.48647140291426805,-1.2724831488235375,-0.6965845350533904,0.10613745417864817,-1.1360302005434861,-2.4039877820735627,-0.7568493657642686,-1.1302773595317948
-2.5266153916751053,6.198904581516186,1.6446255828682377,-0.10441061539586916,2.2076843114912177,3.151494799157745,-0.2068526388542965,2.0366522482731737
5.24483514848245,-2.1009118947686387,-0.2173579301340366,-0.25622862978827954,-0.09323490135939871,0.5742090868145178,1.9109079691903172,-1.120434813695789
2.1714964002055925,1.1966851773307186,-0.3531199404474029,-0.9188630354651515,0.9288285235541802,-0.4597193388822864,0.43156568101385506,-0.5662180478530436
1.7478245855878745,-3.357079218339873,-0.2554308805024784,0.0437240070308198,-1.0191139967609868,-1.2605008593915297,0.5023560736237012,-1.212714427792057
1.6775716497156246,0.5968171471056768,0.26840995928918177,-0.2221942962984066,-0.3237219092042521,-0.6827433119165499,0.3695056847360443,-0.5940123623552964
-0.6489864580173931,9.938678547637714,-0.6389097598534685,-0.6861475806289996,1.9588165867908427,1.2570692704102495,-0.8491000489653363,-0.3119494942119849
0.4948660855668022,3.8037938508555977,0.4106791756023602,-0.40519441422095015,1.4653797204762982,2.0350401840158527,-0.2889921321709198,0.31037187340053435
-0.9001210098137551,-2.9932501803591833,1.5497391655298944,0.4694101795096737,-1.68941462211672,-1.2730640622129767,0.163007723060405,0.8853799320683448
2.1462968291055384,3.4978992895171235,1.041063375534503,-0.9529184158796453,1.0773132057022257,-0.18004347307652196,-0.24718261939330288,1.0479833711599853
-0.5451890495596563,3.946646917122929,-0.2770219003473007,-0.45284418609985144,0.9725911212590197,-1.4019730842223912,-0.9892394743883846,-0.39270197766581094
0.04135170971047186,-2.070553949165,-0.7564680957030724,0.838930224441778,-1.7376822659408715,-2.4654813561592963,-0.9061471384516295,-1.7027265247548944
9.954307348758665,-1.913892694346582,-0.6721210972311897,-0.43927344668543333,-0.02088439006932097,1.38791554933876,1.3459107135131254,-1.6021360169789176
1.3611513701092914,-5.3875813198919875,0.6082998151517072,0.9582544845962644,-1.641091344025786,-0.5714908108243011,0.41807279637111194,-0.18026526199595694
4.901667630375018,1.7306030197633817,-0.07555930751295825,-0.8209019832468888,1.0108834335685577,0.7786630931167973,0.35464721935521526,-0.5369531898652182
1.4564786124824858,-3.1578552243053495,-0.6050803103729699,0.47530428186161666,-1.085141728863201,0.1196035172285933,1.1593711269869273,-0.7314183489785012
-6.62621049904585,-9.940752415392225,-0.968124312744599,1.7770983191782057,-3.777592900472674,-1.634251274297743,0.21269541645925316,1.2103131953382489
5.95642512703936,0.6444408118432063,0.9694949725915476,-0.8472692429759412,0.9193955937351987,2.483337829673535,2.7882649240402766,0.4266220313096396
1.1243170291852072,-5.043644766615651,-0.8341321260526061,0.7634636759250082,-0.9032394833130593,0.8812305725731289,1.35306228188132,-1.0100872560499143
0.46148415053508596,2.3334213412993905,-0.4022440454934778,-0.6971759389961488,0.8097821149594255,-1.1545963736422364,-0.6828170115689294,-0.9684242249707311
0.4301938236907712,5.859954692466206,-0.6858332940635061,-0.8776091155539343,1.381484733635789,-0.7238931863750739,-0.5873339187765216,-0.8975131076494671
0.1416640464054093,3.651214376421043,-0.5802546466590841,-0.8966740416266051,0.925009198088706,-1.232203734932676,-0.2559204992128684,-0.34789374105017046
2.937613175056031,5.340332820439043,-0.9191844492490746,-0.4808156351165549,1.358222524420034,0.3252963032978037,-0.6915325463992192,-1.6276314007108224
8.256020395780784,0.9017603414034714,-0.6668778706148886,-0.9854171812831031,0.7498251391405585,-0.3558062052245805,0.9562512207543725,-1.713951148209198
-2.7251518734979903,3.8904199377648743,1.5053915441625305,-0.7185743652350294,1.3649219938299832,-1.0269636762939445,-0.8070592328801498,2.320684683537386
1.4273650354531378,1.4414257726786728,-0.39561707406563806,-0.4779592043620754,-0.015101526433351053,-1.1247428426648836,-0.10907763330322551,-0.7416178968685787
-0.82078690465783,-0.20720747030113312,-0.4158294299899139,-0.41382733533455285,-0.0310083118282507,-0.6157916131626884,0.36733929402936205,0.803492483257273
5.325693533331323,4.866017728957746,-0.11307739281326201,-0.768334563469037,2.430046828636616,0.8455348890001113,-0.10634914720680722,-0.9293563723414875
1.4126034464787285,2.3726148965817746,-0.563952658806625,-0.6174840531497794,0.5366539914566774,-0.10902678494584572,-0.7050137879688652,-1.538795074932174
3.5116735577656977,2.574715247646248,-0.6042386035612708,-0.7981556760368934,0.8948846305604911,-0.9936262892411369,-0.31452364169816294,-1.5461021179142405
-5.321912787830268,3.257448937291306,-0.9803701484883284,-0.7213131390133494,1.2166024836692502,0.6431433662988655,-0.8462121463474519,1.8904757191908057
-3.680220369181197,-0.759262892713122,0.566161468318576,0.19769211442205248,-0.16682533168384822,-0.2965929946043594,-0.2700699344655375,1.5128814542590807
1.6915856412260175,2.392407483244519,0.21163207131067874,-0.4652307303249865,0.7713694282445265,-0.15416301532322954,-0.19100830833967108,-0.44062936470706693
1.0001679632523812,-2.4477199748651532,-0.49259357443729823,0.3655174494623894,-0.8144730214926068,-0.7010013579168857,-0.3040326393135253,-1.2269864914241722
0.0410495029000654,1.2207657691918763,-0.017224893749064774,-0.7234548791914612,0.2082773508034389,-1.5959756955817872,-0.2108813726844071,-0.03467462750138218
1.8445738673897367,3.3526816782128623,-0.4916890613195054,-0.9727487673369781,0.7796286123645283,-1.11843179161179,-0.7180104477778572,-1.0306841152036645
6.778088853281417,-4.558848480423027,-0.8772787490591976,-0.22870146412723347,-0.3054435665041705,2.305486152066589,2.3772130710651482,-1.7242373721719342
1.3584876233093792,0.041312964589276135,-0.8435602657786887,0.2577418533090041,0.3781970841224651,1.0664505597884313,0.29239832914383035,-1.6236079793118554
-1.598943947316311,8.622742031591844,2.3393521312566823,-0.9000403479761708,3.0318978271288195,0.9640663754199481,-0.030126769719719726,3.889746844383984
-0.9185855060219577,0.3649786235531027,0.2680455303234084,0.13168736223243016,-0.5692118996332148,-0.8443645841354643,0.08426159295787428,0.43785291441212715
-1.2814182508652705,2.662817118397484,-0.5530343618557965,-0.8773806829543535,0.9162340731042611,-1.5864449862624141,-0.5222834759744337,0.41831066333470057
-0.1620765578279575,3.4092899359765645,0.41722322463478556,-0.6410485611328073,3.276310786946385,3.355495889172399,1.5828744774896322,2.152899682413949
-1.5381479004224372,1.834837890606057,-0.2749566123344338,-0.1845511479956209,0.010799122220289725,-1.837442692197241,-0.8472118481405426,-0.26289968937752983
-1.6945478783296932,7.989324047952955,0.5430414192802739,-0.8986042786536002,1.7247932040413716,-0.644985091274468,-0.957314697802738,0.6420783789123544
2.0257041603153887,-1.3376771575725224,0.0975803798558934,-0.02461959855968765,-0.13686657803700403,-1.0242807168243027,0.1119372347809573,-0.7229899456835321
2.1643231386532458,-0.38025254801430786,0.4100277175150062,-0.23910602820790894,-0.14921200097791298,1.1868346870365534,-0.12920397464863143,0.21578325054342112
2.274085504627851,-1.006419862417692,-0.9942584996294349,0.07211016320909569,-0.5557067894292081,-1.6265554938103466,-0.6043431834324355,-1.8361112246400597
-0.291493474422337,-0.875743206386943,3.3056998101645894,-0.9198647347214588,1.5603704819142195,3.6529978832566146,2.962830412031903,5.462282864838337
4.225507425045095,5.325622972939423,-0.9524491026654179,-0.7090317445456753,2.526568438784717,1.1056523221527308,0.24588965034463173,-1.8200316595140533
-0.5330830624280867,-4.009635419377411,-0.5010030630334243,0.6460444022417016,-1.5023360756501747,-0.6952218853924621,-0.2768012508740838,-1.1973546830426218
0.06705507679945366,2.243922786515049,-0.8677844651527274,-0.9762288974184647,1.1413314709376845,-0.06478689069461852,0.56692824354443,0.5029984110608936
-7.524425666687777,-4.48641147669063,-0.7837776299214527,0.7414238360078629,-2.175365642769498,-2.0588348537663395,-0.8231243119044032,1.9519677091475849
-1.5149515497844936,-2.9652705052865946,-0.4741412358084255,0.304794391858336,-1.3771075512228703,0.2170256603325479,-0.5829910034351196,-0.5741929560158848
0.3479347393892469,2.29401184622789,-0.5594853497572321,-0.9029670567664174,0.5077211233434548,-1.1870429885114073,-0.7773096401447936,-0.8459253692339936
-1.42774937079789,2.1001914957926258,1.889951067411244,-0.8325093640612846,0.5166015972945628,-2.0322059288394736,-0.7646470148921112,1.6143014172450623
-0.6068217558652955,-1.801452921198004,-0.5135094654048543,0.502709660858254,-0.3455708404108042,1.9644389690274768,0.5094615259674429,-0.152441006825636
-2.5562921675076797,1.8019344756887068,2.008085621637801,-0.339726765415873,0.8709547994610833,0.43130597999061493,-0.36748863135149346,2.109735404682049
0.09099342591453208,2.4627470445032937,-0.12693029125410216,-0.45151963558246655,1.23972952803095,1.4730691996985215,-0.17956241939002282,-0.39151959610775233
0.5123720597270658,1.4493401919184423,-0.5016443849043574,-0.6888272235116357,0.17257898898352586,0.060123800421225004,-0.6283509165095424,-0.9343054902950884
1.0079100699435988,2.4921441323828413,-0.08588382310296316,-0.42781607548844724,0.7999412099474142,-1.226071892201208,-0.8681706376028747,-0.45985733772543935
0.9026998620098032,3.282639729317784,-0.1345437334250541,-0.5562635033076223,0.2368484982080863,-1.6653900783060576,-0.6982167735349146,-0.8303672238811854
-5.926561433620295,2.0020838158258294,-0.701730363796375,-0.4713219389104738,0.4160356220256983,-0.34713220953206897,-0.6876233419245039,2.3552277714306196
-1.9039642969998956,-1.460591265932247,-0.7087288052462286,0.7766955570714025,-0.13397800077755573,-0.22872789076861455,-0.0582225657378157,-0.5220039355054239
-4.800611275469328,3.090503402986907,1.2932186330584177,-0.9652201370810184,1.4145328393330712,-0.08445625996253575,0.3025747640031331,4.627245414572594
-2.4943263665099855,-11.870867347423822,-0.9203792012873938,1.1869435653932663,-2.8453313658669033,1.0108758296224358,3.1769851239227354,2.403364997824114
3.814582677440537,-0.32377173863057607,-0.27675751964386464,-0.661914596526869,0.5887136703851036,1.968555900210708,1.2324821014312,-0.8677967704223495
6.353018401460662,1.428229412239685,2.052975798364769,-0.6681023040413102,3.214145870743323,7.516289117742185,3.5675263929607146,2.1365103241615864
0.07238096876808231,1.0021689558048164,-0.618285216981612,0.13166956909081518,1.0647152786435803,0.8505152977085253,0.5450165883408509,-0.21550882694674445
-3.9492493111125055,-2.282412670426081,0.6816243884377089,0.9628808483529836,-1.0471554350630337,-1.135410071466168,-0.9889011481025846,0.22968368698606123
-4.264605681598093,-0.3809156524958728,-0.6283491182288258,-0.18276450608422068,-0.5621338818926586,-1.2678359487009099,-0.8842449789848421,0.803207641477185
1.602128938547768,1.2419712828208427,2.1252401052402834,-0.7235168975693781,0.3664320123930458,-1.1501644821812822,-0.09311615893839931,2.2009379581387236
1.9767300039596067,3.7622432254256037,-0.8498524044380056,-0.8907731808992128,0.579289821975108,-0.9949365919120454,-0.30708979925778035,-1.5770345865984001
0.5752349760312816,1.5624760943304212,-0.47023229143371426,-0.4599144116567926,-0.09589694089937117,-2.0643012759513715,-0.7509310447263731,-1.0281089128358871
2.2826599833872994,2.573896223571626,-0.28064799661814577,-0.9227749346108715,0.5434642525480582,-0.7758369494531603,-0.7402394029985513,-1.2600736496215335
-0.45233529522458016,0.6499626519137949,0.3680419960401591,0.9049941004011126,-0.6619987955899189,1.1522045547639352,0.3508298958757128,-0.19365107711650636
-5.682228308280655,3.7985758359664876,-0.14240481396510984,-0.6530177255108933,1.2755611675075118,-0.47504811968983773,-0.5561816195050034,2.881726817911107
1.218815079504018,2.152841844360692,0.5352335075435388,0.2925251777758584,0.06624131055911431,0.1901145761827323,0.3835426955137602,0.18020092511132224
2.3129871190213995,-3.9501701812619654,-0.8469227609511805,0.6366145374975842,-1.3892034184270297,-1.0742996906973754,0.24315287601921787,-1.5463013774618213
-1.6315693174684278,-1.2736442604784415,0.5954774485315641,-0.14178078411528483,-0.7612370702286704,-2.280799068121957,-0.4868434050044792,0.6178020661864039
-2.70510854284442,-2.362028292877994,1.4587809397891704,0.32330410959815525,-0.9180595990366827,-0.9091976606829757,-0.2193295278399774,1.6142011778341674
-0.054165293683948734,0.5846885973673308,0.4343231656478288,-0.16549331121505118,-0.6615449388501317,-0.3333083484232924,-0.6225859509028913,-0.35333538118648344
1.5550029517280397,3.9252846248395,-0.6148055453483023,-0.5749154125927889,1.879510750699131,0.23996530134889257,-0.049161417793394446,-0.6678666166427265
4.081486925053801,-5.908980013564246,-0.7722310177919987,0.25974868409518415,-1.3994491757417629,-0.012668600267219166,1.6247321293404768,-1.8096842544620106
1.8288591056167793,-1.3216198675554593,-0.6827950822136579,0.16773007857482036,-0.9014093879123168,0.9210376459509877,0.501043892755112,-1.5935515339404702
3.675466424525711,4.256898321071712,-0.8721531417412111,-0.8471706794027838,2.215147807738136,1.8500850829578304,0.001334921815616008,-1.9912101359813865
-2.004094002481983,-0.5081734715203263,0.09415841682887294,0.4182608263028962,-0.16700241822290451,0.978311641218828,0.38630582891233267,0.6480666448045898
-0.4782038574002101,3.2542126014458743,-0.20226838843121941,-0.5502837596320613,1.6312724863774715,-0.4643344414225968,-0.4549798833807278,0.016305743612275242
-1.9388682971739202,-6.089748047627414,-0.20115650633643944,1.6824286213707391,-2.7932340663928477,-1.0664068619663882,-0.4603228701275899,-0.8074338040098277
-3.4749719911145496,-4.6730456367222875,-0.0316241883138626,0.849007276307264,-2.188839690969953,-2.5774061205510805,-0.8502005471239775,0.04546742990548573
-4.408951485869062,2.783793797444583,1.2912366026720905,-0.2776723108583167,0.9833583060013695,0.5852690385640725,-0.5139848336267524,2.7829566176770006
2.1367257276045644,1.724336537818798,-0.931680586204928,-0.06373235871015626,1.0771185400176493,0.025982288565143397,-0.20967435127094924,-1.9339025938092425
2.2622335469826584,7.587273904479857,-0.49056064379010444,-0.8583307930691255,2.422840783516077,-0.17464740000838075,-0.5710720402299756,-1.1152380018815635
1.1904429336341567,3.3277071055852727,-0.7524573713313779,-0.32567002684378477,1.1572770623001696,-0.4258103569121192,-0.9349310294781101,-1.7958682226464486
0.044005976892512066,4.625215403469504,0.24218415802255122,-0.4153590288526191,0.7595108905903406,-1.2936560727806405,-0.954362963808963,-0.6926011975791325
-0.5284863014750834,5.122303687277087,1.1239532534145562,-0.5398179328247534,2.173832328718787,0.7624096566872058,-0.6428546496147298,0.5260395237338205
-0.7099117824034373,2.792851783512015,-0.6610784400905839,-0.38603911414021963,1.2261630307880904,-0.643679215077698,-0.7629707630456961,-0.7938243608872146
-5.744930493451362,-15.008664057883898,-0.37274116364662335,3.1461606693448125,-6.151362523429861,-2.1803119699498965,-0.3801755038364808,-0.6555937162294642
3.6002097027528634,2.1385080511315913,-0.9519168620567015,-0.8494850991660137,0.7578678881424963,-0.6374763280484066,-0.08606241611284449,-1.6209013504126193
1.469398244666818,4.817510148020896,-0.36536431567611194,-0.9098960255513278,0.9334281862787888,-0.9562764925647966,-0.10860307187040086,-0.5533575475662789
-2.135679537481505,3.8074185188846417,-0.6301288735305051,-0.3996310508661647,1.6535190737778351,0.6647404836664358,-0.7911198187653874,0.12490629659786157
1.971016581646407,2.4966196640578477,-0.030146803409108358,-0.599263676817104,0.8167605582277467,1.9444763231550444,0.4979714169704179,-0.19926359266521956
1.2115672543158746,-3.6472019054448777,-0.33022519160934904,0.03697661819891973,-1.0074834902712078,1.635150976514668,1.3837538209044054,-0.008759946596498425
0.1587669086760617,2.2623451994714587,0.6136738642876742,-0.719211282266751,0.304436727506748,2.2225018141415203,-0.051300552022722656,0.37737099168787025
0.43866163358795474,-5.032177539271818,-0.44658470899379155,0.9376352850202296,-2.1830499230711373,-1.0400260295851071,-0.20195458382039488,-1.4927429918462765
-1.9088166444732633,-3.6300884608366752,-0.36301340208030064,0.6422784431159199,-1.8188987239789094,-1.8048780224983596,-0.786215585765907,-0.9045971098340666
-3.798171819489739,2.5969219946433997,0.8710126520228882,-0.7923090653943925,0.4914854940830282,-2.267453208296568,-0.9719140892993632,2.006733996651989
3.5873038718811974,1.6887225324020676,-0.4214271945372138,-0.8652742980704344,0.7515846252658764,-0.6962830006945475,0.34608841211068064,-0.591934947707742
-2.648934058461173,-2.0355176705246905,-0.011234400976874226,0.13235846194175083,-0.1399296077852162,0.850734589895998,1.5768460185922364,3.5418418110177585
5.681689560089385,1.5387474972814092,-0.7467690218956778,-0.966225245982313,1.8295094919148194,2.2989448968626878,2.0087275507716176,-0.9041119607039848
-2.205551384154696,8.490720343001218,0.42143590568548683,-0.6936941477621987,2.745185283893156,1.701920074777026,-0.9460280249225395,1.145861837868198
-0.9779677737235388,-5.726515987562733,0.03328900522094824,1.0089510196771583,-1.8739203139369993,-0.9360625849410719,0.11170993952737396,0.8465826878035121
0.6176601432452626,2.179205705074807,0.07336892319901178,-0.8632253088393389,0.8300496336715533,-1.2524673021451298,-0.3710485451007781,-0.14204720467770116
-0.2151773206531044,0.8169562059802801,0.1285756156470017,-0.13861832857011458,-0.2374834898590819,-1.8056539673436942,-0.9806312357867208,-0.19866878951635814
0.038277196797360996,-0.10815697697766302,-0.05827032154848322,-0.3766885654366793,-0.3315663023617259,-2.179762363730003,-0.4928168427991283,-0.07051622329161833
-3.835063049701712,-9.458086255747185,-0.9188698257498767,2.325549168620417,-4.470384389461228,-3.007600847849424,-0.7182412796106268,-0.34808069552131626
-0.24524863705255195,0.8111603713975143,-0.632817530976624,-0.5437675748809796,0.11991104718381485,-1.7076458794035232,-0.2554656472855946,-0.37066181910297324
-2.354967296708689,-3.751137907745042,1.0952606198363721,0.695745912470398,-2.024323063558646,-1.3147633963062395,0.12048378880255628,1.6342459342772009
-3.038672359946949,-5.8469138736902675,0.7521851230898327,1.359279184944166,-2.7833769562056334,0.25129104627883136,-0.2631070030824981,0.08090151375611754
1.8230507075082776,3.6164330283641157,0.7195762208143366,-0.8366018647498857,0.5286477702287612,-0.9620447975213284,-0.056049483176119685,0.38703130461730584
-2.8540357192941794,-0.9022767053389107,1.9341068357194415,-0.35030523591218243,-0.34896683367630255,-0.4253186399454224,-0.09229193682429027,2.5429810936253965
-1.4469080349836605,1.8728506859989937,-0.1614154787740193,-0.25525093463918913,0.3671808766305721,-0.7056346537854079,-0.9988200200711624,-0.5414900961524562
2.8947986561934043,-1.9611621384293818,-0.22268793547114696,-0.3580154510167324,1.0338253448435353,2.785381016473387,2.3915079158256636,1.2611860715006293
0.7868210248532947,-4.456000503675136,-0.3065534204310515,0.7457438273071826,-1.6591411051609999,0.5736564968526359,0.5588491090403869,-1.3097038767130011
2.814301945914792,2.8153310215537086,-0.932744689853268,-0.9490319047444619,0.5795588280651058,-1.5961857996621096,-0.9710597000614564,-1.7513843559103188
1.1419698477479285,2.881079507258461,-0.2639553167551839,-0.7304863956611585,0.6674977860649501,-0.9203543654972679,-0.7484563813180864,-1.2660947102009092
0.5919132777229424,2.9887555607314633,0.3279606685983356,-0.7885902889375538,0.3589403762221429,-1.8330738260283213,-0.734913662546022,-0.2545206501873863
1.5997379817220856,5.000473655182848,-0.6699869949786446,-0.9120638873583518,1.595131327825657,0.02617511403243422,-0.8826856921900449,-1.793550279378242
-8.263167739059453,6.15334916845729,1.2353148850671598,-0.7408195422041639,2.205552228062662,-0.3655610493834044,-0.9211604991042726,4.588389651424835
-0.22142288248465639,1.7926955914307734,0.005997668594923011,-0.6193997705599819,0.8606522692475115,0.08062642473709486,-0.30827194841554706,0.008193766221705777
-1.1064275906412773,2.145223264916789,0.19706696817850533,-0.6080558051385938,0.2645751919378607,1.5750296521038902,-0.883993859529359,0.11172314781070791
1.7895542796872925,5.627163037594004,-0.060334171241257506,-0.9688332834946758,3.178848565578618,1.6390364999821938,0.405516428668504,-0.17057859199954714
-0.6925470047350362,1.0777207211804185,0.7056147923117395,-0.27226033844708775,0.5148084357463849,0.2558884889475893,-0.30391016262624837,0.24181964907376008
